<?xml version="1.0" encoding="UTF-8"?>
<gpx xmlns:gpxdata="http://www.cluetrust.com/XML/GPXDATA/1/0" xmlns:xsi="http://www.w3.org/2001/XMLSchema-instance" xmlns="http://www.topografix.com/GPX/1/1" version="1.1" creator="http://ridewithgps.com/" xsi:schemaLocation="http://www.topografix.com/GPX/1/1 http://www.topografix.com/GPX/1/1/gpx.xsd http://www.cluetrust.com/XML/GPXDATA/1/0 http://www.cluetrust.com/Schemas/gpxdata10.xsd">
  <metadata>
    <name>Tallgrass 200 2026</name>
    <link href="https://ridewithgps.com/routes/49622953">
      <text>Tallgrass 200 2026</text>
    </link>
    <time>2025-02-03T22:21:36Z</time>
  </metadata>
  <trk>
    <name>Tallgrass 200 2026</name>
    <trkseg>
      <trkpt lat="36.11456" lon="-97.05989">
        <ele>274.0</ele>
      </trkpt>
      <trkpt lat="36.11455" lon="-97.0593">
        <ele>274.1</ele>
      </trkpt>
      <trkpt lat="36.11456" lon="-97.05862">
        <ele>273.7</ele>
      </trkpt>
      <trkpt lat="36.11383" lon="-97.05861">
        <ele>272.9</ele>
      </trkpt>
      <trkpt lat="36.1131" lon="-97.0586">
        <ele>272.3</ele>
      </trkpt>
      <trkpt lat="36.11237" lon="-97.05859">
        <ele>272.0</ele>
      </trkpt>
      <trkpt lat="36.11237" lon="-97.05798">
        <ele>272.5</ele>
      </trkpt>
      <trkpt lat="36.11237" lon="-97.05798">
        <ele>272.5</ele>
      </trkpt>
      <trkpt lat="36.11237" lon="-97.05724">
        <ele>272.7</ele>
      </trkpt>
      <trkpt lat="36.11237" lon="-97.05645">
        <ele>272.6</ele>
      </trkpt>
      <trkpt lat="36.11237" lon="-97.05566">
        <ele>271.5</ele>
      </trkpt>
      <trkpt lat="36.11238" lon="-97.05484">
        <ele>267.8</ele>
      </trkpt>
      <trkpt lat="36.11239" lon="-97.05402">
        <ele>266.0</ele>
      </trkpt>
      <trkpt lat="36.11239" lon="-97.05402">
        <ele>266.0</ele>
      </trkpt>
      <trkpt lat="36.11239" lon="-97.05402">
        <ele>266.0</ele>
      </trkpt>
      <trkpt lat="36.11239" lon="-97.05402">
        <ele>266.0</ele>
      </trkpt>
      <trkpt lat="36.11239" lon="-97.05346">
        <ele>264.5</ele>
      </trkpt>
      <trkpt lat="36.1124" lon="-97.0529">
        <ele>263.6</ele>
      </trkpt>
      <trkpt lat="36.11238" lon="-97.05266">
        <ele>263.2</ele>
      </trkpt>
      <trkpt lat="36.11232" lon="-97.05244">
        <ele>262.7</ele>
      </trkpt>
      <trkpt lat="36.11222" lon="-97.05228">
        <ele>262.0</ele>
      </trkpt>
      <trkpt lat="36.1121" lon="-97.05217">
        <ele>261.4</ele>
      </trkpt>
      <trkpt lat="36.11198" lon="-97.05204">
        <ele>261.9</ele>
      </trkpt>
      <trkpt lat="36.11192" lon="-97.05186">
        <ele>261.9</ele>
      </trkpt>
      <trkpt lat="36.11189" lon="-97.0517">
        <ele>261.9</ele>
      </trkpt>
      <trkpt lat="36.11188" lon="-97.0516">
        <ele>261.9</ele>
      </trkpt>
      <trkpt lat="36.11191" lon="-97.05161">
        <ele>261.8</ele>
      </trkpt>
      <trkpt lat="36.11196" lon="-97.05157">
        <ele>261.8</ele>
      </trkpt>
      <trkpt lat="36.11205" lon="-97.05157">
        <ele>261.8</ele>
      </trkpt>
      <trkpt lat="36.1121" lon="-97.05157">
        <ele>261.8</ele>
      </trkpt>
      <trkpt lat="36.1121" lon="-97.05157">
        <ele>261.8</ele>
      </trkpt>
      <trkpt lat="36.11243" lon="-97.05157">
        <ele>261.7</ele>
      </trkpt>
      <trkpt lat="36.11253" lon="-97.05156">
        <ele>261.7</ele>
      </trkpt>
      <trkpt lat="36.11254" lon="-97.05159">
        <ele>261.7</ele>
      </trkpt>
      <trkpt lat="36.11264" lon="-97.05164">
        <ele>261.7</ele>
      </trkpt>
      <trkpt lat="36.11266" lon="-97.05168">
        <ele>261.9</ele>
      </trkpt>
      <trkpt lat="36.11266" lon="-97.05182">
        <ele>262.2</ele>
      </trkpt>
      <trkpt lat="36.11265" lon="-97.05182">
        <ele>262.2</ele>
      </trkpt>
      <trkpt lat="36.11266" lon="-97.05182">
        <ele>262.2</ele>
      </trkpt>
      <trkpt lat="36.1127" lon="-97.052">
        <ele>260.7</ele>
      </trkpt>
      <trkpt lat="36.11269" lon="-97.05204">
        <ele>259.7</ele>
      </trkpt>
      <trkpt lat="36.11266" lon="-97.05204">
        <ele>259.3</ele>
      </trkpt>
      <trkpt lat="36.11256" lon="-97.05194">
        <ele>259.7</ele>
      </trkpt>
      <trkpt lat="36.1125" lon="-97.05186">
        <ele>259.9</ele>
      </trkpt>
      <trkpt lat="36.1124" lon="-97.05168">
        <ele>259.6</ele>
      </trkpt>
      <trkpt lat="36.11237" lon="-97.0516">
        <ele>259.5</ele>
      </trkpt>
      <trkpt lat="36.11228" lon="-97.05131">
        <ele>259.2</ele>
      </trkpt>
      <trkpt lat="36.1123" lon="-97.05117">
        <ele>259.0</ele>
      </trkpt>
      <trkpt lat="36.11233" lon="-97.05103">
        <ele>258.9</ele>
      </trkpt>
      <trkpt lat="36.11216" lon="-97.05045">
        <ele>262.4</ele>
      </trkpt>
      <trkpt lat="36.1121" lon="-97.0502">
        <ele>262.6</ele>
      </trkpt>
      <trkpt lat="36.1116" lon="-97.04962">
        <ele>262.9</ele>
      </trkpt>
      <trkpt lat="36.11145" lon="-97.04934">
        <ele>263.0</ele>
      </trkpt>
      <trkpt lat="36.11122" lon="-97.04881">
        <ele>263.2</ele>
      </trkpt>
      <trkpt lat="36.11089" lon="-97.04886">
        <ele>262.7</ele>
      </trkpt>
      <trkpt lat="36.11075" lon="-97.04869">
        <ele>262.6</ele>
      </trkpt>
      <trkpt lat="36.11024" lon="-97.04785">
        <ele>261.7</ele>
      </trkpt>
      <trkpt lat="36.1101" lon="-97.04763">
        <ele>262.0</ele>
      </trkpt>
      <trkpt lat="36.11011" lon="-97.04746">
        <ele>262.5</ele>
      </trkpt>
      <trkpt lat="36.11023" lon="-97.04736">
        <ele>262.6</ele>
      </trkpt>
      <trkpt lat="36.1104" lon="-97.04716">
        <ele>262.7</ele>
      </trkpt>
      <trkpt lat="36.11071" lon="-97.04665">
        <ele>262.5</ele>
      </trkpt>
      <trkpt lat="36.11075" lon="-97.04651">
        <ele>261.3</ele>
      </trkpt>
      <trkpt lat="36.11057" lon="-97.04615">
        <ele>259.1</ele>
      </trkpt>
      <trkpt lat="36.11046" lon="-97.04602">
        <ele>258.9</ele>
      </trkpt>
      <trkpt lat="36.11043" lon="-97.04577">
        <ele>260.8</ele>
      </trkpt>
      <trkpt lat="36.11022" lon="-97.04574">
        <ele>261.4</ele>
      </trkpt>
      <trkpt lat="36.11009" lon="-97.04567">
        <ele>262.0</ele>
      </trkpt>
      <trkpt lat="36.11001" lon="-97.04558">
        <ele>262.2</ele>
      </trkpt>
      <trkpt lat="36.10992" lon="-97.04525">
        <ele>262.3</ele>
      </trkpt>
      <trkpt lat="36.10983" lon="-97.04492">
        <ele>262.4</ele>
      </trkpt>
      <trkpt lat="36.10952" lon="-97.04497">
        <ele>262.8</ele>
      </trkpt>
      <trkpt lat="36.10936" lon="-97.04497">
        <ele>263.0</ele>
      </trkpt>
      <trkpt lat="36.1089" lon="-97.04496">
        <ele>263.6</ele>
      </trkpt>
      <trkpt lat="36.10874" lon="-97.04497">
        <ele>264.1</ele>
      </trkpt>
      <trkpt lat="36.10874" lon="-97.04425">
        <ele>262.9</ele>
      </trkpt>
      <trkpt lat="36.10873" lon="-97.04354">
        <ele>261.7</ele>
      </trkpt>
      <trkpt lat="36.10873" lon="-97.04301">
        <ele>260.8</ele>
      </trkpt>
      <trkpt lat="36.10874" lon="-97.04225">
        <ele>259.6</ele>
      </trkpt>
      <trkpt lat="36.1079" lon="-97.04226">
        <ele>262.1</ele>
      </trkpt>
      <trkpt lat="36.10708" lon="-97.04227">
        <ele>262.2</ele>
      </trkpt>
      <trkpt lat="36.10627" lon="-97.04227">
        <ele>262.2</ele>
      </trkpt>
      <trkpt lat="36.10617" lon="-97.04225">
        <ele>262.0</ele>
      </trkpt>
      <trkpt lat="36.10604" lon="-97.04219">
        <ele>262.1</ele>
      </trkpt>
      <trkpt lat="36.1058" lon="-97.04192">
        <ele>262.2</ele>
      </trkpt>
      <trkpt lat="36.10565" lon="-97.04158">
        <ele>261.3</ele>
      </trkpt>
      <trkpt lat="36.10554" lon="-97.04145">
        <ele>260.8</ele>
      </trkpt>
      <trkpt lat="36.10542" lon="-97.04135">
        <ele>260.4</ele>
      </trkpt>
      <trkpt lat="36.10528" lon="-97.04126">
        <ele>260.0</ele>
      </trkpt>
      <trkpt lat="36.10515" lon="-97.04122">
        <ele>259.9</ele>
      </trkpt>
      <trkpt lat="36.10475" lon="-97.04122">
        <ele>259.5</ele>
      </trkpt>
      <trkpt lat="36.10455" lon="-97.04122">
        <ele>259.5</ele>
      </trkpt>
      <trkpt lat="36.10439" lon="-97.04125">
        <ele>259.5</ele>
      </trkpt>
      <trkpt lat="36.10426" lon="-97.04121">
        <ele>259.6</ele>
      </trkpt>
      <trkpt lat="36.10412" lon="-97.04111">
        <ele>259.6</ele>
      </trkpt>
      <trkpt lat="36.10401" lon="-97.04099">
        <ele>259.6</ele>
      </trkpt>
      <trkpt lat="36.10361" lon="-97.04048">
        <ele>259.6</ele>
      </trkpt>
      <trkpt lat="36.10361" lon="-97.04042">
        <ele>259.7</ele>
      </trkpt>
      <trkpt lat="36.10363" lon="-97.04001">
        <ele>259.9</ele>
      </trkpt>
      <trkpt lat="36.10363" lon="-97.03895">
        <ele>260.1</ele>
      </trkpt>
      <trkpt lat="36.10363" lon="-97.03789">
        <ele>261.6</ele>
      </trkpt>
      <trkpt lat="36.10363" lon="-97.03697">
        <ele>262.6</ele>
      </trkpt>
      <trkpt lat="36.10362" lon="-97.03605">
        <ele>262.6</ele>
      </trkpt>
      <trkpt lat="36.10362" lon="-97.03513">
        <ele>262.1</ele>
      </trkpt>
      <trkpt lat="36.10362" lon="-97.03513">
        <ele>262.1</ele>
      </trkpt>
      <trkpt lat="36.1036" lon="-97.03432">
        <ele>263.4</ele>
      </trkpt>
      <trkpt lat="36.10359" lon="-97.03352">
        <ele>266.0</ele>
      </trkpt>
      <trkpt lat="36.10287" lon="-97.03352">
        <ele>265.1</ele>
      </trkpt>
      <trkpt lat="36.10215" lon="-97.03351">
        <ele>263.6</ele>
      </trkpt>
      <trkpt lat="36.10142" lon="-97.03351">
        <ele>261.7</ele>
      </trkpt>
      <trkpt lat="36.10143" lon="-97.03288">
        <ele>262.3</ele>
      </trkpt>
      <trkpt lat="36.10144" lon="-97.03224">
        <ele>263.1</ele>
      </trkpt>
      <trkpt lat="36.10145" lon="-97.03113">
        <ele>264.5</ele>
      </trkpt>
      <trkpt lat="36.10146" lon="-97.03002">
        <ele>266.5</ele>
      </trkpt>
      <trkpt lat="36.10147" lon="-97.02891">
        <ele>268.6</ele>
      </trkpt>
      <trkpt lat="36.10148" lon="-97.02781">
        <ele>271.2</ele>
      </trkpt>
      <trkpt lat="36.10149" lon="-97.0267">
        <ele>272.6</ele>
      </trkpt>
      <trkpt lat="36.1015" lon="-97.02559">
        <ele>272.8</ele>
      </trkpt>
      <trkpt lat="36.10151" lon="-97.02448">
        <ele>271.9</ele>
      </trkpt>
      <trkpt lat="36.10152" lon="-97.02344">
        <ele>273.9</ele>
      </trkpt>
      <trkpt lat="36.10153" lon="-97.0224">
        <ele>275.6</ele>
      </trkpt>
      <trkpt lat="36.10155" lon="-97.02137">
        <ele>276.3</ele>
      </trkpt>
      <trkpt lat="36.10156" lon="-97.02033">
        <ele>275.5</ele>
      </trkpt>
      <trkpt lat="36.10157" lon="-97.01929">
        <ele>275.5</ele>
      </trkpt>
      <trkpt lat="36.10159" lon="-97.01825">
        <ele>277.6</ele>
      </trkpt>
      <trkpt lat="36.1016" lon="-97.01721">
        <ele>276.9</ele>
      </trkpt>
      <trkpt lat="36.1016" lon="-97.01721">
        <ele>276.9</ele>
      </trkpt>
      <trkpt lat="36.10161" lon="-97.01634">
        <ele>273.7</ele>
      </trkpt>
      <trkpt lat="36.10161" lon="-97.01557">
        <ele>270.8</ele>
      </trkpt>
      <trkpt lat="36.10161" lon="-97.0148">
        <ele>268.4</ele>
      </trkpt>
      <trkpt lat="36.10161" lon="-97.01404">
        <ele>266.4</ele>
      </trkpt>
      <trkpt lat="36.10161" lon="-97.01328">
        <ele>264.0</ele>
      </trkpt>
      <trkpt lat="36.10162" lon="-97.01272">
        <ele>262.9</ele>
      </trkpt>
      <trkpt lat="36.10162" lon="-97.01216">
        <ele>262.6</ele>
      </trkpt>
      <trkpt lat="36.10162" lon="-97.01216">
        <ele>262.6</ele>
      </trkpt>
      <trkpt lat="36.10164" lon="-97.0113">
        <ele>261.9</ele>
      </trkpt>
      <trkpt lat="36.10165" lon="-97.01043">
        <ele>260.8</ele>
      </trkpt>
      <trkpt lat="36.10166" lon="-97.00957">
        <ele>260.6</ele>
      </trkpt>
      <trkpt lat="36.10166" lon="-97.009">
        <ele>260.5</ele>
      </trkpt>
      <trkpt lat="36.10166" lon="-97.0079">
        <ele>260.4</ele>
      </trkpt>
      <trkpt lat="36.10166" lon="-97.0068">
        <ele>261.6</ele>
      </trkpt>
      <trkpt lat="36.10166" lon="-97.00569">
        <ele>265.2</ele>
      </trkpt>
      <trkpt lat="36.10166" lon="-97.00569">
        <ele>265.2</ele>
      </trkpt>
      <trkpt lat="36.10167" lon="-97.00462">
        <ele>271.1</ele>
      </trkpt>
      <trkpt lat="36.10167" lon="-97.00354">
        <ele>274.4</ele>
      </trkpt>
      <trkpt lat="36.10168" lon="-97.00247">
        <ele>271.3</ele>
      </trkpt>
      <trkpt lat="36.10169" lon="-97.00163">
        <ele>268.2</ele>
      </trkpt>
      <trkpt lat="36.1017" lon="-97.00079">
        <ele>265.8</ele>
      </trkpt>
      <trkpt lat="36.10171" lon="-96.99995">
        <ele>263.6</ele>
      </trkpt>
      <trkpt lat="36.10173" lon="-96.99929">
        <ele>262.4</ele>
      </trkpt>
      <trkpt lat="36.10175" lon="-96.99862">
        <ele>266.5</ele>
      </trkpt>
      <trkpt lat="36.10175" lon="-96.99862">
        <ele>266.5</ele>
      </trkpt>
      <trkpt lat="36.10177" lon="-96.99765">
        <ele>270.2</ele>
      </trkpt>
      <trkpt lat="36.10178" lon="-96.99697">
        <ele>273.4</ele>
      </trkpt>
      <trkpt lat="36.1018" lon="-96.99605">
        <ele>276.4</ele>
      </trkpt>
      <trkpt lat="36.10179" lon="-96.99587">
        <ele>277.0</ele>
      </trkpt>
      <trkpt lat="36.10179" lon="-96.99509">
        <ele>280.5</ele>
      </trkpt>
      <trkpt lat="36.10179" lon="-96.99431">
        <ele>283.8</ele>
      </trkpt>
      <trkpt lat="36.10179" lon="-96.99353">
        <ele>282.6</ele>
      </trkpt>
      <trkpt lat="36.1018" lon="-96.99274">
        <ele>279.8</ele>
      </trkpt>
      <trkpt lat="36.10182" lon="-96.99195">
        <ele>278.8</ele>
      </trkpt>
      <trkpt lat="36.10181" lon="-96.99116">
        <ele>276.9</ele>
      </trkpt>
      <trkpt lat="36.1018" lon="-96.99036">
        <ele>274.2</ele>
      </trkpt>
      <trkpt lat="36.10182" lon="-96.99017">
        <ele>275.1</ele>
      </trkpt>
      <trkpt lat="36.10185" lon="-96.98953">
        <ele>279.8</ele>
      </trkpt>
      <trkpt lat="36.10185" lon="-96.98865">
        <ele>284.8</ele>
      </trkpt>
      <trkpt lat="36.10185" lon="-96.98777">
        <ele>287.0</ele>
      </trkpt>
      <trkpt lat="36.10184" lon="-96.98689">
        <ele>288.0</ele>
      </trkpt>
      <trkpt lat="36.10184" lon="-96.98601">
        <ele>287.4</ele>
      </trkpt>
      <trkpt lat="36.10185" lon="-96.98537">
        <ele>288.2</ele>
      </trkpt>
      <trkpt lat="36.10187" lon="-96.98474">
        <ele>288.6</ele>
      </trkpt>
      <trkpt lat="36.10187" lon="-96.98404">
        <ele>288.0</ele>
      </trkpt>
      <trkpt lat="36.10187" lon="-96.98333">
        <ele>286.0</ele>
      </trkpt>
      <trkpt lat="36.10188" lon="-96.98223">
        <ele>285.1</ele>
      </trkpt>
      <trkpt lat="36.1019" lon="-96.98112">
        <ele>283.7</ele>
      </trkpt>
      <trkpt lat="36.10192" lon="-96.98002">
        <ele>287.9</ele>
      </trkpt>
      <trkpt lat="36.10194" lon="-96.9793">
        <ele>288.8</ele>
      </trkpt>
      <trkpt lat="36.10199" lon="-96.97838">
        <ele>288.6</ele>
      </trkpt>
      <trkpt lat="36.102" lon="-96.97744">
        <ele>285.0</ele>
      </trkpt>
      <trkpt lat="36.10202" lon="-96.9765">
        <ele>279.2</ele>
      </trkpt>
      <trkpt lat="36.10203" lon="-96.97556">
        <ele>275.9</ele>
      </trkpt>
      <trkpt lat="36.10205" lon="-96.97454">
        <ele>274.2</ele>
      </trkpt>
      <trkpt lat="36.10208" lon="-96.97353">
        <ele>281.8</ele>
      </trkpt>
      <trkpt lat="36.1021" lon="-96.97252">
        <ele>283.8</ele>
      </trkpt>
      <trkpt lat="36.10212" lon="-96.97151">
        <ele>282.8</ele>
      </trkpt>
      <trkpt lat="36.10215" lon="-96.9705">
        <ele>275.9</ele>
      </trkpt>
      <trkpt lat="36.10217" lon="-96.96949">
        <ele>268.4</ele>
      </trkpt>
      <trkpt lat="36.10219" lon="-96.96848">
        <ele>265.8</ele>
      </trkpt>
      <trkpt lat="36.10222" lon="-96.96747">
        <ele>270.1</ele>
      </trkpt>
      <trkpt lat="36.10224" lon="-96.96646">
        <ele>275.1</ele>
      </trkpt>
      <trkpt lat="36.10226" lon="-96.96545">
        <ele>276.2</ele>
      </trkpt>
      <trkpt lat="36.10229" lon="-96.96444">
        <ele>272.0</ele>
      </trkpt>
      <trkpt lat="36.10231" lon="-96.96368">
        <ele>267.6</ele>
      </trkpt>
      <trkpt lat="36.10234" lon="-96.96293">
        <ele>270.9</ele>
      </trkpt>
      <trkpt lat="36.10234" lon="-96.962">
        <ele>281.0</ele>
      </trkpt>
      <trkpt lat="36.10232" lon="-96.9611">
        <ele>284.2</ele>
      </trkpt>
      <trkpt lat="36.10231" lon="-96.9602">
        <ele>286.0</ele>
      </trkpt>
      <trkpt lat="36.10229" lon="-96.9593">
        <ele>288.1</ele>
      </trkpt>
      <trkpt lat="36.10227" lon="-96.9584">
        <ele>291.6</ele>
      </trkpt>
      <trkpt lat="36.10225" lon="-96.95758">
        <ele>294.5</ele>
      </trkpt>
      <trkpt lat="36.10223" lon="-96.95676">
        <ele>296.0</ele>
      </trkpt>
      <trkpt lat="36.10222" lon="-96.95594">
        <ele>297.0</ele>
      </trkpt>
      <trkpt lat="36.1022" lon="-96.9552">
        <ele>296.9</ele>
      </trkpt>
      <trkpt lat="36.10218" lon="-96.95445">
        <ele>297.2</ele>
      </trkpt>
      <trkpt lat="36.10216" lon="-96.95371">
        <ele>297.3</ele>
      </trkpt>
      <trkpt lat="36.10214" lon="-96.95294">
        <ele>296.1</ele>
      </trkpt>
      <trkpt lat="36.10213" lon="-96.95216">
        <ele>289.6</ele>
      </trkpt>
      <trkpt lat="36.10211" lon="-96.95138">
        <ele>285.3</ele>
      </trkpt>
      <trkpt lat="36.10211" lon="-96.95138">
        <ele>285.3</ele>
      </trkpt>
      <trkpt lat="36.10209" lon="-96.95034">
        <ele>282.2</ele>
      </trkpt>
      <trkpt lat="36.10208" lon="-96.94931">
        <ele>282.3</ele>
      </trkpt>
      <trkpt lat="36.10207" lon="-96.94827">
        <ele>281.1</ele>
      </trkpt>
      <trkpt lat="36.10207" lon="-96.94724">
        <ele>279.9</ele>
      </trkpt>
      <trkpt lat="36.10205" lon="-96.9464">
        <ele>277.7</ele>
      </trkpt>
      <trkpt lat="36.10204" lon="-96.94557">
        <ele>273.2</ele>
      </trkpt>
      <trkpt lat="36.10202" lon="-96.94473">
        <ele>270.2</ele>
      </trkpt>
      <trkpt lat="36.10203" lon="-96.94406">
        <ele>269.7</ele>
      </trkpt>
      <trkpt lat="36.10203" lon="-96.94306">
        <ele>268.8</ele>
      </trkpt>
      <trkpt lat="36.10204" lon="-96.94206">
        <ele>266.9</ele>
      </trkpt>
      <trkpt lat="36.10205" lon="-96.94105">
        <ele>265.8</ele>
      </trkpt>
      <trkpt lat="36.10206" lon="-96.94037">
        <ele>264.4</ele>
      </trkpt>
      <trkpt lat="36.10208" lon="-96.93969">
        <ele>264.1</ele>
      </trkpt>
      <trkpt lat="36.10208" lon="-96.93951">
        <ele>264.0</ele>
      </trkpt>
      <trkpt lat="36.10208" lon="-96.93873">
        <ele>263.8</ele>
      </trkpt>
      <trkpt lat="36.10207" lon="-96.93794">
        <ele>264.1</ele>
      </trkpt>
      <trkpt lat="36.10209" lon="-96.93753">
        <ele>265.7</ele>
      </trkpt>
      <trkpt lat="36.1021" lon="-96.93651">
        <ele>268.4</ele>
      </trkpt>
      <trkpt lat="36.10211" lon="-96.93548">
        <ele>271.0</ele>
      </trkpt>
      <trkpt lat="36.10213" lon="-96.93446">
        <ele>272.9</ele>
      </trkpt>
      <trkpt lat="36.10214" lon="-96.93344">
        <ele>272.9</ele>
      </trkpt>
      <trkpt lat="36.10215" lon="-96.93242">
        <ele>273.1</ele>
      </trkpt>
      <trkpt lat="36.10216" lon="-96.93153">
        <ele>275.1</ele>
      </trkpt>
      <trkpt lat="36.10217" lon="-96.93064">
        <ele>277.6</ele>
      </trkpt>
      <trkpt lat="36.10218" lon="-96.92975">
        <ele>278.6</ele>
      </trkpt>
      <trkpt lat="36.10219" lon="-96.92885">
        <ele>279.4</ele>
      </trkpt>
      <trkpt lat="36.10219" lon="-96.92795">
        <ele>279.0</ele>
      </trkpt>
      <trkpt lat="36.1022" lon="-96.92705">
        <ele>278.9</ele>
      </trkpt>
      <trkpt lat="36.10221" lon="-96.92615">
        <ele>278.9</ele>
      </trkpt>
      <trkpt lat="36.10221" lon="-96.9253">
        <ele>278.3</ele>
      </trkpt>
      <trkpt lat="36.1022" lon="-96.92435">
        <ele>273.7</ele>
      </trkpt>
      <trkpt lat="36.10219" lon="-96.9234">
        <ele>271.4</ele>
      </trkpt>
      <trkpt lat="36.10219" lon="-96.92245">
        <ele>268.9</ele>
      </trkpt>
      <trkpt lat="36.10218" lon="-96.9215">
        <ele>270.5</ele>
      </trkpt>
      <trkpt lat="36.10218" lon="-96.9205">
        <ele>268.4</ele>
      </trkpt>
      <trkpt lat="36.10218" lon="-96.9195">
        <ele>270.8</ele>
      </trkpt>
      <trkpt lat="36.10219" lon="-96.91891">
        <ele>271.9</ele>
      </trkpt>
      <trkpt lat="36.1022" lon="-96.91832">
        <ele>272.6</ele>
      </trkpt>
      <trkpt lat="36.10216" lon="-96.91729">
        <ele>275.0</ele>
      </trkpt>
      <trkpt lat="36.10216" lon="-96.9163">
        <ele>277.4</ele>
      </trkpt>
      <trkpt lat="36.10215" lon="-96.91532">
        <ele>279.3</ele>
      </trkpt>
      <trkpt lat="36.10215" lon="-96.91433">
        <ele>280.4</ele>
      </trkpt>
      <trkpt lat="36.10215" lon="-96.91334">
        <ele>282.6</ele>
      </trkpt>
      <trkpt lat="36.10215" lon="-96.91235">
        <ele>283.9</ele>
      </trkpt>
      <trkpt lat="36.10215" lon="-96.91235">
        <ele>283.9</ele>
      </trkpt>
      <trkpt lat="36.10214" lon="-96.91132">
        <ele>286.3</ele>
      </trkpt>
      <trkpt lat="36.10213" lon="-96.9103">
        <ele>287.8</ele>
      </trkpt>
      <trkpt lat="36.10213" lon="-96.90927">
        <ele>289.8</ele>
      </trkpt>
      <trkpt lat="36.10212" lon="-96.90824">
        <ele>291.4</ele>
      </trkpt>
      <trkpt lat="36.10212" lon="-96.90728">
        <ele>294.0</ele>
      </trkpt>
      <trkpt lat="36.10212" lon="-96.90631">
        <ele>296.8</ele>
      </trkpt>
      <trkpt lat="36.10212" lon="-96.90535">
        <ele>299.1</ele>
      </trkpt>
      <trkpt lat="36.10212" lon="-96.90438">
        <ele>299.9</ele>
      </trkpt>
      <trkpt lat="36.10211" lon="-96.90334">
        <ele>299.0</ele>
      </trkpt>
      <trkpt lat="36.1021" lon="-96.90229">
        <ele>296.9</ele>
      </trkpt>
      <trkpt lat="36.1021" lon="-96.90124">
        <ele>294.7</ele>
      </trkpt>
      <trkpt lat="36.10209" lon="-96.9002">
        <ele>293.2</ele>
      </trkpt>
      <trkpt lat="36.10208" lon="-96.89915">
        <ele>291.7</ele>
      </trkpt>
      <trkpt lat="36.10207" lon="-96.89811">
        <ele>289.0</ele>
      </trkpt>
      <trkpt lat="36.10207" lon="-96.89706">
        <ele>288.4</ele>
      </trkpt>
      <trkpt lat="36.10206" lon="-96.89603">
        <ele>292.2</ele>
      </trkpt>
      <trkpt lat="36.10206" lon="-96.89499">
        <ele>292.7</ele>
      </trkpt>
      <trkpt lat="36.10204" lon="-96.89405">
        <ele>290.7</ele>
      </trkpt>
      <trkpt lat="36.10203" lon="-96.89312">
        <ele>288.8</ele>
      </trkpt>
      <trkpt lat="36.10201" lon="-96.89218">
        <ele>287.2</ele>
      </trkpt>
      <trkpt lat="36.102" lon="-96.89125">
        <ele>286.5</ele>
      </trkpt>
      <trkpt lat="36.10198" lon="-96.89031">
        <ele>284.4</ele>
      </trkpt>
      <trkpt lat="36.10195" lon="-96.88922">
        <ele>283.2</ele>
      </trkpt>
      <trkpt lat="36.10192" lon="-96.88812">
        <ele>283.2</ele>
      </trkpt>
      <trkpt lat="36.10189" lon="-96.88703">
        <ele>283.2</ele>
      </trkpt>
      <trkpt lat="36.10186" lon="-96.88593">
        <ele>283.9</ele>
      </trkpt>
      <trkpt lat="36.10183" lon="-96.88484">
        <ele>284.2</ele>
      </trkpt>
      <trkpt lat="36.1018" lon="-96.88375">
        <ele>284.3</ele>
      </trkpt>
      <trkpt lat="36.10177" lon="-96.88265">
        <ele>284.2</ele>
      </trkpt>
      <trkpt lat="36.10175" lon="-96.88181">
        <ele>283.0</ele>
      </trkpt>
      <trkpt lat="36.10173" lon="-96.88096">
        <ele>281.6</ele>
      </trkpt>
      <trkpt lat="36.10171" lon="-96.88011">
        <ele>280.0</ele>
      </trkpt>
      <trkpt lat="36.1017" lon="-96.87919">
        <ele>281.2</ele>
      </trkpt>
      <trkpt lat="36.1017" lon="-96.87826">
        <ele>282.9</ele>
      </trkpt>
      <trkpt lat="36.10169" lon="-96.87733">
        <ele>285.5</ele>
      </trkpt>
      <trkpt lat="36.10169" lon="-96.87653">
        <ele>286.2</ele>
      </trkpt>
      <trkpt lat="36.1017" lon="-96.87573">
        <ele>284.3</ele>
      </trkpt>
      <trkpt lat="36.10171" lon="-96.87493">
        <ele>281.9</ele>
      </trkpt>
      <trkpt lat="36.10171" lon="-96.87394">
        <ele>281.4</ele>
      </trkpt>
      <trkpt lat="36.10171" lon="-96.87296">
        <ele>282.4</ele>
      </trkpt>
      <trkpt lat="36.10171" lon="-96.87198">
        <ele>283.5</ele>
      </trkpt>
      <trkpt lat="36.10171" lon="-96.871">
        <ele>285.3</ele>
      </trkpt>
      <trkpt lat="36.10171" lon="-96.87002">
        <ele>283.0</ele>
      </trkpt>
      <trkpt lat="36.1017" lon="-96.86902">
        <ele>281.1</ele>
      </trkpt>
      <trkpt lat="36.1017" lon="-96.86802">
        <ele>279.0</ele>
      </trkpt>
      <trkpt lat="36.1017" lon="-96.86691">
        <ele>275.6</ele>
      </trkpt>
      <trkpt lat="36.1017" lon="-96.8658">
        <ele>272.8</ele>
      </trkpt>
      <trkpt lat="36.1017" lon="-96.86469">
        <ele>270.2</ele>
      </trkpt>
      <trkpt lat="36.1017" lon="-96.86359">
        <ele>267.5</ele>
      </trkpt>
      <trkpt lat="36.10169" lon="-96.86252">
        <ele>265.2</ele>
      </trkpt>
      <trkpt lat="36.10169" lon="-96.86146">
        <ele>263.3</ele>
      </trkpt>
      <trkpt lat="36.10169" lon="-96.86039">
        <ele>262.8</ele>
      </trkpt>
      <trkpt lat="36.10168" lon="-96.85933">
        <ele>263.6</ele>
      </trkpt>
      <trkpt lat="36.10168" lon="-96.85827">
        <ele>263.2</ele>
      </trkpt>
      <trkpt lat="36.10167" lon="-96.8572">
        <ele>260.5</ele>
      </trkpt>
      <trkpt lat="36.10167" lon="-96.85614">
        <ele>257.9</ele>
      </trkpt>
      <trkpt lat="36.10167" lon="-96.85508">
        <ele>254.9</ele>
      </trkpt>
      <trkpt lat="36.10167" lon="-96.85427">
        <ele>254.4</ele>
      </trkpt>
      <trkpt lat="36.10167" lon="-96.85397">
        <ele>254.3</ele>
      </trkpt>
      <trkpt lat="36.10166" lon="-96.85313">
        <ele>253.9</ele>
      </trkpt>
      <trkpt lat="36.10165" lon="-96.85229">
        <ele>253.5</ele>
      </trkpt>
      <trkpt lat="36.10164" lon="-96.85146">
        <ele>251.2</ele>
      </trkpt>
      <trkpt lat="36.10162" lon="-96.85062">
        <ele>253.9</ele>
      </trkpt>
      <trkpt lat="36.10162" lon="-96.85062">
        <ele>253.9</ele>
      </trkpt>
      <trkpt lat="36.10161" lon="-96.84987">
        <ele>254.7</ele>
      </trkpt>
      <trkpt lat="36.1016" lon="-96.84911">
        <ele>254.9</ele>
      </trkpt>
      <trkpt lat="36.10159" lon="-96.84836">
        <ele>254.9</ele>
      </trkpt>
      <trkpt lat="36.10157" lon="-96.84733">
        <ele>254.9</ele>
      </trkpt>
      <trkpt lat="36.10155" lon="-96.8463">
        <ele>254.1</ele>
      </trkpt>
      <trkpt lat="36.10153" lon="-96.84527">
        <ele>252.6</ele>
      </trkpt>
      <trkpt lat="36.10151" lon="-96.84425">
        <ele>252.7</ele>
      </trkpt>
      <trkpt lat="36.10149" lon="-96.84322">
        <ele>251.0</ele>
      </trkpt>
      <trkpt lat="36.10147" lon="-96.84219">
        <ele>248.0</ele>
      </trkpt>
      <trkpt lat="36.10145" lon="-96.84133">
        <ele>246.5</ele>
      </trkpt>
      <trkpt lat="36.10143" lon="-96.84046">
        <ele>250.8</ele>
      </trkpt>
      <trkpt lat="36.10141" lon="-96.83968">
        <ele>251.7</ele>
      </trkpt>
      <trkpt lat="36.1014" lon="-96.83889">
        <ele>252.9</ele>
      </trkpt>
      <trkpt lat="36.10138" lon="-96.83811">
        <ele>255.3</ele>
      </trkpt>
      <trkpt lat="36.10137" lon="-96.83704">
        <ele>264.7</ele>
      </trkpt>
      <trkpt lat="36.10135" lon="-96.83597">
        <ele>273.1</ele>
      </trkpt>
      <trkpt lat="36.10133" lon="-96.8349">
        <ele>280.1</ele>
      </trkpt>
      <trkpt lat="36.10131" lon="-96.83383">
        <ele>277.2</ele>
      </trkpt>
      <trkpt lat="36.10129" lon="-96.83297">
        <ele>275.1</ele>
      </trkpt>
      <trkpt lat="36.10127" lon="-96.83211">
        <ele>272.9</ele>
      </trkpt>
      <trkpt lat="36.10126" lon="-96.83125">
        <ele>276.3</ele>
      </trkpt>
      <trkpt lat="36.10122" lon="-96.8303">
        <ele>279.0</ele>
      </trkpt>
      <trkpt lat="36.10119" lon="-96.82936">
        <ele>279.2</ele>
      </trkpt>
      <trkpt lat="36.10116" lon="-96.82841">
        <ele>273.7</ele>
      </trkpt>
      <trkpt lat="36.10115" lon="-96.82738">
        <ele>268.7</ele>
      </trkpt>
      <trkpt lat="36.10113" lon="-96.82636">
        <ele>262.6</ele>
      </trkpt>
      <trkpt lat="36.10112" lon="-96.82533">
        <ele>264.1</ele>
      </trkpt>
      <trkpt lat="36.10111" lon="-96.82431">
        <ele>258.5</ele>
      </trkpt>
      <trkpt lat="36.1011" lon="-96.82328">
        <ele>249.4</ele>
      </trkpt>
      <trkpt lat="36.10108" lon="-96.82241">
        <ele>250.5</ele>
      </trkpt>
      <trkpt lat="36.10106" lon="-96.82153">
        <ele>253.6</ele>
      </trkpt>
      <trkpt lat="36.10105" lon="-96.82066">
        <ele>253.3</ele>
      </trkpt>
      <trkpt lat="36.10101" lon="-96.81976">
        <ele>253.9</ele>
      </trkpt>
      <trkpt lat="36.10098" lon="-96.81887">
        <ele>256.1</ele>
      </trkpt>
      <trkpt lat="36.10095" lon="-96.81797">
        <ele>260.7</ele>
      </trkpt>
      <trkpt lat="36.10092" lon="-96.81708">
        <ele>264.9</ele>
      </trkpt>
      <trkpt lat="36.10089" lon="-96.81619">
        <ele>263.6</ele>
      </trkpt>
      <trkpt lat="36.10082" lon="-96.81525">
        <ele>266.4</ele>
      </trkpt>
      <trkpt lat="36.10074" lon="-96.81463">
        <ele>269.0</ele>
      </trkpt>
      <trkpt lat="36.1006" lon="-96.81366">
        <ele>274.4</ele>
      </trkpt>
      <trkpt lat="36.10051" lon="-96.81312">
        <ele>279.3</ele>
      </trkpt>
      <trkpt lat="36.10052" lon="-96.81299">
        <ele>280.3</ele>
      </trkpt>
      <trkpt lat="36.10056" lon="-96.8128">
        <ele>281.9</ele>
      </trkpt>
      <trkpt lat="36.10065" lon="-96.81263">
        <ele>283.4</ele>
      </trkpt>
      <trkpt lat="36.10092" lon="-96.81232">
        <ele>282.5</ele>
      </trkpt>
      <trkpt lat="36.10101" lon="-96.81212">
        <ele>281.1</ele>
      </trkpt>
      <trkpt lat="36.10103" lon="-96.81178">
        <ele>278.0</ele>
      </trkpt>
      <trkpt lat="36.10105" lon="-96.81117">
        <ele>275.2</ele>
      </trkpt>
      <trkpt lat="36.10101" lon="-96.81064">
        <ele>271.0</ele>
      </trkpt>
      <trkpt lat="36.10097" lon="-96.81025">
        <ele>268.6</ele>
      </trkpt>
      <trkpt lat="36.10098" lon="-96.80973">
        <ele>266.8</ele>
      </trkpt>
      <trkpt lat="36.10103" lon="-96.80911">
        <ele>264.8</ele>
      </trkpt>
      <trkpt lat="36.10102" lon="-96.80882">
        <ele>264.1</ele>
      </trkpt>
      <trkpt lat="36.10098" lon="-96.80861">
        <ele>263.5</ele>
      </trkpt>
      <trkpt lat="36.10083" lon="-96.80826">
        <ele>262.1</ele>
      </trkpt>
      <trkpt lat="36.10069" lon="-96.80769">
        <ele>260.6</ele>
      </trkpt>
      <trkpt lat="36.10064" lon="-96.80722">
        <ele>259.9</ele>
      </trkpt>
      <trkpt lat="36.10066" lon="-96.80674">
        <ele>258.5</ele>
      </trkpt>
      <trkpt lat="36.10071" lon="-96.80641">
        <ele>257.3</ele>
      </trkpt>
      <trkpt lat="36.10104" lon="-96.80548">
        <ele>252.8</ele>
      </trkpt>
      <trkpt lat="36.1011" lon="-96.8051">
        <ele>253.4</ele>
      </trkpt>
      <trkpt lat="36.10113" lon="-96.80413">
        <ele>254.8</ele>
      </trkpt>
      <trkpt lat="36.10114" lon="-96.80351">
        <ele>257.5</ele>
      </trkpt>
      <trkpt lat="36.10116" lon="-96.80289">
        <ele>262.0</ele>
      </trkpt>
      <trkpt lat="36.10116" lon="-96.80218">
        <ele>264.7</ele>
      </trkpt>
      <trkpt lat="36.10116" lon="-96.80148">
        <ele>267.4</ele>
      </trkpt>
      <trkpt lat="36.10117" lon="-96.80069">
        <ele>272.7</ele>
      </trkpt>
      <trkpt lat="36.10118" lon="-96.79989">
        <ele>277.6</ele>
      </trkpt>
      <trkpt lat="36.10119" lon="-96.79894">
        <ele>281.3</ele>
      </trkpt>
      <trkpt lat="36.10119" lon="-96.79798">
        <ele>281.9</ele>
      </trkpt>
      <trkpt lat="36.10119" lon="-96.79702">
        <ele>284.9</ele>
      </trkpt>
      <trkpt lat="36.1012" lon="-96.79606">
        <ele>288.0</ele>
      </trkpt>
      <trkpt lat="36.1012" lon="-96.79511">
        <ele>285.6</ele>
      </trkpt>
      <trkpt lat="36.1012" lon="-96.79452">
        <ele>283.3</ele>
      </trkpt>
      <trkpt lat="36.1012" lon="-96.79393">
        <ele>282.0</ele>
      </trkpt>
      <trkpt lat="36.10121" lon="-96.7929">
        <ele>277.9</ele>
      </trkpt>
      <trkpt lat="36.10121" lon="-96.79187">
        <ele>274.3</ele>
      </trkpt>
      <trkpt lat="36.10122" lon="-96.79084">
        <ele>279.2</ele>
      </trkpt>
      <trkpt lat="36.10124" lon="-96.79017">
        <ele>283.1</ele>
      </trkpt>
      <trkpt lat="36.10125" lon="-96.78945">
        <ele>283.5</ele>
      </trkpt>
      <trkpt lat="36.10126" lon="-96.78874">
        <ele>280.5</ele>
      </trkpt>
      <trkpt lat="36.10126" lon="-96.78874">
        <ele>280.5</ele>
      </trkpt>
      <trkpt lat="36.10126" lon="-96.78805">
        <ele>278.1</ele>
      </trkpt>
      <trkpt lat="36.10127" lon="-96.78736">
        <ele>275.5</ele>
      </trkpt>
      <trkpt lat="36.10127" lon="-96.78645">
        <ele>270.8</ele>
      </trkpt>
      <trkpt lat="36.10128" lon="-96.78554">
        <ele>265.3</ele>
      </trkpt>
      <trkpt lat="36.10128" lon="-96.78463">
        <ele>265.3</ele>
      </trkpt>
      <trkpt lat="36.10198" lon="-96.78463">
        <ele>265.6</ele>
      </trkpt>
      <trkpt lat="36.10285" lon="-96.78463">
        <ele>268.6</ele>
      </trkpt>
      <trkpt lat="36.10372" lon="-96.78464">
        <ele>269.6</ele>
      </trkpt>
      <trkpt lat="36.10459" lon="-96.78464">
        <ele>272.1</ele>
      </trkpt>
      <trkpt lat="36.10546" lon="-96.78465">
        <ele>273.5</ele>
      </trkpt>
      <trkpt lat="36.10633" lon="-96.78466">
        <ele>275.2</ele>
      </trkpt>
      <trkpt lat="36.1072" lon="-96.78466">
        <ele>277.1</ele>
      </trkpt>
      <trkpt lat="36.10786" lon="-96.78466">
        <ele>278.4</ele>
      </trkpt>
      <trkpt lat="36.10786" lon="-96.78466">
        <ele>278.4</ele>
      </trkpt>
      <trkpt lat="36.10862" lon="-96.78465">
        <ele>278.2</ele>
      </trkpt>
      <trkpt lat="36.10926" lon="-96.78465">
        <ele>278.4</ele>
      </trkpt>
      <trkpt lat="36.1099" lon="-96.78466">
        <ele>277.5</ele>
      </trkpt>
      <trkpt lat="36.11054" lon="-96.78466">
        <ele>280.2</ele>
      </trkpt>
      <trkpt lat="36.11142" lon="-96.78465">
        <ele>284.2</ele>
      </trkpt>
      <trkpt lat="36.11231" lon="-96.78463">
        <ele>281.7</ele>
      </trkpt>
      <trkpt lat="36.113" lon="-96.78463">
        <ele>284.3</ele>
      </trkpt>
      <trkpt lat="36.1137" lon="-96.78463">
        <ele>286.3</ele>
      </trkpt>
      <trkpt lat="36.11439" lon="-96.78463">
        <ele>288.8</ele>
      </trkpt>
      <trkpt lat="36.11509" lon="-96.78463">
        <ele>290.8</ele>
      </trkpt>
      <trkpt lat="36.11572" lon="-96.78462">
        <ele>292.0</ele>
      </trkpt>
      <trkpt lat="36.11574" lon="-96.78351">
        <ele>290.4</ele>
      </trkpt>
      <trkpt lat="36.11576" lon="-96.78241">
        <ele>293.2</ele>
      </trkpt>
      <trkpt lat="36.11578" lon="-96.7816">
        <ele>294.9</ele>
      </trkpt>
      <trkpt lat="36.1158" lon="-96.78079">
        <ele>296.3</ele>
      </trkpt>
      <trkpt lat="36.11581" lon="-96.7797">
        <ele>300.0</ele>
      </trkpt>
      <trkpt lat="36.11584" lon="-96.77891">
        <ele>304.0</ele>
      </trkpt>
      <trkpt lat="36.11577" lon="-96.7786">
        <ele>305.9</ele>
      </trkpt>
      <trkpt lat="36.11546" lon="-96.77817">
        <ele>309.1</ele>
      </trkpt>
      <trkpt lat="36.11543" lon="-96.77795">
        <ele>307.5</ele>
      </trkpt>
      <trkpt lat="36.11546" lon="-96.77784">
        <ele>306.7</ele>
      </trkpt>
      <trkpt lat="36.11557" lon="-96.77756">
        <ele>303.2</ele>
      </trkpt>
      <trkpt lat="36.11579" lon="-96.77712">
        <ele>298.6</ele>
      </trkpt>
      <trkpt lat="36.11589" lon="-96.77671">
        <ele>295.3</ele>
      </trkpt>
      <trkpt lat="36.11592" lon="-96.7763">
        <ele>292.4</ele>
      </trkpt>
      <trkpt lat="36.1159" lon="-96.77543">
        <ele>287.7</ele>
      </trkpt>
      <trkpt lat="36.11588" lon="-96.77457">
        <ele>288.0</ele>
      </trkpt>
      <trkpt lat="36.11589" lon="-96.77367">
        <ele>292.4</ele>
      </trkpt>
      <trkpt lat="36.1159" lon="-96.77277">
        <ele>292.1</ele>
      </trkpt>
      <trkpt lat="36.11591" lon="-96.77188">
        <ele>293.1</ele>
      </trkpt>
      <trkpt lat="36.11593" lon="-96.77118">
        <ele>291.6</ele>
      </trkpt>
      <trkpt lat="36.11593" lon="-96.77118">
        <ele>291.6</ele>
      </trkpt>
      <trkpt lat="36.11595" lon="-96.77025">
        <ele>280.3</ele>
      </trkpt>
      <trkpt lat="36.11594" lon="-96.76939">
        <ele>276.6</ele>
      </trkpt>
      <trkpt lat="36.11594" lon="-96.76853">
        <ele>282.8</ele>
      </trkpt>
      <trkpt lat="36.11595" lon="-96.76768">
        <ele>280.0</ele>
      </trkpt>
      <trkpt lat="36.11597" lon="-96.76683">
        <ele>277.4</ele>
      </trkpt>
      <trkpt lat="36.11597" lon="-96.76589">
        <ele>278.3</ele>
      </trkpt>
      <trkpt lat="36.11597" lon="-96.76495">
        <ele>275.7</ele>
      </trkpt>
      <trkpt lat="36.11598" lon="-96.76401">
        <ele>266.4</ele>
      </trkpt>
      <trkpt lat="36.11597" lon="-96.76297">
        <ele>259.3</ele>
      </trkpt>
      <trkpt lat="36.11596" lon="-96.76192">
        <ele>260.9</ele>
      </trkpt>
      <trkpt lat="36.11596" lon="-96.76087">
        <ele>266.7</ele>
      </trkpt>
      <trkpt lat="36.11596" lon="-96.76008">
        <ele>264.5</ele>
      </trkpt>
      <trkpt lat="36.11597" lon="-96.75929">
        <ele>259.7</ele>
      </trkpt>
      <trkpt lat="36.11598" lon="-96.75828">
        <ele>251.5</ele>
      </trkpt>
      <trkpt lat="36.11598" lon="-96.75726">
        <ele>257.1</ele>
      </trkpt>
      <trkpt lat="36.11598" lon="-96.75726">
        <ele>257.1</ele>
      </trkpt>
      <trkpt lat="36.11599" lon="-96.75628">
        <ele>260.3</ele>
      </trkpt>
      <trkpt lat="36.11599" lon="-96.7553">
        <ele>256.0</ele>
      </trkpt>
      <trkpt lat="36.116" lon="-96.75432">
        <ele>252.0</ele>
      </trkpt>
      <trkpt lat="36.11599" lon="-96.75321">
        <ele>257.8</ele>
      </trkpt>
      <trkpt lat="36.11598" lon="-96.75211">
        <ele>262.4</ele>
      </trkpt>
      <trkpt lat="36.11597" lon="-96.751">
        <ele>266.1</ele>
      </trkpt>
      <trkpt lat="36.11598" lon="-96.75019">
        <ele>265.9</ele>
      </trkpt>
      <trkpt lat="36.11598" lon="-96.74938">
        <ele>266.3</ele>
      </trkpt>
      <trkpt lat="36.11599" lon="-96.74857">
        <ele>264.2</ele>
      </trkpt>
      <trkpt lat="36.11599" lon="-96.74784">
        <ele>260.6</ele>
      </trkpt>
      <trkpt lat="36.11599" lon="-96.74712">
        <ele>256.2</ele>
      </trkpt>
      <trkpt lat="36.11599" lon="-96.74641">
        <ele>254.3</ele>
      </trkpt>
      <trkpt lat="36.116" lon="-96.7457">
        <ele>251.6</ele>
      </trkpt>
      <trkpt lat="36.11601" lon="-96.74509">
        <ele>250.8</ele>
      </trkpt>
      <trkpt lat="36.11603" lon="-96.74448">
        <ele>249.4</ele>
      </trkpt>
      <trkpt lat="36.11602" lon="-96.74356">
        <ele>245.6</ele>
      </trkpt>
      <trkpt lat="36.11602" lon="-96.74264">
        <ele>242.5</ele>
      </trkpt>
      <trkpt lat="36.11602" lon="-96.74173">
        <ele>241.5</ele>
      </trkpt>
      <trkpt lat="36.11604" lon="-96.74063">
        <ele>240.4</ele>
      </trkpt>
      <trkpt lat="36.11611" lon="-96.73983">
        <ele>238.8</ele>
      </trkpt>
      <trkpt lat="36.11605" lon="-96.73939">
        <ele>238.9</ele>
      </trkpt>
      <trkpt lat="36.11601" lon="-96.73899">
        <ele>239.0</ele>
      </trkpt>
      <trkpt lat="36.11601" lon="-96.73892">
        <ele>239.0</ele>
      </trkpt>
      <trkpt lat="36.11605" lon="-96.73842">
        <ele>239.2</ele>
      </trkpt>
      <trkpt lat="36.11607" lon="-96.73771">
        <ele>241.7</ele>
      </trkpt>
      <trkpt lat="36.1161" lon="-96.73701">
        <ele>243.5</ele>
      </trkpt>
      <trkpt lat="36.11612" lon="-96.73601">
        <ele>245.6</ele>
      </trkpt>
      <trkpt lat="36.11613" lon="-96.7354">
        <ele>247.2</ele>
      </trkpt>
      <trkpt lat="36.11613" lon="-96.73478">
        <ele>249.3</ele>
      </trkpt>
      <trkpt lat="36.11614" lon="-96.7342">
        <ele>250.5</ele>
      </trkpt>
      <trkpt lat="36.11616" lon="-96.73362">
        <ele>251.2</ele>
      </trkpt>
      <trkpt lat="36.11613" lon="-96.73284">
        <ele>251.8</ele>
      </trkpt>
      <trkpt lat="36.11605" lon="-96.73228">
        <ele>250.5</ele>
      </trkpt>
      <trkpt lat="36.11602" lon="-96.73186">
        <ele>249.4</ele>
      </trkpt>
      <trkpt lat="36.11684" lon="-96.73186">
        <ele>256.1</ele>
      </trkpt>
      <trkpt lat="36.11766" lon="-96.73187">
        <ele>259.3</ele>
      </trkpt>
      <trkpt lat="36.11766" lon="-96.73187">
        <ele>259.3</ele>
      </trkpt>
      <trkpt lat="36.1185" lon="-96.73187">
        <ele>259.8</ele>
      </trkpt>
      <trkpt lat="36.11934" lon="-96.73188">
        <ele>260.8</ele>
      </trkpt>
      <trkpt lat="36.12023" lon="-96.73186">
        <ele>263.0</ele>
      </trkpt>
      <trkpt lat="36.12113" lon="-96.73184">
        <ele>264.3</ele>
      </trkpt>
      <trkpt lat="36.12182" lon="-96.73183">
        <ele>261.3</ele>
      </trkpt>
      <trkpt lat="36.12251" lon="-96.73183">
        <ele>262.3</ele>
      </trkpt>
      <trkpt lat="36.1232" lon="-96.73183">
        <ele>264.2</ele>
      </trkpt>
      <trkpt lat="36.12388" lon="-96.73182">
        <ele>261.0</ele>
      </trkpt>
      <trkpt lat="36.12456" lon="-96.73181">
        <ele>259.4</ele>
      </trkpt>
      <trkpt lat="36.12524" lon="-96.7318">
        <ele>262.3</ele>
      </trkpt>
      <trkpt lat="36.12592" lon="-96.73179">
        <ele>265.0</ele>
      </trkpt>
      <trkpt lat="36.12663" lon="-96.73179">
        <ele>262.5</ele>
      </trkpt>
      <trkpt lat="36.12734" lon="-96.73179">
        <ele>258.8</ele>
      </trkpt>
      <trkpt lat="36.12804" lon="-96.73178">
        <ele>258.3</ele>
      </trkpt>
      <trkpt lat="36.12875" lon="-96.73178">
        <ele>254.9</ele>
      </trkpt>
      <trkpt lat="36.12948" lon="-96.73177">
        <ele>254.4</ele>
      </trkpt>
      <trkpt lat="36.13021" lon="-96.73176">
        <ele>259.3</ele>
      </trkpt>
      <trkpt lat="36.13094" lon="-96.73173">
        <ele>262.1</ele>
      </trkpt>
      <trkpt lat="36.13167" lon="-96.7317">
        <ele>264.8</ele>
      </trkpt>
      <trkpt lat="36.1324" lon="-96.73167">
        <ele>268.4</ele>
      </trkpt>
      <trkpt lat="36.13313" lon="-96.73164">
        <ele>271.7</ele>
      </trkpt>
      <trkpt lat="36.13389" lon="-96.73159">
        <ele>270.8</ele>
      </trkpt>
      <trkpt lat="36.13466" lon="-96.73155">
        <ele>269.3</ele>
      </trkpt>
      <trkpt lat="36.13553" lon="-96.73151">
        <ele>270.8</ele>
      </trkpt>
      <trkpt lat="36.13639" lon="-96.73147">
        <ele>270.3</ele>
      </trkpt>
      <trkpt lat="36.13727" lon="-96.73144">
        <ele>266.5</ele>
      </trkpt>
      <trkpt lat="36.13816" lon="-96.73142">
        <ele>266.8</ele>
      </trkpt>
      <trkpt lat="36.13816" lon="-96.73142">
        <ele>266.8</ele>
      </trkpt>
      <trkpt lat="36.13877" lon="-96.7314">
        <ele>268.6</ele>
      </trkpt>
      <trkpt lat="36.13937" lon="-96.73138">
        <ele>270.0</ele>
      </trkpt>
      <trkpt lat="36.13998" lon="-96.73136">
        <ele>268.4</ele>
      </trkpt>
      <trkpt lat="36.14081" lon="-96.73136">
        <ele>263.4</ele>
      </trkpt>
      <trkpt lat="36.14165" lon="-96.73136">
        <ele>259.1</ele>
      </trkpt>
      <trkpt lat="36.14218" lon="-96.73135">
        <ele>258.7</ele>
      </trkpt>
      <trkpt lat="36.1427" lon="-96.73134">
        <ele>255.7</ele>
      </trkpt>
      <trkpt lat="36.14349" lon="-96.73134">
        <ele>252.5</ele>
      </trkpt>
      <trkpt lat="36.14428" lon="-96.73133">
        <ele>255.5</ele>
      </trkpt>
      <trkpt lat="36.14507" lon="-96.73133">
        <ele>257.6</ele>
      </trkpt>
      <trkpt lat="36.14594" lon="-96.73128">
        <ele>255.9</ele>
      </trkpt>
      <trkpt lat="36.14681" lon="-96.73124">
        <ele>253.6</ele>
      </trkpt>
      <trkpt lat="36.14769" lon="-96.73119">
        <ele>258.1</ele>
      </trkpt>
      <trkpt lat="36.14856" lon="-96.73115">
        <ele>263.1</ele>
      </trkpt>
      <trkpt lat="36.14943" lon="-96.73111">
        <ele>266.0</ele>
      </trkpt>
      <trkpt lat="36.15031" lon="-96.73106">
        <ele>268.1</ele>
      </trkpt>
      <trkpt lat="36.15118" lon="-96.73102">
        <ele>265.7</ele>
      </trkpt>
      <trkpt lat="36.15186" lon="-96.731">
        <ele>261.9</ele>
      </trkpt>
      <trkpt lat="36.15253" lon="-96.73099">
        <ele>265.5</ele>
      </trkpt>
      <trkpt lat="36.15321" lon="-96.73097">
        <ele>266.7</ele>
      </trkpt>
      <trkpt lat="36.15392" lon="-96.73097">
        <ele>268.4</ele>
      </trkpt>
      <trkpt lat="36.15464" lon="-96.73097">
        <ele>270.0</ele>
      </trkpt>
      <trkpt lat="36.15536" lon="-96.73097">
        <ele>271.1</ele>
      </trkpt>
      <trkpt lat="36.15607" lon="-96.73097">
        <ele>268.9</ele>
      </trkpt>
      <trkpt lat="36.15691" lon="-96.73095">
        <ele>263.6</ele>
      </trkpt>
      <trkpt lat="36.15776" lon="-96.73094">
        <ele>262.2</ele>
      </trkpt>
      <trkpt lat="36.15859" lon="-96.73094">
        <ele>265.2</ele>
      </trkpt>
      <trkpt lat="36.15943" lon="-96.73093">
        <ele>266.8</ele>
      </trkpt>
      <trkpt lat="36.15948" lon="-96.73092">
        <ele>266.9</ele>
      </trkpt>
      <trkpt lat="36.15947" lon="-96.72994">
        <ele>265.5</ele>
      </trkpt>
      <trkpt lat="36.15946" lon="-96.72896">
        <ele>267.5</ele>
      </trkpt>
      <trkpt lat="36.15944" lon="-96.72797">
        <ele>264.9</ele>
      </trkpt>
      <trkpt lat="36.15942" lon="-96.72788">
        <ele>264.4</ele>
      </trkpt>
      <trkpt lat="36.15933" lon="-96.72761">
        <ele>264.4</ele>
      </trkpt>
      <trkpt lat="36.1593" lon="-96.72748">
        <ele>264.7</ele>
      </trkpt>
      <trkpt lat="36.15928" lon="-96.72734">
        <ele>264.8</ele>
      </trkpt>
      <trkpt lat="36.15923" lon="-96.72705">
        <ele>265.4</ele>
      </trkpt>
      <trkpt lat="36.15926" lon="-96.72648">
        <ele>268.1</ele>
      </trkpt>
      <trkpt lat="36.1593" lon="-96.72621">
        <ele>266.7</ele>
      </trkpt>
      <trkpt lat="36.15937" lon="-96.72539">
        <ele>268.0</ele>
      </trkpt>
      <trkpt lat="36.15949" lon="-96.72449">
        <ele>267.7</ele>
      </trkpt>
      <trkpt lat="36.1595" lon="-96.72394">
        <ele>268.1</ele>
      </trkpt>
      <trkpt lat="36.1595" lon="-96.72308">
        <ele>269.8</ele>
      </trkpt>
      <trkpt lat="36.15952" lon="-96.72224">
        <ele>270.0</ele>
      </trkpt>
      <trkpt lat="36.15954" lon="-96.72139">
        <ele>270.8</ele>
      </trkpt>
      <trkpt lat="36.15954" lon="-96.72058">
        <ele>273.5</ele>
      </trkpt>
      <trkpt lat="36.15955" lon="-96.71977">
        <ele>274.9</ele>
      </trkpt>
      <trkpt lat="36.15955" lon="-96.71912">
        <ele>275.9</ele>
      </trkpt>
      <trkpt lat="36.15955" lon="-96.71846">
        <ele>277.6</ele>
      </trkpt>
      <trkpt lat="36.15955" lon="-96.71846">
        <ele>277.6</ele>
      </trkpt>
      <trkpt lat="36.15954" lon="-96.71759">
        <ele>280.3</ele>
      </trkpt>
      <trkpt lat="36.15956" lon="-96.71655">
        <ele>286.8</ele>
      </trkpt>
      <trkpt lat="36.15957" lon="-96.71551">
        <ele>287.8</ele>
      </trkpt>
      <trkpt lat="36.15957" lon="-96.71472">
        <ele>290.2</ele>
      </trkpt>
      <trkpt lat="36.15957" lon="-96.71394">
        <ele>292.3</ele>
      </trkpt>
      <trkpt lat="36.15957" lon="-96.71315">
        <ele>291.8</ele>
      </trkpt>
      <trkpt lat="36.16044" lon="-96.71315">
        <ele>290.8</ele>
      </trkpt>
      <trkpt lat="36.16131" lon="-96.71315">
        <ele>288.9</ele>
      </trkpt>
      <trkpt lat="36.16218" lon="-96.71315">
        <ele>285.6</ele>
      </trkpt>
      <trkpt lat="36.16305" lon="-96.71315">
        <ele>288.2</ele>
      </trkpt>
      <trkpt lat="36.16392" lon="-96.71315">
        <ele>289.1</ele>
      </trkpt>
      <trkpt lat="36.16479" lon="-96.71315">
        <ele>287.3</ele>
      </trkpt>
      <trkpt lat="36.16566" lon="-96.71315">
        <ele>286.0</ele>
      </trkpt>
      <trkpt lat="36.16653" lon="-96.71315">
        <ele>283.6</ele>
      </trkpt>
      <trkpt lat="36.1674" lon="-96.71315">
        <ele>286.9</ele>
      </trkpt>
      <trkpt lat="36.16827" lon="-96.71315">
        <ele>292.5</ele>
      </trkpt>
      <trkpt lat="36.16914" lon="-96.71315">
        <ele>296.7</ele>
      </trkpt>
      <trkpt lat="36.17001" lon="-96.71316">
        <ele>300.8</ele>
      </trkpt>
      <trkpt lat="36.17001" lon="-96.71316">
        <ele>300.8</ele>
      </trkpt>
      <trkpt lat="36.17086" lon="-96.71316">
        <ele>306.1</ele>
      </trkpt>
      <trkpt lat="36.17171" lon="-96.71316">
        <ele>311.6</ele>
      </trkpt>
      <trkpt lat="36.17257" lon="-96.71316">
        <ele>316.6</ele>
      </trkpt>
      <trkpt lat="36.17342" lon="-96.71316">
        <ele>315.3</ele>
      </trkpt>
      <trkpt lat="36.17427" lon="-96.71316">
        <ele>312.5</ele>
      </trkpt>
      <trkpt lat="36.17512" lon="-96.71316">
        <ele>306.3</ele>
      </trkpt>
      <trkpt lat="36.17598" lon="-96.71316">
        <ele>300.5</ele>
      </trkpt>
      <trkpt lat="36.17683" lon="-96.71316">
        <ele>299.7</ele>
      </trkpt>
      <trkpt lat="36.17768" lon="-96.71316">
        <ele>302.4</ele>
      </trkpt>
      <trkpt lat="36.17853" lon="-96.71316">
        <ele>302.8</ele>
      </trkpt>
      <trkpt lat="36.17938" lon="-96.71316">
        <ele>302.5</ele>
      </trkpt>
      <trkpt lat="36.18024" lon="-96.71316">
        <ele>297.2</ele>
      </trkpt>
      <trkpt lat="36.18109" lon="-96.71315">
        <ele>289.6</ele>
      </trkpt>
      <trkpt lat="36.18194" lon="-96.71313">
        <ele>286.0</ele>
      </trkpt>
      <trkpt lat="36.18279" lon="-96.71312">
        <ele>286.5</ele>
      </trkpt>
      <trkpt lat="36.18364" lon="-96.71311">
        <ele>285.5</ele>
      </trkpt>
      <trkpt lat="36.1845" lon="-96.7131">
        <ele>283.9</ele>
      </trkpt>
      <trkpt lat="36.18535" lon="-96.71308">
        <ele>283.0</ele>
      </trkpt>
      <trkpt lat="36.1862" lon="-96.71307">
        <ele>283.8</ele>
      </trkpt>
      <trkpt lat="36.18699" lon="-96.71307">
        <ele>282.6</ele>
      </trkpt>
      <trkpt lat="36.18777" lon="-96.71307">
        <ele>282.1</ele>
      </trkpt>
      <trkpt lat="36.18856" lon="-96.71306">
        <ele>283.9</ele>
      </trkpt>
      <trkpt lat="36.18933" lon="-96.71308">
        <ele>284.0</ele>
      </trkpt>
      <trkpt lat="36.19011" lon="-96.7131">
        <ele>284.5</ele>
      </trkpt>
      <trkpt lat="36.19088" lon="-96.71311">
        <ele>285.9</ele>
      </trkpt>
      <trkpt lat="36.19166" lon="-96.71313">
        <ele>285.7</ele>
      </trkpt>
      <trkpt lat="36.19254" lon="-96.71312">
        <ele>284.0</ele>
      </trkpt>
      <trkpt lat="36.19343" lon="-96.71311">
        <ele>281.5</ele>
      </trkpt>
      <trkpt lat="36.19431" lon="-96.7131">
        <ele>274.8</ele>
      </trkpt>
      <trkpt lat="36.1952" lon="-96.71309">
        <ele>275.2</ele>
      </trkpt>
      <trkpt lat="36.19609" lon="-96.71309">
        <ele>275.3</ele>
      </trkpt>
      <trkpt lat="36.19697" lon="-96.71308">
        <ele>276.1</ele>
      </trkpt>
      <trkpt lat="36.19786" lon="-96.71307">
        <ele>276.9</ele>
      </trkpt>
      <trkpt lat="36.19874" lon="-96.71306">
        <ele>275.4</ele>
      </trkpt>
      <trkpt lat="36.19963" lon="-96.71305">
        <ele>272.5</ele>
      </trkpt>
      <trkpt lat="36.20051" lon="-96.71304">
        <ele>274.2</ele>
      </trkpt>
      <trkpt lat="36.2014" lon="-96.71303">
        <ele>275.8</ele>
      </trkpt>
      <trkpt lat="36.20229" lon="-96.71302">
        <ele>277.7</ele>
      </trkpt>
      <trkpt lat="36.20317" lon="-96.71301">
        <ele>282.4</ele>
      </trkpt>
      <trkpt lat="36.20406" lon="-96.713">
        <ele>285.1</ele>
      </trkpt>
      <trkpt lat="36.20494" lon="-96.713">
        <ele>285.7</ele>
      </trkpt>
      <trkpt lat="36.20583" lon="-96.71299">
        <ele>282.5</ele>
      </trkpt>
      <trkpt lat="36.20671" lon="-96.71298">
        <ele>281.0</ele>
      </trkpt>
      <trkpt lat="36.2076" lon="-96.71297">
        <ele>279.9</ele>
      </trkpt>
      <trkpt lat="36.20849" lon="-96.71296">
        <ele>281.2</ele>
      </trkpt>
      <trkpt lat="36.20937" lon="-96.71295">
        <ele>283.6</ele>
      </trkpt>
      <trkpt lat="36.21026" lon="-96.71294">
        <ele>282.6</ele>
      </trkpt>
      <trkpt lat="36.21095" lon="-96.71293">
        <ele>279.8</ele>
      </trkpt>
      <trkpt lat="36.21163" lon="-96.71292">
        <ele>279.7</ele>
      </trkpt>
      <trkpt lat="36.21232" lon="-96.71291">
        <ele>278.7</ele>
      </trkpt>
      <trkpt lat="36.21232" lon="-96.71291">
        <ele>278.7</ele>
      </trkpt>
      <trkpt lat="36.21319" lon="-96.7129">
        <ele>277.8</ele>
      </trkpt>
      <trkpt lat="36.21407" lon="-96.71288">
        <ele>277.0</ele>
      </trkpt>
      <trkpt lat="36.21494" lon="-96.71287">
        <ele>277.2</ele>
      </trkpt>
      <trkpt lat="36.21581" lon="-96.71286">
        <ele>277.0</ele>
      </trkpt>
      <trkpt lat="36.21669" lon="-96.71285">
        <ele>274.6</ele>
      </trkpt>
      <trkpt lat="36.21756" lon="-96.71283">
        <ele>277.9</ele>
      </trkpt>
      <trkpt lat="36.21759" lon="-96.71177">
        <ele>278.2</ele>
      </trkpt>
      <trkpt lat="36.21762" lon="-96.71072">
        <ele>281.4</ele>
      </trkpt>
      <trkpt lat="36.21765" lon="-96.70966">
        <ele>285.2</ele>
      </trkpt>
      <trkpt lat="36.21768" lon="-96.7086">
        <ele>287.1</ele>
      </trkpt>
      <trkpt lat="36.21771" lon="-96.70754">
        <ele>287.3</ele>
      </trkpt>
      <trkpt lat="36.21774" lon="-96.70649">
        <ele>286.9</ele>
      </trkpt>
      <trkpt lat="36.21777" lon="-96.70543">
        <ele>283.6</ele>
      </trkpt>
      <trkpt lat="36.21777" lon="-96.70481">
        <ele>282.0</ele>
      </trkpt>
      <trkpt lat="36.21777" lon="-96.70419">
        <ele>279.3</ele>
      </trkpt>
      <trkpt lat="36.21777" lon="-96.70419">
        <ele>279.3</ele>
      </trkpt>
      <trkpt lat="36.21777" lon="-96.70314">
        <ele>273.5</ele>
      </trkpt>
      <trkpt lat="36.21777" lon="-96.70209">
        <ele>279.2</ele>
      </trkpt>
      <trkpt lat="36.21778" lon="-96.70103">
        <ele>283.2</ele>
      </trkpt>
      <trkpt lat="36.21778" lon="-96.69998">
        <ele>283.3</ele>
      </trkpt>
      <trkpt lat="36.21778" lon="-96.69893">
        <ele>283.0</ele>
      </trkpt>
      <trkpt lat="36.21779" lon="-96.69788">
        <ele>286.3</ele>
      </trkpt>
      <trkpt lat="36.21779" lon="-96.69682">
        <ele>287.4</ele>
      </trkpt>
      <trkpt lat="36.21779" lon="-96.69577">
        <ele>288.9</ele>
      </trkpt>
      <trkpt lat="36.21779" lon="-96.69472">
        <ele>290.3</ele>
      </trkpt>
      <trkpt lat="36.21779" lon="-96.69368">
        <ele>289.7</ele>
      </trkpt>
      <trkpt lat="36.21779" lon="-96.69263">
        <ele>287.4</ele>
      </trkpt>
      <trkpt lat="36.21779" lon="-96.69158">
        <ele>282.5</ele>
      </trkpt>
      <trkpt lat="36.21779" lon="-96.69054">
        <ele>279.7</ele>
      </trkpt>
      <trkpt lat="36.21779" lon="-96.68949">
        <ele>278.1</ele>
      </trkpt>
      <trkpt lat="36.21778" lon="-96.68844">
        <ele>278.0</ele>
      </trkpt>
      <trkpt lat="36.21778" lon="-96.6874">
        <ele>270.6</ele>
      </trkpt>
      <trkpt lat="36.21778" lon="-96.68635">
        <ele>274.6</ele>
      </trkpt>
      <trkpt lat="36.21777" lon="-96.68559">
        <ele>274.8</ele>
      </trkpt>
      <trkpt lat="36.21778" lon="-96.68456">
        <ele>279.2</ele>
      </trkpt>
      <trkpt lat="36.21778" lon="-96.68352">
        <ele>279.7</ele>
      </trkpt>
      <trkpt lat="36.21778" lon="-96.68249">
        <ele>274.8</ele>
      </trkpt>
      <trkpt lat="36.21779" lon="-96.68145">
        <ele>270.9</ele>
      </trkpt>
      <trkpt lat="36.2178" lon="-96.68057">
        <ele>274.5</ele>
      </trkpt>
      <trkpt lat="36.21781" lon="-96.6797">
        <ele>274.5</ele>
      </trkpt>
      <trkpt lat="36.21782" lon="-96.67882">
        <ele>277.3</ele>
      </trkpt>
      <trkpt lat="36.21784" lon="-96.67795">
        <ele>282.2</ele>
      </trkpt>
      <trkpt lat="36.21785" lon="-96.67691">
        <ele>285.9</ele>
      </trkpt>
      <trkpt lat="36.21786" lon="-96.67587">
        <ele>288.6</ele>
      </trkpt>
      <trkpt lat="36.21787" lon="-96.67482">
        <ele>287.6</ele>
      </trkpt>
      <trkpt lat="36.21787" lon="-96.67378">
        <ele>283.5</ele>
      </trkpt>
      <trkpt lat="36.21788" lon="-96.67274">
        <ele>284.5</ele>
      </trkpt>
      <trkpt lat="36.21789" lon="-96.6717">
        <ele>288.3</ele>
      </trkpt>
      <trkpt lat="36.2179" lon="-96.67066">
        <ele>290.6</ele>
      </trkpt>
      <trkpt lat="36.21791" lon="-96.66963">
        <ele>290.8</ele>
      </trkpt>
      <trkpt lat="36.21792" lon="-96.66861">
        <ele>290.2</ele>
      </trkpt>
      <trkpt lat="36.21793" lon="-96.66758">
        <ele>285.2</ele>
      </trkpt>
      <trkpt lat="36.21793" lon="-96.66656">
        <ele>286.8</ele>
      </trkpt>
      <trkpt lat="36.21793" lon="-96.66656">
        <ele>286.8</ele>
      </trkpt>
      <trkpt lat="36.21794" lon="-96.66557">
        <ele>290.0</ele>
      </trkpt>
      <trkpt lat="36.21795" lon="-96.66459">
        <ele>292.8</ele>
      </trkpt>
      <trkpt lat="36.21795" lon="-96.66366">
        <ele>291.2</ele>
      </trkpt>
      <trkpt lat="36.21795" lon="-96.66273">
        <ele>292.6</ele>
      </trkpt>
      <trkpt lat="36.21795" lon="-96.6618">
        <ele>294.5</ele>
      </trkpt>
      <trkpt lat="36.21795" lon="-96.66086">
        <ele>297.1</ele>
      </trkpt>
      <trkpt lat="36.21795" lon="-96.65993">
        <ele>299.0</ele>
      </trkpt>
      <trkpt lat="36.21795" lon="-96.65892">
        <ele>299.8</ele>
      </trkpt>
      <trkpt lat="36.21795" lon="-96.65792">
        <ele>300.5</ele>
      </trkpt>
      <trkpt lat="36.21795" lon="-96.65691">
        <ele>301.5</ele>
      </trkpt>
      <trkpt lat="36.21796" lon="-96.6559">
        <ele>302.2</ele>
      </trkpt>
      <trkpt lat="36.21796" lon="-96.6559">
        <ele>302.2</ele>
      </trkpt>
      <trkpt lat="36.21796" lon="-96.65495">
        <ele>300.4</ele>
      </trkpt>
      <trkpt lat="36.21796" lon="-96.65401">
        <ele>293.9</ele>
      </trkpt>
      <trkpt lat="36.21796" lon="-96.65306">
        <ele>292.3</ele>
      </trkpt>
      <trkpt lat="36.21797" lon="-96.65212">
        <ele>294.9</ele>
      </trkpt>
      <trkpt lat="36.21797" lon="-96.65117">
        <ele>296.3</ele>
      </trkpt>
      <trkpt lat="36.21797" lon="-96.65017">
        <ele>297.5</ele>
      </trkpt>
      <trkpt lat="36.21798" lon="-96.64917">
        <ele>299.3</ele>
      </trkpt>
      <trkpt lat="36.21798" lon="-96.64817">
        <ele>299.3</ele>
      </trkpt>
      <trkpt lat="36.21799" lon="-96.64717">
        <ele>297.2</ele>
      </trkpt>
      <trkpt lat="36.21799" lon="-96.64617">
        <ele>294.7</ele>
      </trkpt>
      <trkpt lat="36.218" lon="-96.64516">
        <ele>298.7</ele>
      </trkpt>
      <trkpt lat="36.218" lon="-96.64416">
        <ele>298.4</ele>
      </trkpt>
      <trkpt lat="36.21801" lon="-96.64316">
        <ele>298.9</ele>
      </trkpt>
      <trkpt lat="36.21801" lon="-96.64216">
        <ele>303.0</ele>
      </trkpt>
      <trkpt lat="36.218" lon="-96.64117">
        <ele>307.2</ele>
      </trkpt>
      <trkpt lat="36.21799" lon="-96.64017">
        <ele>305.6</ele>
      </trkpt>
      <trkpt lat="36.21798" lon="-96.63917">
        <ele>303.9</ele>
      </trkpt>
      <trkpt lat="36.21797" lon="-96.63818">
        <ele>302.8</ele>
      </trkpt>
      <trkpt lat="36.21797" lon="-96.63718">
        <ele>300.1</ele>
      </trkpt>
      <trkpt lat="36.21796" lon="-96.63619">
        <ele>303.1</ele>
      </trkpt>
      <trkpt lat="36.21795" lon="-96.63519">
        <ele>305.3</ele>
      </trkpt>
      <trkpt lat="36.21794" lon="-96.6342">
        <ele>305.5</ele>
      </trkpt>
      <trkpt lat="36.21771" lon="-96.63355">
        <ele>306.8</ele>
      </trkpt>
      <trkpt lat="36.21738" lon="-96.63304">
        <ele>307.3</ele>
      </trkpt>
      <trkpt lat="36.21705" lon="-96.63253">
        <ele>306.1</ele>
      </trkpt>
      <trkpt lat="36.21682" lon="-96.63177">
        <ele>305.2</ele>
      </trkpt>
      <trkpt lat="36.21677" lon="-96.63109">
        <ele>305.9</ele>
      </trkpt>
      <trkpt lat="36.217" lon="-96.63024">
        <ele>307.3</ele>
      </trkpt>
      <trkpt lat="36.21731" lon="-96.62936">
        <ele>308.4</ele>
      </trkpt>
      <trkpt lat="36.21762" lon="-96.62847">
        <ele>306.1</ele>
      </trkpt>
      <trkpt lat="36.21793" lon="-96.62759">
        <ele>305.1</ele>
      </trkpt>
      <trkpt lat="36.21794" lon="-96.62683">
        <ele>304.2</ele>
      </trkpt>
      <trkpt lat="36.21795" lon="-96.62606">
        <ele>301.0</ele>
      </trkpt>
      <trkpt lat="36.21795" lon="-96.62606">
        <ele>301.0</ele>
      </trkpt>
      <trkpt lat="36.21795" lon="-96.62509">
        <ele>299.0</ele>
      </trkpt>
      <trkpt lat="36.21796" lon="-96.62412">
        <ele>298.8</ele>
      </trkpt>
      <trkpt lat="36.21883" lon="-96.62412">
        <ele>299.9</ele>
      </trkpt>
      <trkpt lat="36.2197" lon="-96.62413">
        <ele>299.2</ele>
      </trkpt>
      <trkpt lat="36.22057" lon="-96.62413">
        <ele>298.7</ele>
      </trkpt>
      <trkpt lat="36.22145" lon="-96.62413">
        <ele>297.1</ele>
      </trkpt>
      <trkpt lat="36.22232" lon="-96.62414">
        <ele>294.8</ele>
      </trkpt>
      <trkpt lat="36.22319" lon="-96.62414">
        <ele>289.7</ele>
      </trkpt>
      <trkpt lat="36.22406" lon="-96.62414">
        <ele>286.6</ele>
      </trkpt>
      <trkpt lat="36.22493" lon="-96.62415">
        <ele>286.8</ele>
      </trkpt>
      <trkpt lat="36.22546" lon="-96.62415">
        <ele>287.0</ele>
      </trkpt>
      <trkpt lat="36.22595" lon="-96.62416">
        <ele>287.2</ele>
      </trkpt>
      <trkpt lat="36.22644" lon="-96.62417">
        <ele>284.2</ele>
      </trkpt>
      <trkpt lat="36.2272" lon="-96.62417">
        <ele>281.7</ele>
      </trkpt>
      <trkpt lat="36.22795" lon="-96.62418">
        <ele>280.1</ele>
      </trkpt>
      <trkpt lat="36.22871" lon="-96.62418">
        <ele>274.3</ele>
      </trkpt>
      <trkpt lat="36.22924" lon="-96.62421">
        <ele>271.4</ele>
      </trkpt>
      <trkpt lat="36.22977" lon="-96.62423">
        <ele>268.0</ele>
      </trkpt>
      <trkpt lat="36.23064" lon="-96.62422">
        <ele>269.9</ele>
      </trkpt>
      <trkpt lat="36.2315" lon="-96.62422">
        <ele>271.0</ele>
      </trkpt>
      <trkpt lat="36.23237" lon="-96.62421">
        <ele>273.7</ele>
      </trkpt>
      <trkpt lat="36.23326" lon="-96.62421">
        <ele>277.1</ele>
      </trkpt>
      <trkpt lat="36.23415" lon="-96.62421">
        <ele>278.4</ele>
      </trkpt>
      <trkpt lat="36.23504" lon="-96.62421">
        <ele>278.9</ele>
      </trkpt>
      <trkpt lat="36.23593" lon="-96.62421">
        <ele>277.9</ele>
      </trkpt>
      <trkpt lat="36.23682" lon="-96.62421">
        <ele>279.8</ele>
      </trkpt>
      <trkpt lat="36.23682" lon="-96.62421">
        <ele>279.8</ele>
      </trkpt>
      <trkpt lat="36.23755" lon="-96.6242">
        <ele>277.5</ele>
      </trkpt>
      <trkpt lat="36.23829" lon="-96.6242">
        <ele>274.3</ele>
      </trkpt>
      <trkpt lat="36.23902" lon="-96.6242">
        <ele>274.7</ele>
      </trkpt>
      <trkpt lat="36.23976" lon="-96.6242">
        <ele>277.2</ele>
      </trkpt>
      <trkpt lat="36.24058" lon="-96.62418">
        <ele>278.4</ele>
      </trkpt>
      <trkpt lat="36.24141" lon="-96.62417">
        <ele>278.5</ele>
      </trkpt>
      <trkpt lat="36.24224" lon="-96.62415">
        <ele>271.8</ele>
      </trkpt>
      <trkpt lat="36.24306" lon="-96.62413">
        <ele>265.6</ele>
      </trkpt>
      <trkpt lat="36.24389" lon="-96.62411">
        <ele>267.3</ele>
      </trkpt>
      <trkpt lat="36.24472" lon="-96.62409">
        <ele>266.7</ele>
      </trkpt>
      <trkpt lat="36.24554" lon="-96.62408">
        <ele>265.1</ele>
      </trkpt>
      <trkpt lat="36.24637" lon="-96.62406">
        <ele>258.2</ele>
      </trkpt>
      <trkpt lat="36.24636" lon="-96.62301">
        <ele>252.9</ele>
      </trkpt>
      <trkpt lat="36.24635" lon="-96.62196">
        <ele>259.7</ele>
      </trkpt>
      <trkpt lat="36.24635" lon="-96.62091">
        <ele>263.0</ele>
      </trkpt>
      <trkpt lat="36.24635" lon="-96.61985">
        <ele>261.0</ele>
      </trkpt>
      <trkpt lat="36.24635" lon="-96.61879">
        <ele>255.4</ele>
      </trkpt>
      <trkpt lat="36.24636" lon="-96.61773">
        <ele>254.8</ele>
      </trkpt>
      <trkpt lat="36.24636" lon="-96.61667">
        <ele>256.9</ele>
      </trkpt>
      <trkpt lat="36.24636" lon="-96.6156">
        <ele>262.8</ele>
      </trkpt>
      <trkpt lat="36.24637" lon="-96.61454">
        <ele>268.5</ele>
      </trkpt>
      <trkpt lat="36.24637" lon="-96.61348">
        <ele>269.7</ele>
      </trkpt>
      <trkpt lat="36.24637" lon="-96.61242">
        <ele>266.2</ele>
      </trkpt>
      <trkpt lat="36.24637" lon="-96.61136">
        <ele>261.9</ele>
      </trkpt>
      <trkpt lat="36.24638" lon="-96.6103">
        <ele>257.2</ele>
      </trkpt>
      <trkpt lat="36.24638" lon="-96.60924">
        <ele>253.3</ele>
      </trkpt>
      <trkpt lat="36.24637" lon="-96.60826">
        <ele>250.7</ele>
      </trkpt>
      <trkpt lat="36.24637" lon="-96.60728">
        <ele>249.2</ele>
      </trkpt>
      <trkpt lat="36.24636" lon="-96.6063">
        <ele>248.2</ele>
      </trkpt>
      <trkpt lat="36.24635" lon="-96.60532">
        <ele>247.3</ele>
      </trkpt>
      <trkpt lat="36.24626" lon="-96.60512">
        <ele>251.4</ele>
      </trkpt>
      <trkpt lat="36.24626" lon="-96.60505">
        <ele>252.0</ele>
      </trkpt>
      <trkpt lat="36.24627" lon="-96.60405">
        <ele>264.6</ele>
      </trkpt>
      <trkpt lat="36.24628" lon="-96.60305">
        <ele>271.4</ele>
      </trkpt>
      <trkpt lat="36.24629" lon="-96.60205">
        <ele>260.9</ele>
      </trkpt>
      <trkpt lat="36.24631" lon="-96.60105">
        <ele>251.5</ele>
      </trkpt>
      <trkpt lat="36.24632" lon="-96.60005">
        <ele>249.7</ele>
      </trkpt>
      <trkpt lat="36.24633" lon="-96.59905">
        <ele>253.0</ele>
      </trkpt>
      <trkpt lat="36.24634" lon="-96.59804">
        <ele>256.2</ele>
      </trkpt>
      <trkpt lat="36.24635" lon="-96.59704">
        <ele>261.5</ele>
      </trkpt>
      <trkpt lat="36.24634" lon="-96.59606">
        <ele>267.1</ele>
      </trkpt>
      <trkpt lat="36.24634" lon="-96.59508">
        <ele>270.9</ele>
      </trkpt>
      <trkpt lat="36.24633" lon="-96.5941">
        <ele>268.0</ele>
      </trkpt>
      <trkpt lat="36.24632" lon="-96.59312">
        <ele>266.1</ele>
      </trkpt>
      <trkpt lat="36.24631" lon="-96.59214">
        <ele>273.4</ele>
      </trkpt>
      <trkpt lat="36.2463" lon="-96.59116">
        <ele>277.7</ele>
      </trkpt>
      <trkpt lat="36.2463" lon="-96.59018">
        <ele>279.9</ele>
      </trkpt>
      <trkpt lat="36.2463" lon="-96.59018">
        <ele>279.9</ele>
      </trkpt>
      <trkpt lat="36.24629" lon="-96.5891">
        <ele>278.5</ele>
      </trkpt>
      <trkpt lat="36.24628" lon="-96.58803">
        <ele>279.0</ele>
      </trkpt>
      <trkpt lat="36.24627" lon="-96.58695">
        <ele>280.4</ele>
      </trkpt>
      <trkpt lat="36.24627" lon="-96.58587">
        <ele>282.5</ele>
      </trkpt>
      <trkpt lat="36.24627" lon="-96.58484">
        <ele>276.7</ele>
      </trkpt>
      <trkpt lat="36.24627" lon="-96.58381">
        <ele>273.5</ele>
      </trkpt>
      <trkpt lat="36.24628" lon="-96.58278">
        <ele>274.4</ele>
      </trkpt>
      <trkpt lat="36.24628" lon="-96.58175">
        <ele>271.3</ele>
      </trkpt>
      <trkpt lat="36.24629" lon="-96.58072">
        <ele>265.1</ele>
      </trkpt>
      <trkpt lat="36.24628" lon="-96.57976">
        <ele>262.6</ele>
      </trkpt>
      <trkpt lat="36.24627" lon="-96.5788">
        <ele>258.7</ele>
      </trkpt>
      <trkpt lat="36.24626" lon="-96.57784">
        <ele>255.0</ele>
      </trkpt>
      <trkpt lat="36.24625" lon="-96.57689">
        <ele>252.0</ele>
      </trkpt>
      <trkpt lat="36.24627" lon="-96.57582">
        <ele>259.3</ele>
      </trkpt>
      <trkpt lat="36.24628" lon="-96.57476">
        <ele>266.7</ele>
      </trkpt>
      <trkpt lat="36.24629" lon="-96.5737">
        <ele>269.1</ele>
      </trkpt>
      <trkpt lat="36.24631" lon="-96.57264">
        <ele>271.1</ele>
      </trkpt>
      <trkpt lat="36.24632" lon="-96.57158">
        <ele>270.3</ele>
      </trkpt>
      <trkpt lat="36.24633" lon="-96.57052">
        <ele>271.2</ele>
      </trkpt>
      <trkpt lat="36.24631" lon="-96.56968">
        <ele>268.0</ele>
      </trkpt>
      <trkpt lat="36.24629" lon="-96.56885">
        <ele>261.7</ele>
      </trkpt>
      <trkpt lat="36.24627" lon="-96.56802">
        <ele>256.9</ele>
      </trkpt>
      <trkpt lat="36.24627" lon="-96.56697">
        <ele>256.5</ele>
      </trkpt>
      <trkpt lat="36.24627" lon="-96.56593">
        <ele>258.6</ele>
      </trkpt>
      <trkpt lat="36.24627" lon="-96.56489">
        <ele>262.2</ele>
      </trkpt>
      <trkpt lat="36.24627" lon="-96.56384">
        <ele>264.5</ele>
      </trkpt>
      <trkpt lat="36.24627" lon="-96.5628">
        <ele>267.2</ele>
      </trkpt>
      <trkpt lat="36.24627" lon="-96.56176">
        <ele>268.0</ele>
      </trkpt>
      <trkpt lat="36.24627" lon="-96.56072">
        <ele>268.7</ele>
      </trkpt>
      <trkpt lat="36.24627" lon="-96.55967">
        <ele>269.3</ele>
      </trkpt>
      <trkpt lat="36.24627" lon="-96.55863">
        <ele>270.5</ele>
      </trkpt>
      <trkpt lat="36.24627" lon="-96.55759">
        <ele>270.1</ele>
      </trkpt>
      <trkpt lat="36.24627" lon="-96.55655">
        <ele>269.5</ele>
      </trkpt>
      <trkpt lat="36.24626" lon="-96.5555">
        <ele>272.7</ele>
      </trkpt>
      <trkpt lat="36.24626" lon="-96.55446">
        <ele>275.3</ele>
      </trkpt>
      <trkpt lat="36.24626" lon="-96.55342">
        <ele>280.0</ele>
      </trkpt>
      <trkpt lat="36.24627" lon="-96.55235">
        <ele>286.1</ele>
      </trkpt>
      <trkpt lat="36.24628" lon="-96.55129">
        <ele>289.3</ele>
      </trkpt>
      <trkpt lat="36.24629" lon="-96.55023">
        <ele>291.1</ele>
      </trkpt>
      <trkpt lat="36.24628" lon="-96.54911">
        <ele>291.3</ele>
      </trkpt>
      <trkpt lat="36.24628" lon="-96.548">
        <ele>292.2</ele>
      </trkpt>
      <trkpt lat="36.24627" lon="-96.54689">
        <ele>295.4</ele>
      </trkpt>
      <trkpt lat="36.24627" lon="-96.54577">
        <ele>299.5</ele>
      </trkpt>
      <trkpt lat="36.24626" lon="-96.54466">
        <ele>299.0</ele>
      </trkpt>
      <trkpt lat="36.24626" lon="-96.54355">
        <ele>296.1</ele>
      </trkpt>
      <trkpt lat="36.24626" lon="-96.54243">
        <ele>293.4</ele>
      </trkpt>
      <trkpt lat="36.24625" lon="-96.54132">
        <ele>289.0</ele>
      </trkpt>
      <trkpt lat="36.24625" lon="-96.54021">
        <ele>285.7</ele>
      </trkpt>
      <trkpt lat="36.24624" lon="-96.53909">
        <ele>286.3</ele>
      </trkpt>
      <trkpt lat="36.24624" lon="-96.53798">
        <ele>284.0</ele>
      </trkpt>
      <trkpt lat="36.24624" lon="-96.53703">
        <ele>286.1</ele>
      </trkpt>
      <trkpt lat="36.24624" lon="-96.53607">
        <ele>287.2</ele>
      </trkpt>
      <trkpt lat="36.24624" lon="-96.53512">
        <ele>288.5</ele>
      </trkpt>
      <trkpt lat="36.24624" lon="-96.53417">
        <ele>289.0</ele>
      </trkpt>
      <trkpt lat="36.24624" lon="-96.53321">
        <ele>291.8</ele>
      </trkpt>
      <trkpt lat="36.24625" lon="-96.53226">
        <ele>293.8</ele>
      </trkpt>
      <trkpt lat="36.24701" lon="-96.53227">
        <ele>293.7</ele>
      </trkpt>
      <trkpt lat="36.24777" lon="-96.53229">
        <ele>293.0</ele>
      </trkpt>
      <trkpt lat="36.24854" lon="-96.5323">
        <ele>295.3</ele>
      </trkpt>
      <trkpt lat="36.2493" lon="-96.53231">
        <ele>300.7</ele>
      </trkpt>
      <trkpt lat="36.25007" lon="-96.53233">
        <ele>305.3</ele>
      </trkpt>
      <trkpt lat="36.25084" lon="-96.53235">
        <ele>305.5</ele>
      </trkpt>
      <trkpt lat="36.25162" lon="-96.53236">
        <ele>304.4</ele>
      </trkpt>
      <trkpt lat="36.25162" lon="-96.53236">
        <ele>304.4</ele>
      </trkpt>
      <trkpt lat="36.25245" lon="-96.53238">
        <ele>304.6</ele>
      </trkpt>
      <trkpt lat="36.25328" lon="-96.5324">
        <ele>307.0</ele>
      </trkpt>
      <trkpt lat="36.25416" lon="-96.53239">
        <ele>304.4</ele>
      </trkpt>
      <trkpt lat="36.25504" lon="-96.53237">
        <ele>301.1</ele>
      </trkpt>
      <trkpt lat="36.25591" lon="-96.53236">
        <ele>300.1</ele>
      </trkpt>
      <trkpt lat="36.25679" lon="-96.53235">
        <ele>297.9</ele>
      </trkpt>
      <trkpt lat="36.25767" lon="-96.53233">
        <ele>296.4</ele>
      </trkpt>
      <trkpt lat="36.25854" lon="-96.53232">
        <ele>295.2</ele>
      </trkpt>
      <trkpt lat="36.25942" lon="-96.5323">
        <ele>294.5</ele>
      </trkpt>
      <trkpt lat="36.25942" lon="-96.5323">
        <ele>294.5</ele>
      </trkpt>
      <trkpt lat="36.26005" lon="-96.53229">
        <ele>293.8</ele>
      </trkpt>
      <trkpt lat="36.26068" lon="-96.53229">
        <ele>292.9</ele>
      </trkpt>
      <trkpt lat="36.26067" lon="-96.53122">
        <ele>291.4</ele>
      </trkpt>
      <trkpt lat="36.26067" lon="-96.53016">
        <ele>288.7</ele>
      </trkpt>
      <trkpt lat="36.26066" lon="-96.52909">
        <ele>282.5</ele>
      </trkpt>
      <trkpt lat="36.26066" lon="-96.52803">
        <ele>282.8</ele>
      </trkpt>
      <trkpt lat="36.26065" lon="-96.52696">
        <ele>285.7</ele>
      </trkpt>
      <trkpt lat="36.26064" lon="-96.5259">
        <ele>283.2</ele>
      </trkpt>
      <trkpt lat="36.26064" lon="-96.52483">
        <ele>276.5</ele>
      </trkpt>
      <trkpt lat="36.26063" lon="-96.52377">
        <ele>286.1</ele>
      </trkpt>
      <trkpt lat="36.26063" lon="-96.52377">
        <ele>286.1</ele>
      </trkpt>
      <trkpt lat="36.26063" lon="-96.52377">
        <ele>286.1</ele>
      </trkpt>
      <trkpt lat="36.26062" lon="-96.52285">
        <ele>289.9</ele>
      </trkpt>
      <trkpt lat="36.26056" lon="-96.52186">
        <ele>287.8</ele>
      </trkpt>
      <trkpt lat="36.26033" lon="-96.52095">
        <ele>281.0</ele>
      </trkpt>
      <trkpt lat="36.26035" lon="-96.52036">
        <ele>282.0</ele>
      </trkpt>
      <trkpt lat="36.2606" lon="-96.51965">
        <ele>283.9</ele>
      </trkpt>
      <trkpt lat="36.26061" lon="-96.51864">
        <ele>275.7</ele>
      </trkpt>
      <trkpt lat="36.26063" lon="-96.51762">
        <ele>270.6</ele>
      </trkpt>
      <trkpt lat="36.26064" lon="-96.5166">
        <ele>267.4</ele>
      </trkpt>
      <trkpt lat="36.26065" lon="-96.51558">
        <ele>262.0</ele>
      </trkpt>
      <trkpt lat="36.26067" lon="-96.51457">
        <ele>259.9</ele>
      </trkpt>
      <trkpt lat="36.26035" lon="-96.5146">
        <ele>260.1</ele>
      </trkpt>
      <trkpt lat="36.25998" lon="-96.5144">
        <ele>259.3</ele>
      </trkpt>
      <trkpt lat="36.25952" lon="-96.51386">
        <ele>261.6</ele>
      </trkpt>
      <trkpt lat="36.25932" lon="-96.51307">
        <ele>268.4</ele>
      </trkpt>
      <trkpt lat="36.25929" lon="-96.51236">
        <ele>274.3</ele>
      </trkpt>
      <trkpt lat="36.25943" lon="-96.512">
        <ele>274.4</ele>
      </trkpt>
      <trkpt lat="36.25975" lon="-96.51154">
        <ele>270.5</ele>
      </trkpt>
      <trkpt lat="36.26048" lon="-96.51109">
        <ele>267.4</ele>
      </trkpt>
      <trkpt lat="36.26067" lon="-96.51067">
        <ele>262.0</ele>
      </trkpt>
      <trkpt lat="36.26069" lon="-96.50961">
        <ele>258.9</ele>
      </trkpt>
      <trkpt lat="36.26071" lon="-96.50855">
        <ele>259.9</ele>
      </trkpt>
      <trkpt lat="36.26073" lon="-96.5075">
        <ele>261.1</ele>
      </trkpt>
      <trkpt lat="36.26072" lon="-96.50644">
        <ele>258.4</ele>
      </trkpt>
      <trkpt lat="36.26071" lon="-96.50537">
        <ele>253.9</ele>
      </trkpt>
      <trkpt lat="36.2607" lon="-96.50439">
        <ele>252.5</ele>
      </trkpt>
      <trkpt lat="36.2607" lon="-96.5034">
        <ele>251.5</ele>
      </trkpt>
      <trkpt lat="36.2607" lon="-96.50241">
        <ele>250.2</ele>
      </trkpt>
      <trkpt lat="36.2607" lon="-96.50143">
        <ele>247.8</ele>
      </trkpt>
      <trkpt lat="36.26074" lon="-96.50092">
        <ele>249.2</ele>
      </trkpt>
      <trkpt lat="36.26073" lon="-96.50027">
        <ele>255.8</ele>
      </trkpt>
      <trkpt lat="36.26072" lon="-96.49962">
        <ele>257.9</ele>
      </trkpt>
      <trkpt lat="36.26071" lon="-96.4986">
        <ele>260.1</ele>
      </trkpt>
      <trkpt lat="36.26071" lon="-96.49759">
        <ele>261.6</ele>
      </trkpt>
      <trkpt lat="36.2607" lon="-96.49658">
        <ele>263.8</ele>
      </trkpt>
      <trkpt lat="36.26071" lon="-96.49559">
        <ele>264.5</ele>
      </trkpt>
      <trkpt lat="36.26071" lon="-96.49461">
        <ele>264.6</ele>
      </trkpt>
      <trkpt lat="36.26072" lon="-96.49362">
        <ele>261.8</ele>
      </trkpt>
      <trkpt lat="36.26073" lon="-96.49264">
        <ele>257.7</ele>
      </trkpt>
      <trkpt lat="36.26073" lon="-96.49166">
        <ele>249.3</ele>
      </trkpt>
      <trkpt lat="36.26074" lon="-96.49067">
        <ele>251.4</ele>
      </trkpt>
      <trkpt lat="36.26071" lon="-96.49011">
        <ele>247.0</ele>
      </trkpt>
      <trkpt lat="36.26067" lon="-96.48954">
        <ele>246.4</ele>
      </trkpt>
      <trkpt lat="36.26069" lon="-96.48849">
        <ele>247.7</ele>
      </trkpt>
      <trkpt lat="36.26072" lon="-96.48745">
        <ele>252.4</ele>
      </trkpt>
      <trkpt lat="36.26074" lon="-96.4864">
        <ele>257.3</ele>
      </trkpt>
      <trkpt lat="36.2609" lon="-96.48598">
        <ele>258.5</ele>
      </trkpt>
      <trkpt lat="36.26122" lon="-96.48559">
        <ele>259.6</ele>
      </trkpt>
      <trkpt lat="36.26191" lon="-96.48501">
        <ele>260.6</ele>
      </trkpt>
      <trkpt lat="36.2626" lon="-96.48443">
        <ele>262.7</ele>
      </trkpt>
      <trkpt lat="36.26329" lon="-96.48385">
        <ele>264.4</ele>
      </trkpt>
      <trkpt lat="36.26376" lon="-96.48346">
        <ele>265.2</ele>
      </trkpt>
      <trkpt lat="36.26422" lon="-96.48307">
        <ele>266.0</ele>
      </trkpt>
      <trkpt lat="36.26489" lon="-96.48242">
        <ele>266.5</ele>
      </trkpt>
      <trkpt lat="36.26539" lon="-96.48172">
        <ele>267.7</ele>
      </trkpt>
      <trkpt lat="36.26589" lon="-96.48102">
        <ele>269.5</ele>
      </trkpt>
      <trkpt lat="36.2664" lon="-96.48032">
        <ele>271.3</ele>
      </trkpt>
      <trkpt lat="36.2669" lon="-96.47962">
        <ele>274.2</ele>
      </trkpt>
      <trkpt lat="36.2674" lon="-96.47892">
        <ele>275.9</ele>
      </trkpt>
      <trkpt lat="36.26749" lon="-96.47889">
        <ele>276.1</ele>
      </trkpt>
      <trkpt lat="36.26834" lon="-96.47888">
        <ele>278.3</ele>
      </trkpt>
      <trkpt lat="36.26919" lon="-96.47887">
        <ele>281.0</ele>
      </trkpt>
      <trkpt lat="36.27004" lon="-96.47886">
        <ele>281.3</ele>
      </trkpt>
      <trkpt lat="36.27072" lon="-96.47886">
        <ele>278.4</ele>
      </trkpt>
      <trkpt lat="36.27141" lon="-96.47886">
        <ele>274.5</ele>
      </trkpt>
      <trkpt lat="36.27209" lon="-96.47885">
        <ele>265.8</ele>
      </trkpt>
      <trkpt lat="36.27278" lon="-96.47885">
        <ele>257.4</ele>
      </trkpt>
      <trkpt lat="36.27356" lon="-96.47885">
        <ele>253.1</ele>
      </trkpt>
      <trkpt lat="36.27435" lon="-96.47885">
        <ele>250.3</ele>
      </trkpt>
      <trkpt lat="36.27513" lon="-96.47884">
        <ele>251.5</ele>
      </trkpt>
      <trkpt lat="36.27591" lon="-96.47884">
        <ele>254.3</ele>
      </trkpt>
      <trkpt lat="36.27669" lon="-96.47884">
        <ele>258.5</ele>
      </trkpt>
      <trkpt lat="36.27669" lon="-96.47884">
        <ele>258.5</ele>
      </trkpt>
      <trkpt lat="36.27731" lon="-96.47884">
        <ele>261.5</ele>
      </trkpt>
      <trkpt lat="36.27793" lon="-96.47884">
        <ele>266.6</ele>
      </trkpt>
      <trkpt lat="36.27873" lon="-96.47885">
        <ele>257.5</ele>
      </trkpt>
      <trkpt lat="36.27952" lon="-96.47886">
        <ele>246.9</ele>
      </trkpt>
      <trkpt lat="36.28032" lon="-96.47886">
        <ele>248.1</ele>
      </trkpt>
      <trkpt lat="36.28111" lon="-96.47887">
        <ele>253.7</ele>
      </trkpt>
      <trkpt lat="36.28195" lon="-96.47885">
        <ele>251.5</ele>
      </trkpt>
      <trkpt lat="36.2828" lon="-96.47883">
        <ele>242.8</ele>
      </trkpt>
      <trkpt lat="36.28364" lon="-96.4788">
        <ele>247.3</ele>
      </trkpt>
      <trkpt lat="36.28448" lon="-96.47878">
        <ele>252.1</ele>
      </trkpt>
      <trkpt lat="36.28532" lon="-96.47876">
        <ele>254.8</ele>
      </trkpt>
      <trkpt lat="36.2861" lon="-96.47876">
        <ele>257.5</ele>
      </trkpt>
      <trkpt lat="36.28687" lon="-96.47876">
        <ele>258.3</ele>
      </trkpt>
      <trkpt lat="36.28765" lon="-96.47876">
        <ele>258.0</ele>
      </trkpt>
      <trkpt lat="36.28765" lon="-96.47876">
        <ele>258.0</ele>
      </trkpt>
      <trkpt lat="36.28827" lon="-96.47876">
        <ele>255.2</ele>
      </trkpt>
      <trkpt lat="36.28889" lon="-96.47876">
        <ele>252.9</ele>
      </trkpt>
      <trkpt lat="36.28951" lon="-96.47876">
        <ele>250.6</ele>
      </trkpt>
      <trkpt lat="36.29034" lon="-96.47873">
        <ele>251.4</ele>
      </trkpt>
      <trkpt lat="36.29117" lon="-96.47871">
        <ele>251.1</ele>
      </trkpt>
      <trkpt lat="36.29199" lon="-96.47868">
        <ele>245.7</ele>
      </trkpt>
      <trkpt lat="36.29282" lon="-96.47866">
        <ele>247.3</ele>
      </trkpt>
      <trkpt lat="36.29344" lon="-96.47871">
        <ele>254.8</ele>
      </trkpt>
      <trkpt lat="36.29407" lon="-96.47877">
        <ele>256.4</ele>
      </trkpt>
      <trkpt lat="36.2945" lon="-96.47878">
        <ele>254.5</ele>
      </trkpt>
      <trkpt lat="36.29527" lon="-96.47861">
        <ele>250.8</ele>
      </trkpt>
      <trkpt lat="36.29611" lon="-96.47867">
        <ele>242.9</ele>
      </trkpt>
      <trkpt lat="36.29694" lon="-96.47874">
        <ele>234.2</ele>
      </trkpt>
      <trkpt lat="36.29752" lon="-96.47874">
        <ele>232.1</ele>
      </trkpt>
      <trkpt lat="36.29809" lon="-96.47866">
        <ele>231.9</ele>
      </trkpt>
      <trkpt lat="36.29866" lon="-96.47859">
        <ele>232.1</ele>
      </trkpt>
      <trkpt lat="36.29948" lon="-96.47856">
        <ele>232.2</ele>
      </trkpt>
      <trkpt lat="36.30013" lon="-96.47856">
        <ele>232.3</ele>
      </trkpt>
      <trkpt lat="36.30077" lon="-96.47859">
        <ele>232.5</ele>
      </trkpt>
      <trkpt lat="36.30142" lon="-96.47862">
        <ele>232.0</ele>
      </trkpt>
      <trkpt lat="36.30155" lon="-96.47865">
        <ele>232.1</ele>
      </trkpt>
      <trkpt lat="36.30236" lon="-96.47874">
        <ele>231.8</ele>
      </trkpt>
      <trkpt lat="36.30236" lon="-96.47874">
        <ele>231.8</ele>
      </trkpt>
      <trkpt lat="36.30311" lon="-96.47883">
        <ele>233.4</ele>
      </trkpt>
      <trkpt lat="36.30386" lon="-96.47891">
        <ele>234.7</ele>
      </trkpt>
      <trkpt lat="36.3042" lon="-96.47892">
        <ele>235.6</ele>
      </trkpt>
      <trkpt lat="36.30417" lon="-96.47825">
        <ele>229.5</ele>
      </trkpt>
      <trkpt lat="36.30413" lon="-96.47758">
        <ele>233.1</ele>
      </trkpt>
      <trkpt lat="36.3041" lon="-96.47698">
        <ele>233.2</ele>
      </trkpt>
      <trkpt lat="36.30406" lon="-96.47639">
        <ele>232.6</ele>
      </trkpt>
      <trkpt lat="36.30405" lon="-96.47551">
        <ele>231.9</ele>
      </trkpt>
      <trkpt lat="36.30404" lon="-96.47515">
        <ele>232.1</ele>
      </trkpt>
      <trkpt lat="36.30405" lon="-96.47455">
        <ele>231.5</ele>
      </trkpt>
      <trkpt lat="36.30407" lon="-96.47396">
        <ele>229.3</ele>
      </trkpt>
      <trkpt lat="36.30406" lon="-96.47302">
        <ele>227.1</ele>
      </trkpt>
      <trkpt lat="36.30405" lon="-96.47209">
        <ele>224.5</ele>
      </trkpt>
      <trkpt lat="36.30403" lon="-96.47115">
        <ele>227.9</ele>
      </trkpt>
      <trkpt lat="36.30402" lon="-96.47021">
        <ele>231.8</ele>
      </trkpt>
      <trkpt lat="36.30401" lon="-96.46927">
        <ele>232.1</ele>
      </trkpt>
      <trkpt lat="36.30401" lon="-96.46927">
        <ele>232.1</ele>
      </trkpt>
      <trkpt lat="36.30401" lon="-96.4683">
        <ele>229.2</ele>
      </trkpt>
      <trkpt lat="36.304" lon="-96.46733">
        <ele>228.0</ele>
      </trkpt>
      <trkpt lat="36.30408" lon="-96.46698">
        <ele>228.0</ele>
      </trkpt>
      <trkpt lat="36.30421" lon="-96.46661">
        <ele>228.0</ele>
      </trkpt>
      <trkpt lat="36.30427" lon="-96.46654">
        <ele>228.0</ele>
      </trkpt>
      <trkpt lat="36.30434" lon="-96.4665">
        <ele>228.1</ele>
      </trkpt>
      <trkpt lat="36.30434" lon="-96.4665">
        <ele>228.1</ele>
      </trkpt>
      <trkpt lat="36.30447" lon="-96.46645">
        <ele>228.3</ele>
      </trkpt>
      <trkpt lat="36.30463" lon="-96.46643">
        <ele>228.6</ele>
      </trkpt>
      <trkpt lat="36.30516" lon="-96.46646">
        <ele>230.3</ele>
      </trkpt>
      <trkpt lat="36.3057" lon="-96.46648">
        <ele>230.9</ele>
      </trkpt>
      <trkpt lat="36.3057" lon="-96.46612">
        <ele>230.3</ele>
      </trkpt>
      <trkpt lat="36.3057" lon="-96.46612">
        <ele>230.3</ele>
      </trkpt>
      <trkpt lat="36.30572" lon="-96.4652">
        <ele>230.6</ele>
      </trkpt>
      <trkpt lat="36.30572" lon="-96.4646">
        <ele>231.5</ele>
      </trkpt>
      <trkpt lat="36.30572" lon="-96.46401">
        <ele>232.5</ele>
      </trkpt>
      <trkpt lat="36.30615" lon="-96.46401">
        <ele>234.1</ele>
      </trkpt>
      <trkpt lat="36.30616" lon="-96.46395">
        <ele>234.1</ele>
      </trkpt>
      <trkpt lat="36.30616" lon="-96.46395">
        <ele>234.1</ele>
      </trkpt>
      <trkpt lat="36.30615" lon="-96.46401">
        <ele>234.1</ele>
      </trkpt>
      <trkpt lat="36.30701" lon="-96.46401">
        <ele>237.1</ele>
      </trkpt>
      <trkpt lat="36.30787" lon="-96.46402">
        <ele>239.9</ele>
      </trkpt>
      <trkpt lat="36.30873" lon="-96.46403">
        <ele>240.6</ele>
      </trkpt>
      <trkpt lat="36.3096" lon="-96.46403">
        <ele>238.4</ele>
      </trkpt>
      <trkpt lat="36.31045" lon="-96.46403">
        <ele>235.9</ele>
      </trkpt>
      <trkpt lat="36.31116" lon="-96.46404">
        <ele>233.4</ele>
      </trkpt>
      <trkpt lat="36.31169" lon="-96.46407">
        <ele>231.8</ele>
      </trkpt>
      <trkpt lat="36.31222" lon="-96.46409">
        <ele>231.8</ele>
      </trkpt>
      <trkpt lat="36.31292" lon="-96.4641">
        <ele>231.8</ele>
      </trkpt>
      <trkpt lat="36.31311" lon="-96.46412">
        <ele>231.8</ele>
      </trkpt>
      <trkpt lat="36.31385" lon="-96.46414">
        <ele>231.8</ele>
      </trkpt>
      <trkpt lat="36.31459" lon="-96.46416">
        <ele>231.8</ele>
      </trkpt>
      <trkpt lat="36.31534" lon="-96.46418">
        <ele>231.8</ele>
      </trkpt>
      <trkpt lat="36.31608" lon="-96.4642">
        <ele>232.5</ele>
      </trkpt>
      <trkpt lat="36.31674" lon="-96.46421">
        <ele>232.8</ele>
      </trkpt>
      <trkpt lat="36.31741" lon="-96.46423">
        <ele>232.1</ele>
      </trkpt>
      <trkpt lat="36.31741" lon="-96.46423">
        <ele>232.1</ele>
      </trkpt>
      <trkpt lat="36.31794" lon="-96.46423">
        <ele>231.9</ele>
      </trkpt>
      <trkpt lat="36.31847" lon="-96.46424">
        <ele>231.8</ele>
      </trkpt>
      <trkpt lat="36.3187" lon="-96.46428">
        <ele>232.0</ele>
      </trkpt>
      <trkpt lat="36.31944" lon="-96.4643">
        <ele>231.9</ele>
      </trkpt>
      <trkpt lat="36.32003" lon="-96.46429">
        <ele>232.5</ele>
      </trkpt>
      <trkpt lat="36.32062" lon="-96.46429">
        <ele>234.1</ele>
      </trkpt>
      <trkpt lat="36.32121" lon="-96.46422">
        <ele>233.1</ele>
      </trkpt>
      <trkpt lat="36.32159" lon="-96.46413">
        <ele>232.2</ele>
      </trkpt>
      <trkpt lat="36.322" lon="-96.46401">
        <ele>232.1</ele>
      </trkpt>
      <trkpt lat="36.32227" lon="-96.46391">
        <ele>232.6</ele>
      </trkpt>
      <trkpt lat="36.3225" lon="-96.4638">
        <ele>232.7</ele>
      </trkpt>
      <trkpt lat="36.32293" lon="-96.4636">
        <ele>232.8</ele>
      </trkpt>
      <trkpt lat="36.32329" lon="-96.46338">
        <ele>232.7</ele>
      </trkpt>
      <trkpt lat="36.32363" lon="-96.46314">
        <ele>232.8</ele>
      </trkpt>
      <trkpt lat="36.32421" lon="-96.46268">
        <ele>232.8</ele>
      </trkpt>
      <trkpt lat="36.32471" lon="-96.46221">
        <ele>232.6</ele>
      </trkpt>
      <trkpt lat="36.32494" lon="-96.46194">
        <ele>232.6</ele>
      </trkpt>
      <trkpt lat="36.32519" lon="-96.46162">
        <ele>232.6</ele>
      </trkpt>
      <trkpt lat="36.32549" lon="-96.4612">
        <ele>232.5</ele>
      </trkpt>
      <trkpt lat="36.32577" lon="-96.46069">
        <ele>232.6</ele>
      </trkpt>
      <trkpt lat="36.3262" lon="-96.45985">
        <ele>232.8</ele>
      </trkpt>
      <trkpt lat="36.32663" lon="-96.45899">
        <ele>232.6</ele>
      </trkpt>
      <trkpt lat="36.32706" lon="-96.45813">
        <ele>232.8</ele>
      </trkpt>
      <trkpt lat="36.32706" lon="-96.45813">
        <ele>232.8</ele>
      </trkpt>
      <trkpt lat="36.32747" lon="-96.45731">
        <ele>232.7</ele>
      </trkpt>
      <trkpt lat="36.32789" lon="-96.45649">
        <ele>232.8</ele>
      </trkpt>
      <trkpt lat="36.3283" lon="-96.45567">
        <ele>232.7</ele>
      </trkpt>
      <trkpt lat="36.32872" lon="-96.45485">
        <ele>234.0</ele>
      </trkpt>
      <trkpt lat="36.32904" lon="-96.45419">
        <ele>235.1</ele>
      </trkpt>
      <trkpt lat="36.32937" lon="-96.45353">
        <ele>236.2</ele>
      </trkpt>
      <trkpt lat="36.32937" lon="-96.45353">
        <ele>236.2</ele>
      </trkpt>
      <trkpt lat="36.3298" lon="-96.45264">
        <ele>237.7</ele>
      </trkpt>
      <trkpt lat="36.33024" lon="-96.45175">
        <ele>239.1</ele>
      </trkpt>
      <trkpt lat="36.33048" lon="-96.45125">
        <ele>240.0</ele>
      </trkpt>
      <trkpt lat="36.33072" lon="-96.45074">
        <ele>240.2</ele>
      </trkpt>
      <trkpt lat="36.33112" lon="-96.44995">
        <ele>240.3</ele>
      </trkpt>
      <trkpt lat="36.33153" lon="-96.44915">
        <ele>240.4</ele>
      </trkpt>
      <trkpt lat="36.33194" lon="-96.44836">
        <ele>239.0</ele>
      </trkpt>
      <trkpt lat="36.33233" lon="-96.44758">
        <ele>239.7</ele>
      </trkpt>
      <trkpt lat="36.33272" lon="-96.4468">
        <ele>238.8</ele>
      </trkpt>
      <trkpt lat="36.33311" lon="-96.44602">
        <ele>240.3</ele>
      </trkpt>
      <trkpt lat="36.33349" lon="-96.44524">
        <ele>238.4</ele>
      </trkpt>
      <trkpt lat="36.33388" lon="-96.44447">
        <ele>235.0</ele>
      </trkpt>
      <trkpt lat="36.33427" lon="-96.4437">
        <ele>232.1</ele>
      </trkpt>
      <trkpt lat="36.33465" lon="-96.44293">
        <ele>232.7</ele>
      </trkpt>
      <trkpt lat="36.33504" lon="-96.44216">
        <ele>232.4</ele>
      </trkpt>
      <trkpt lat="36.33504" lon="-96.44216">
        <ele>232.4</ele>
      </trkpt>
      <trkpt lat="36.33541" lon="-96.44144">
        <ele>232.3</ele>
      </trkpt>
      <trkpt lat="36.33578" lon="-96.44072">
        <ele>232.4</ele>
      </trkpt>
      <trkpt lat="36.33609" lon="-96.44019">
        <ele>232.5</ele>
      </trkpt>
      <trkpt lat="36.3364" lon="-96.43966">
        <ele>231.9</ele>
      </trkpt>
      <trkpt lat="36.33676" lon="-96.43912">
        <ele>234.0</ele>
      </trkpt>
      <trkpt lat="36.33714" lon="-96.43857">
        <ele>236.9</ele>
      </trkpt>
      <trkpt lat="36.33764" lon="-96.43793">
        <ele>238.6</ele>
      </trkpt>
      <trkpt lat="36.33801" lon="-96.43748">
        <ele>238.8</ele>
      </trkpt>
      <trkpt lat="36.3384" lon="-96.43704">
        <ele>239.9</ele>
      </trkpt>
      <trkpt lat="36.33861" lon="-96.43758">
        <ele>240.3</ele>
      </trkpt>
      <trkpt lat="36.33882" lon="-96.43812">
        <ele>237.7</ele>
      </trkpt>
      <trkpt lat="36.33902" lon="-96.43871">
        <ele>234.4</ele>
      </trkpt>
      <trkpt lat="36.33922" lon="-96.4393">
        <ele>233.2</ele>
      </trkpt>
      <trkpt lat="36.33928" lon="-96.44011">
        <ele>231.9</ele>
      </trkpt>
      <trkpt lat="36.33933" lon="-96.44093">
        <ele>226.7</ele>
      </trkpt>
      <trkpt lat="36.33933" lon="-96.44093">
        <ele>226.7</ele>
      </trkpt>
      <trkpt lat="36.33938" lon="-96.44188">
        <ele>232.7</ele>
      </trkpt>
      <trkpt lat="36.33943" lon="-96.44283">
        <ele>232.1</ele>
      </trkpt>
      <trkpt lat="36.33948" lon="-96.44378">
        <ele>231.8</ele>
      </trkpt>
      <trkpt lat="36.33953" lon="-96.44472">
        <ele>235.4</ele>
      </trkpt>
      <trkpt lat="36.33958" lon="-96.44567">
        <ele>241.4</ele>
      </trkpt>
      <trkpt lat="36.33964" lon="-96.44662">
        <ele>248.4</ele>
      </trkpt>
      <trkpt lat="36.33969" lon="-96.44709">
        <ele>251.6</ele>
      </trkpt>
      <trkpt lat="36.33978" lon="-96.44748">
        <ele>252.9</ele>
      </trkpt>
      <trkpt lat="36.33995" lon="-96.44783">
        <ele>253.5</ele>
      </trkpt>
      <trkpt lat="36.34012" lon="-96.44818">
        <ele>255.3</ele>
      </trkpt>
      <trkpt lat="36.34043" lon="-96.44852">
        <ele>256.9</ele>
      </trkpt>
      <trkpt lat="36.34072" lon="-96.44877">
        <ele>258.5</ele>
      </trkpt>
      <trkpt lat="36.34117" lon="-96.44908">
        <ele>261.3</ele>
      </trkpt>
      <trkpt lat="36.34162" lon="-96.44939">
        <ele>261.9</ele>
      </trkpt>
      <trkpt lat="36.34192" lon="-96.44976">
        <ele>261.2</ele>
      </trkpt>
      <trkpt lat="36.3427" lon="-96.45019">
        <ele>261.4</ele>
      </trkpt>
      <trkpt lat="36.34348" lon="-96.45061">
        <ele>260.2</ele>
      </trkpt>
      <trkpt lat="36.34393" lon="-96.4507">
        <ele>260.3</ele>
      </trkpt>
      <trkpt lat="36.34437" lon="-96.45078">
        <ele>260.9</ele>
      </trkpt>
      <trkpt lat="36.34525" lon="-96.45084">
        <ele>261.2</ele>
      </trkpt>
      <trkpt lat="36.34613" lon="-96.4509">
        <ele>263.6</ele>
      </trkpt>
      <trkpt lat="36.347" lon="-96.45097">
        <ele>266.7</ele>
      </trkpt>
      <trkpt lat="36.34788" lon="-96.45103">
        <ele>266.4</ele>
      </trkpt>
      <trkpt lat="36.34876" lon="-96.45109">
        <ele>265.6</ele>
      </trkpt>
      <trkpt lat="36.34964" lon="-96.45115">
        <ele>263.1</ele>
      </trkpt>
      <trkpt lat="36.35036" lon="-96.45105">
        <ele>263.6</ele>
      </trkpt>
      <trkpt lat="36.35108" lon="-96.45095">
        <ele>263.3</ele>
      </trkpt>
      <trkpt lat="36.3518" lon="-96.45079">
        <ele>261.5</ele>
      </trkpt>
      <trkpt lat="36.35252" lon="-96.45064">
        <ele>260.4</ele>
      </trkpt>
      <trkpt lat="36.35252" lon="-96.45064">
        <ele>260.4</ele>
      </trkpt>
      <trkpt lat="36.35327" lon="-96.45047">
        <ele>259.3</ele>
      </trkpt>
      <trkpt lat="36.35386" lon="-96.45051">
        <ele>258.1</ele>
      </trkpt>
      <trkpt lat="36.35444" lon="-96.45056">
        <ele>257.3</ele>
      </trkpt>
      <trkpt lat="36.35492" lon="-96.45081">
        <ele>258.2</ele>
      </trkpt>
      <trkpt lat="36.35549" lon="-96.45155">
        <ele>261.2</ele>
      </trkpt>
      <trkpt lat="36.35579" lon="-96.45202">
        <ele>261.7</ele>
      </trkpt>
      <trkpt lat="36.35608" lon="-96.45249">
        <ele>261.9</ele>
      </trkpt>
      <trkpt lat="36.35647" lon="-96.45335">
        <ele>261.6</ele>
      </trkpt>
      <trkpt lat="36.35684" lon="-96.45416">
        <ele>258.5</ele>
      </trkpt>
      <trkpt lat="36.35721" lon="-96.45497">
        <ele>256.6</ele>
      </trkpt>
      <trkpt lat="36.35752" lon="-96.45567">
        <ele>256.9</ele>
      </trkpt>
      <trkpt lat="36.35783" lon="-96.45637">
        <ele>260.5</ele>
      </trkpt>
      <trkpt lat="36.35795" lon="-96.45665">
        <ele>261.0</ele>
      </trkpt>
      <trkpt lat="36.35802" lon="-96.45686">
        <ele>260.9</ele>
      </trkpt>
      <trkpt lat="36.35807" lon="-96.45709">
        <ele>260.6</ele>
      </trkpt>
      <trkpt lat="36.35812" lon="-96.45733">
        <ele>260.3</ele>
      </trkpt>
      <trkpt lat="36.35815" lon="-96.45759">
        <ele>260.1</ele>
      </trkpt>
      <trkpt lat="36.35817" lon="-96.45791">
        <ele>259.8</ele>
      </trkpt>
      <trkpt lat="36.35815" lon="-96.45828">
        <ele>260.6</ele>
      </trkpt>
      <trkpt lat="36.3581" lon="-96.45867">
        <ele>261.5</ele>
      </trkpt>
      <trkpt lat="36.35795" lon="-96.4596">
        <ele>264.3</ele>
      </trkpt>
      <trkpt lat="36.35781" lon="-96.46053">
        <ele>267.9</ele>
      </trkpt>
      <trkpt lat="36.35766" lon="-96.46146">
        <ele>270.8</ele>
      </trkpt>
      <trkpt lat="36.35752" lon="-96.46239">
        <ele>268.4</ele>
      </trkpt>
      <trkpt lat="36.35738" lon="-96.46332">
        <ele>266.4</ele>
      </trkpt>
      <trkpt lat="36.35725" lon="-96.46416">
        <ele>265.5</ele>
      </trkpt>
      <trkpt lat="36.35712" lon="-96.465">
        <ele>264.2</ele>
      </trkpt>
      <trkpt lat="36.35699" lon="-96.46583">
        <ele>260.6</ele>
      </trkpt>
      <trkpt lat="36.35687" lon="-96.46667">
        <ele>255.3</ele>
      </trkpt>
      <trkpt lat="36.35678" lon="-96.46706">
        <ele>253.9</ele>
      </trkpt>
      <trkpt lat="36.35668" lon="-96.4674">
        <ele>252.6</ele>
      </trkpt>
      <trkpt lat="36.35645" lon="-96.46813">
        <ele>249.3</ele>
      </trkpt>
      <trkpt lat="36.35621" lon="-96.46887">
        <ele>244.9</ele>
      </trkpt>
      <trkpt lat="36.35598" lon="-96.4696">
        <ele>238.3</ele>
      </trkpt>
      <trkpt lat="36.35592" lon="-96.46981">
        <ele>238.6</ele>
      </trkpt>
      <trkpt lat="36.35587" lon="-96.47008">
        <ele>237.2</ele>
      </trkpt>
      <trkpt lat="36.35583" lon="-96.47037">
        <ele>234.1</ele>
      </trkpt>
      <trkpt lat="36.35581" lon="-96.47061">
        <ele>232.2</ele>
      </trkpt>
      <trkpt lat="36.35583" lon="-96.47086">
        <ele>232.2</ele>
      </trkpt>
      <trkpt lat="36.35589" lon="-96.47121">
        <ele>225.2</ele>
      </trkpt>
      <trkpt lat="36.35607" lon="-96.47213">
        <ele>232.3</ele>
      </trkpt>
      <trkpt lat="36.35625" lon="-96.47304">
        <ele>234.3</ele>
      </trkpt>
      <trkpt lat="36.35644" lon="-96.47396">
        <ele>238.1</ele>
      </trkpt>
      <trkpt lat="36.35662" lon="-96.47488">
        <ele>241.1</ele>
      </trkpt>
      <trkpt lat="36.35668" lon="-96.4752">
        <ele>242.3</ele>
      </trkpt>
      <trkpt lat="36.35668" lon="-96.4752">
        <ele>242.3</ele>
      </trkpt>
      <trkpt lat="36.35672" lon="-96.47542">
        <ele>242.3</ele>
      </trkpt>
      <trkpt lat="36.35678" lon="-96.47597">
        <ele>243.2</ele>
      </trkpt>
      <trkpt lat="36.35681" lon="-96.47647">
        <ele>244.8</ele>
      </trkpt>
      <trkpt lat="36.35682" lon="-96.47675">
        <ele>244.8</ele>
      </trkpt>
      <trkpt lat="36.35682" lon="-96.47746">
        <ele>243.4</ele>
      </trkpt>
      <trkpt lat="36.35681" lon="-96.47785">
        <ele>242.8</ele>
      </trkpt>
      <trkpt lat="36.35675" lon="-96.4786">
        <ele>241.4</ele>
      </trkpt>
      <trkpt lat="36.35696" lon="-96.47862">
        <ele>240.6</ele>
      </trkpt>
      <trkpt lat="36.35746" lon="-96.47862">
        <ele>240.6</ele>
      </trkpt>
      <trkpt lat="36.35795" lon="-96.47862">
        <ele>240.6</ele>
      </trkpt>
      <trkpt lat="36.35863" lon="-96.47861">
        <ele>240.4</ele>
      </trkpt>
      <trkpt lat="36.35932" lon="-96.47859">
        <ele>237.6</ele>
      </trkpt>
      <trkpt lat="36.36001" lon="-96.47858">
        <ele>241.2</ele>
      </trkpt>
      <trkpt lat="36.36053" lon="-96.4786">
        <ele>245.6</ele>
      </trkpt>
      <trkpt lat="36.36104" lon="-96.47863">
        <ele>248.8</ele>
      </trkpt>
      <trkpt lat="36.36125" lon="-96.47865">
        <ele>250.4</ele>
      </trkpt>
      <trkpt lat="36.36169" lon="-96.47875">
        <ele>255.0</ele>
      </trkpt>
      <trkpt lat="36.36235" lon="-96.47895">
        <ele>261.8</ele>
      </trkpt>
      <trkpt lat="36.36267" lon="-96.47904">
        <ele>265.7</ele>
      </trkpt>
      <trkpt lat="36.36292" lon="-96.47909">
        <ele>268.5</ele>
      </trkpt>
      <trkpt lat="36.36332" lon="-96.47913">
        <ele>272.1</ele>
      </trkpt>
      <trkpt lat="36.36389" lon="-96.47921">
        <ele>280.2</ele>
      </trkpt>
      <trkpt lat="36.36426" lon="-96.47929">
        <ele>283.6</ele>
      </trkpt>
      <trkpt lat="36.36445" lon="-96.47935">
        <ele>284.3</ele>
      </trkpt>
      <trkpt lat="36.36458" lon="-96.47945">
        <ele>284.2</ele>
      </trkpt>
      <trkpt lat="36.36471" lon="-96.47958">
        <ele>284.1</ele>
      </trkpt>
      <trkpt lat="36.36487" lon="-96.47975">
        <ele>283.6</ele>
      </trkpt>
      <trkpt lat="36.36527" lon="-96.48025">
        <ele>282.1</ele>
      </trkpt>
      <trkpt lat="36.36566" lon="-96.48076">
        <ele>282.1</ele>
      </trkpt>
      <trkpt lat="36.36592" lon="-96.48103">
        <ele>282.0</ele>
      </trkpt>
      <trkpt lat="36.36592" lon="-96.48103">
        <ele>282.0</ele>
      </trkpt>
      <trkpt lat="36.36632" lon="-96.48145">
        <ele>281.7</ele>
      </trkpt>
      <trkpt lat="36.36671" lon="-96.48187">
        <ele>281.8</ele>
      </trkpt>
      <trkpt lat="36.36724" lon="-96.4824">
        <ele>282.6</ele>
      </trkpt>
      <trkpt lat="36.3674" lon="-96.48255">
        <ele>283.2</ele>
      </trkpt>
      <trkpt lat="36.36759" lon="-96.48268">
        <ele>283.9</ele>
      </trkpt>
      <trkpt lat="36.3678" lon="-96.48278">
        <ele>284.1</ele>
      </trkpt>
      <trkpt lat="36.36802" lon="-96.48284">
        <ele>284.1</ele>
      </trkpt>
      <trkpt lat="36.36825" lon="-96.48287">
        <ele>284.2</ele>
      </trkpt>
      <trkpt lat="36.36904" lon="-96.48289">
        <ele>284.2</ele>
      </trkpt>
      <trkpt lat="36.36965" lon="-96.48297">
        <ele>285.9</ele>
      </trkpt>
      <trkpt lat="36.37033" lon="-96.4831">
        <ele>288.9</ele>
      </trkpt>
      <trkpt lat="36.3711" lon="-96.48327">
        <ele>293.3</ele>
      </trkpt>
      <trkpt lat="36.37197" lon="-96.48347">
        <ele>294.0</ele>
      </trkpt>
      <trkpt lat="36.37209" lon="-96.48351">
        <ele>293.9</ele>
      </trkpt>
      <trkpt lat="36.37224" lon="-96.48316">
        <ele>292.8</ele>
      </trkpt>
      <trkpt lat="36.37236" lon="-96.48297">
        <ele>292.2</ele>
      </trkpt>
      <trkpt lat="36.37252" lon="-96.48276">
        <ele>292.0</ele>
      </trkpt>
      <trkpt lat="36.37273" lon="-96.48253">
        <ele>291.7</ele>
      </trkpt>
      <trkpt lat="36.37337" lon="-96.48194">
        <ele>291.2</ele>
      </trkpt>
      <trkpt lat="36.374" lon="-96.48134">
        <ele>291.0</ele>
      </trkpt>
      <trkpt lat="36.374" lon="-96.48134">
        <ele>291.0</ele>
      </trkpt>
      <trkpt lat="36.37436" lon="-96.48101">
        <ele>291.4</ele>
      </trkpt>
      <trkpt lat="36.37472" lon="-96.48067">
        <ele>292.3</ele>
      </trkpt>
      <trkpt lat="36.37543" lon="-96.48">
        <ele>294.5</ele>
      </trkpt>
      <trkpt lat="36.37593" lon="-96.47954">
        <ele>297.2</ele>
      </trkpt>
      <trkpt lat="36.37643" lon="-96.47909">
        <ele>299.4</ele>
      </trkpt>
      <trkpt lat="36.37663" lon="-96.47894">
        <ele>299.4</ele>
      </trkpt>
      <trkpt lat="36.37684" lon="-96.47883">
        <ele>299.6</ele>
      </trkpt>
      <trkpt lat="36.37702" lon="-96.47876">
        <ele>299.9</ele>
      </trkpt>
      <trkpt lat="36.3772" lon="-96.47871">
        <ele>301.3</ele>
      </trkpt>
      <trkpt lat="36.37749" lon="-96.47869">
        <ele>303.3</ele>
      </trkpt>
      <trkpt lat="36.37818" lon="-96.4787">
        <ele>307.2</ele>
      </trkpt>
      <trkpt lat="36.37887" lon="-96.47872">
        <ele>308.9</ele>
      </trkpt>
      <trkpt lat="36.37966" lon="-96.47872">
        <ele>308.9</ele>
      </trkpt>
      <trkpt lat="36.38046" lon="-96.47872">
        <ele>309.2</ele>
      </trkpt>
      <trkpt lat="36.38125" lon="-96.47873">
        <ele>309.1</ele>
      </trkpt>
      <trkpt lat="36.38148" lon="-96.47871">
        <ele>309.3</ele>
      </trkpt>
      <trkpt lat="36.38173" lon="-96.47867">
        <ele>309.4</ele>
      </trkpt>
      <trkpt lat="36.38217" lon="-96.47853">
        <ele>309.6</ele>
      </trkpt>
      <trkpt lat="36.38237" lon="-96.47844">
        <ele>309.6</ele>
      </trkpt>
      <trkpt lat="36.38259" lon="-96.47834">
        <ele>309.7</ele>
      </trkpt>
      <trkpt lat="36.38282" lon="-96.47819">
        <ele>309.7</ele>
      </trkpt>
      <trkpt lat="36.38311" lon="-96.47797">
        <ele>309.9</ele>
      </trkpt>
      <trkpt lat="36.3838" lon="-96.47738">
        <ele>309.9</ele>
      </trkpt>
      <trkpt lat="36.38407" lon="-96.47719">
        <ele>310.4</ele>
      </trkpt>
      <trkpt lat="36.38431" lon="-96.47704">
        <ele>310.8</ele>
      </trkpt>
      <trkpt lat="36.38454" lon="-96.47693">
        <ele>311.8</ele>
      </trkpt>
      <trkpt lat="36.38478" lon="-96.47688">
        <ele>312.7</ele>
      </trkpt>
      <trkpt lat="36.38543" lon="-96.47689">
        <ele>312.5</ele>
      </trkpt>
      <trkpt lat="36.38579" lon="-96.47691">
        <ele>310.9</ele>
      </trkpt>
      <trkpt lat="36.38606" lon="-96.47695">
        <ele>310.5</ele>
      </trkpt>
      <trkpt lat="36.38637" lon="-96.47702">
        <ele>310.0</ele>
      </trkpt>
      <trkpt lat="36.38661" lon="-96.4771">
        <ele>309.4</ele>
      </trkpt>
      <trkpt lat="36.38685" lon="-96.47723">
        <ele>308.9</ele>
      </trkpt>
      <trkpt lat="36.3873" lon="-96.47752">
        <ele>308.9</ele>
      </trkpt>
      <trkpt lat="36.38766" lon="-96.4777">
        <ele>309.4</ele>
      </trkpt>
      <trkpt lat="36.38796" lon="-96.47779">
        <ele>309.9</ele>
      </trkpt>
      <trkpt lat="36.38826" lon="-96.47782">
        <ele>310.0</ele>
      </trkpt>
      <trkpt lat="36.38848" lon="-96.4778">
        <ele>310.0</ele>
      </trkpt>
      <trkpt lat="36.38868" lon="-96.47773">
        <ele>309.9</ele>
      </trkpt>
      <trkpt lat="36.38885" lon="-96.47764">
        <ele>310.0</ele>
      </trkpt>
      <trkpt lat="36.38904" lon="-96.47749">
        <ele>310.0</ele>
      </trkpt>
      <trkpt lat="36.38925" lon="-96.47727">
        <ele>310.2</ele>
      </trkpt>
      <trkpt lat="36.38942" lon="-96.47706">
        <ele>310.6</ele>
      </trkpt>
      <trkpt lat="36.38991" lon="-96.47633">
        <ele>311.8</ele>
      </trkpt>
      <trkpt lat="36.38991" lon="-96.47633">
        <ele>311.8</ele>
      </trkpt>
      <trkpt lat="36.39039" lon="-96.47562">
        <ele>312.9</ele>
      </trkpt>
      <trkpt lat="36.39053" lon="-96.47543">
        <ele>313.0</ele>
      </trkpt>
      <trkpt lat="36.39065" lon="-96.4753">
        <ele>312.9</ele>
      </trkpt>
      <trkpt lat="36.39081" lon="-96.47516">
        <ele>312.9</ele>
      </trkpt>
      <trkpt lat="36.39096" lon="-96.47509">
        <ele>312.8</ele>
      </trkpt>
      <trkpt lat="36.3911" lon="-96.47508">
        <ele>312.8</ele>
      </trkpt>
      <trkpt lat="36.39157" lon="-96.47512">
        <ele>311.4</ele>
      </trkpt>
      <trkpt lat="36.3922" lon="-96.4752">
        <ele>305.0</ele>
      </trkpt>
      <trkpt lat="36.39284" lon="-96.47529">
        <ele>300.6</ele>
      </trkpt>
      <trkpt lat="36.39347" lon="-96.47538">
        <ele>297.7</ele>
      </trkpt>
      <trkpt lat="36.39391" lon="-96.47543">
        <ele>297.2</ele>
      </trkpt>
      <trkpt lat="36.39422" lon="-96.47544">
        <ele>298.8</ele>
      </trkpt>
      <trkpt lat="36.39453" lon="-96.47541">
        <ele>299.7</ele>
      </trkpt>
      <trkpt lat="36.39492" lon="-96.47531">
        <ele>301.2</ele>
      </trkpt>
      <trkpt lat="36.39547" lon="-96.47514">
        <ele>303.2</ele>
      </trkpt>
      <trkpt lat="36.39596" lon="-96.47495">
        <ele>305.9</ele>
      </trkpt>
      <trkpt lat="36.39646" lon="-96.47476">
        <ele>308.0</ele>
      </trkpt>
      <trkpt lat="36.39664" lon="-96.47472">
        <ele>308.8</ele>
      </trkpt>
      <trkpt lat="36.39679" lon="-96.4747">
        <ele>309.0</ele>
      </trkpt>
      <trkpt lat="36.39708" lon="-96.47472">
        <ele>310.3</ele>
      </trkpt>
      <trkpt lat="36.39767" lon="-96.4748">
        <ele>313.9</ele>
      </trkpt>
      <trkpt lat="36.39794" lon="-96.47478">
        <ele>315.3</ele>
      </trkpt>
      <trkpt lat="36.39817" lon="-96.47472">
        <ele>316.2</ele>
      </trkpt>
      <trkpt lat="36.39836" lon="-96.47464">
        <ele>316.8</ele>
      </trkpt>
      <trkpt lat="36.39895" lon="-96.47428">
        <ele>318.3</ele>
      </trkpt>
      <trkpt lat="36.39953" lon="-96.47393">
        <ele>319.1</ele>
      </trkpt>
      <trkpt lat="36.40021" lon="-96.47353">
        <ele>318.3</ele>
      </trkpt>
      <trkpt lat="36.40088" lon="-96.47314">
        <ele>317.9</ele>
      </trkpt>
      <trkpt lat="36.40167" lon="-96.47265">
        <ele>319.1</ele>
      </trkpt>
      <trkpt lat="36.40246" lon="-96.47217">
        <ele>320.7</ele>
      </trkpt>
      <trkpt lat="36.40325" lon="-96.47169">
        <ele>321.2</ele>
      </trkpt>
      <trkpt lat="36.4036" lon="-96.47151">
        <ele>321.4</ele>
      </trkpt>
      <trkpt lat="36.40384" lon="-96.47142">
        <ele>321.3</ele>
      </trkpt>
      <trkpt lat="36.40404" lon="-96.47138">
        <ele>321.2</ele>
      </trkpt>
      <trkpt lat="36.40427" lon="-96.47138">
        <ele>321.1</ele>
      </trkpt>
      <trkpt lat="36.40454" lon="-96.47142">
        <ele>321.0</ele>
      </trkpt>
      <trkpt lat="36.40477" lon="-96.47148">
        <ele>321.1</ele>
      </trkpt>
      <trkpt lat="36.40511" lon="-96.47163">
        <ele>321.4</ele>
      </trkpt>
      <trkpt lat="36.40588" lon="-96.47201">
        <ele>321.3</ele>
      </trkpt>
      <trkpt lat="36.40664" lon="-96.47239">
        <ele>321.7</ele>
      </trkpt>
      <trkpt lat="36.4074" lon="-96.47277">
        <ele>321.5</ele>
      </trkpt>
      <trkpt lat="36.40816" lon="-96.47315">
        <ele>321.8</ele>
      </trkpt>
      <trkpt lat="36.40892" lon="-96.47353">
        <ele>323.8</ele>
      </trkpt>
      <trkpt lat="36.40916" lon="-96.47362">
        <ele>323.9</ele>
      </trkpt>
      <trkpt lat="36.40939" lon="-96.47369">
        <ele>323.8</ele>
      </trkpt>
      <trkpt lat="36.40963" lon="-96.47374">
        <ele>323.6</ele>
      </trkpt>
      <trkpt lat="36.40991" lon="-96.47375">
        <ele>323.7</ele>
      </trkpt>
      <trkpt lat="36.4102" lon="-96.47373">
        <ele>324.0</ele>
      </trkpt>
      <trkpt lat="36.41049" lon="-96.47369">
        <ele>324.2</ele>
      </trkpt>
      <trkpt lat="36.41074" lon="-96.47365">
        <ele>324.2</ele>
      </trkpt>
      <trkpt lat="36.41093" lon="-96.47359">
        <ele>324.1</ele>
      </trkpt>
      <trkpt lat="36.41116" lon="-96.47351">
        <ele>324.0</ele>
      </trkpt>
      <trkpt lat="36.41137" lon="-96.4734">
        <ele>324.0</ele>
      </trkpt>
      <trkpt lat="36.4116" lon="-96.47325">
        <ele>324.0</ele>
      </trkpt>
      <trkpt lat="36.41183" lon="-96.47304">
        <ele>323.7</ele>
      </trkpt>
      <trkpt lat="36.41219" lon="-96.47266">
        <ele>323.4</ele>
      </trkpt>
      <trkpt lat="36.41278" lon="-96.47208">
        <ele>323.9</ele>
      </trkpt>
      <trkpt lat="36.41337" lon="-96.47149">
        <ele>324.1</ele>
      </trkpt>
      <trkpt lat="36.41361" lon="-96.47127">
        <ele>324.0</ele>
      </trkpt>
      <trkpt lat="36.41407" lon="-96.47202">
        <ele>323.2</ele>
      </trkpt>
      <trkpt lat="36.41453" lon="-96.47277">
        <ele>322.2</ele>
      </trkpt>
      <trkpt lat="36.41499" lon="-96.47352">
        <ele>320.0</ele>
      </trkpt>
      <trkpt lat="36.41545" lon="-96.47428">
        <ele>318.8</ele>
      </trkpt>
      <trkpt lat="36.41609" lon="-96.47417">
        <ele>317.8</ele>
      </trkpt>
      <trkpt lat="36.41673" lon="-96.47407">
        <ele>317.1</ele>
      </trkpt>
      <trkpt lat="36.41737" lon="-96.47397">
        <ele>318.0</ele>
      </trkpt>
      <trkpt lat="36.41737" lon="-96.47397">
        <ele>318.0</ele>
      </trkpt>
      <trkpt lat="36.41823" lon="-96.47383">
        <ele>319.2</ele>
      </trkpt>
      <trkpt lat="36.4185" lon="-96.4738">
        <ele>319.3</ele>
      </trkpt>
      <trkpt lat="36.41881" lon="-96.47381">
        <ele>319.1</ele>
      </trkpt>
      <trkpt lat="36.41917" lon="-96.47386">
        <ele>318.6</ele>
      </trkpt>
      <trkpt lat="36.41948" lon="-96.47395">
        <ele>318.0</ele>
      </trkpt>
      <trkpt lat="36.41995" lon="-96.47415">
        <ele>317.6</ele>
      </trkpt>
      <trkpt lat="36.42063" lon="-96.47453">
        <ele>316.2</ele>
      </trkpt>
      <trkpt lat="36.42131" lon="-96.4749">
        <ele>315.1</ele>
      </trkpt>
      <trkpt lat="36.42188" lon="-96.47523">
        <ele>314.7</ele>
      </trkpt>
      <trkpt lat="36.42246" lon="-96.47557">
        <ele>314.2</ele>
      </trkpt>
      <trkpt lat="36.42303" lon="-96.4759">
        <ele>313.6</ele>
      </trkpt>
      <trkpt lat="36.42376" lon="-96.47632">
        <ele>313.9</ele>
      </trkpt>
      <trkpt lat="36.42449" lon="-96.47674">
        <ele>313.9</ele>
      </trkpt>
      <trkpt lat="36.42524" lon="-96.47718">
        <ele>312.2</ele>
      </trkpt>
      <trkpt lat="36.42598" lon="-96.47762">
        <ele>310.6</ele>
      </trkpt>
      <trkpt lat="36.42646" lon="-96.47789">
        <ele>308.9</ele>
      </trkpt>
      <trkpt lat="36.4267" lon="-96.47797">
        <ele>307.8</ele>
      </trkpt>
      <trkpt lat="36.42696" lon="-96.47803">
        <ele>306.7</ele>
      </trkpt>
      <trkpt lat="36.42734" lon="-96.47806">
        <ele>303.8</ele>
      </trkpt>
      <trkpt lat="36.4281" lon="-96.47809">
        <ele>299.3</ele>
      </trkpt>
      <trkpt lat="36.42886" lon="-96.47812">
        <ele>296.3</ele>
      </trkpt>
      <trkpt lat="36.42962" lon="-96.47815">
        <ele>291.8</ele>
      </trkpt>
      <trkpt lat="36.43032" lon="-96.47819">
        <ele>296.0</ele>
      </trkpt>
      <trkpt lat="36.43103" lon="-96.47822">
        <ele>298.5</ele>
      </trkpt>
      <trkpt lat="36.43173" lon="-96.47826">
        <ele>301.0</ele>
      </trkpt>
      <trkpt lat="36.43243" lon="-96.47829">
        <ele>304.5</ele>
      </trkpt>
      <trkpt lat="36.43243" lon="-96.47829">
        <ele>304.5</ele>
      </trkpt>
      <trkpt lat="36.43318" lon="-96.47833">
        <ele>308.4</ele>
      </trkpt>
      <trkpt lat="36.43393" lon="-96.47836">
        <ele>311.7</ele>
      </trkpt>
      <trkpt lat="36.43469" lon="-96.4784">
        <ele>313.2</ele>
      </trkpt>
      <trkpt lat="36.43542" lon="-96.47844">
        <ele>314.8</ele>
      </trkpt>
      <trkpt lat="36.43615" lon="-96.47848">
        <ele>315.3</ele>
      </trkpt>
      <trkpt lat="36.43677" lon="-96.47852">
        <ele>315.5</ele>
      </trkpt>
      <trkpt lat="36.4374" lon="-96.47857">
        <ele>315.5</ele>
      </trkpt>
      <trkpt lat="36.43803" lon="-96.47861">
        <ele>315.9</ele>
      </trkpt>
      <trkpt lat="36.43886" lon="-96.47868">
        <ele>316.7</ele>
      </trkpt>
      <trkpt lat="36.43969" lon="-96.47875">
        <ele>319.7</ele>
      </trkpt>
      <trkpt lat="36.44052" lon="-96.47883">
        <ele>320.7</ele>
      </trkpt>
      <trkpt lat="36.4409" lon="-96.47889">
        <ele>320.9</ele>
      </trkpt>
      <trkpt lat="36.44122" lon="-96.47902">
        <ele>321.1</ele>
      </trkpt>
      <trkpt lat="36.44145" lon="-96.47919">
        <ele>321.2</ele>
      </trkpt>
      <trkpt lat="36.44166" lon="-96.4794">
        <ele>321.1</ele>
      </trkpt>
      <trkpt lat="36.44188" lon="-96.47973">
        <ele>320.9</ele>
      </trkpt>
      <trkpt lat="36.44204" lon="-96.48">
        <ele>320.7</ele>
      </trkpt>
      <trkpt lat="36.4424" lon="-96.48061">
        <ele>320.4</ele>
      </trkpt>
      <trkpt lat="36.44275" lon="-96.48121">
        <ele>319.5</ele>
      </trkpt>
      <trkpt lat="36.44311" lon="-96.48182">
        <ele>317.3</ele>
      </trkpt>
      <trkpt lat="36.44349" lon="-96.48249">
        <ele>316.1</ele>
      </trkpt>
      <trkpt lat="36.4437" lon="-96.48298">
        <ele>314.7</ele>
      </trkpt>
      <trkpt lat="36.44398" lon="-96.48386">
        <ele>312.5</ele>
      </trkpt>
      <trkpt lat="36.44427" lon="-96.48475">
        <ele>312.5</ele>
      </trkpt>
      <trkpt lat="36.44456" lon="-96.48563">
        <ele>311.4</ele>
      </trkpt>
      <trkpt lat="36.44485" lon="-96.48651">
        <ele>311.3</ele>
      </trkpt>
      <trkpt lat="36.44497" lon="-96.48678">
        <ele>311.7</ele>
      </trkpt>
      <trkpt lat="36.44507" lon="-96.48695">
        <ele>311.8</ele>
      </trkpt>
      <trkpt lat="36.44517" lon="-96.48711">
        <ele>311.6</ele>
      </trkpt>
      <trkpt lat="36.44531" lon="-96.4873">
        <ele>311.4</ele>
      </trkpt>
      <trkpt lat="36.44573" lon="-96.48781">
        <ele>311.7</ele>
      </trkpt>
      <trkpt lat="36.44608" lon="-96.48817">
        <ele>311.6</ele>
      </trkpt>
      <trkpt lat="36.44637" lon="-96.48841">
        <ele>311.5</ele>
      </trkpt>
      <trkpt lat="36.4468" lon="-96.48871">
        <ele>312.1</ele>
      </trkpt>
      <trkpt lat="36.44722" lon="-96.48902">
        <ele>312.2</ele>
      </trkpt>
      <trkpt lat="36.44765" lon="-96.48931">
        <ele>311.6</ele>
      </trkpt>
      <trkpt lat="36.44807" lon="-96.4896">
        <ele>310.8</ele>
      </trkpt>
      <trkpt lat="36.44834" lon="-96.48978">
        <ele>310.0</ele>
      </trkpt>
      <trkpt lat="36.44868" lon="-96.48998">
        <ele>309.2</ele>
      </trkpt>
      <trkpt lat="36.44896" lon="-96.49012">
        <ele>308.8</ele>
      </trkpt>
      <trkpt lat="36.44926" lon="-96.49026">
        <ele>308.5</ele>
      </trkpt>
      <trkpt lat="36.4496" lon="-96.49038">
        <ele>308.1</ele>
      </trkpt>
      <trkpt lat="36.44991" lon="-96.49048">
        <ele>306.8</ele>
      </trkpt>
      <trkpt lat="36.45028" lon="-96.49058">
        <ele>307.1</ele>
      </trkpt>
      <trkpt lat="36.45116" lon="-96.49078">
        <ele>309.4</ele>
      </trkpt>
      <trkpt lat="36.45204" lon="-96.49097">
        <ele>309.4</ele>
      </trkpt>
      <trkpt lat="36.45292" lon="-96.49117">
        <ele>308.2</ele>
      </trkpt>
      <trkpt lat="36.45367" lon="-96.49135">
        <ele>306.8</ele>
      </trkpt>
      <trkpt lat="36.45443" lon="-96.49153">
        <ele>309.3</ele>
      </trkpt>
      <trkpt lat="36.45519" lon="-96.4917">
        <ele>309.6</ele>
      </trkpt>
      <trkpt lat="36.45586" lon="-96.49185">
        <ele>308.0</ele>
      </trkpt>
      <trkpt lat="36.45654" lon="-96.492">
        <ele>307.7</ele>
      </trkpt>
      <trkpt lat="36.45722" lon="-96.49215">
        <ele>308.7</ele>
      </trkpt>
      <trkpt lat="36.4575" lon="-96.4922">
        <ele>308.6</ele>
      </trkpt>
      <trkpt lat="36.45781" lon="-96.49223">
        <ele>308.2</ele>
      </trkpt>
      <trkpt lat="36.45816" lon="-96.49224">
        <ele>307.5</ele>
      </trkpt>
      <trkpt lat="36.45898" lon="-96.49221">
        <ele>307.8</ele>
      </trkpt>
      <trkpt lat="36.4598" lon="-96.49219">
        <ele>308.8</ele>
      </trkpt>
      <trkpt lat="36.46062" lon="-96.49216">
        <ele>308.8</ele>
      </trkpt>
      <trkpt lat="36.46088" lon="-96.49216">
        <ele>308.8</ele>
      </trkpt>
      <trkpt lat="36.46112" lon="-96.4922">
        <ele>309.0</ele>
      </trkpt>
      <trkpt lat="36.46133" lon="-96.49226">
        <ele>309.5</ele>
      </trkpt>
      <trkpt lat="36.46154" lon="-96.49236">
        <ele>309.9</ele>
      </trkpt>
      <trkpt lat="36.46186" lon="-96.49259">
        <ele>310.6</ele>
      </trkpt>
      <trkpt lat="36.46202" lon="-96.49278">
        <ele>311.0</ele>
      </trkpt>
      <trkpt lat="36.46265" lon="-96.49355">
        <ele>311.8</ele>
      </trkpt>
      <trkpt lat="36.46328" lon="-96.49432">
        <ele>313.6</ele>
      </trkpt>
      <trkpt lat="36.46371" lon="-96.49487">
        <ele>314.3</ele>
      </trkpt>
      <trkpt lat="36.46415" lon="-96.49541">
        <ele>314.8</ele>
      </trkpt>
      <trkpt lat="36.46458" lon="-96.49596">
        <ele>315.1</ele>
      </trkpt>
      <trkpt lat="36.46487" lon="-96.49625">
        <ele>315.5</ele>
      </trkpt>
      <trkpt lat="36.46511" lon="-96.49643">
        <ele>315.9</ele>
      </trkpt>
      <trkpt lat="36.46529" lon="-96.49652">
        <ele>316.1</ele>
      </trkpt>
      <trkpt lat="36.46554" lon="-96.4966">
        <ele>316.4</ele>
      </trkpt>
      <trkpt lat="36.46572" lon="-96.49661">
        <ele>316.4</ele>
      </trkpt>
      <trkpt lat="36.46647" lon="-96.49661">
        <ele>315.7</ele>
      </trkpt>
      <trkpt lat="36.46723" lon="-96.49661">
        <ele>313.9</ele>
      </trkpt>
      <trkpt lat="36.46798" lon="-96.49661">
        <ele>313.4</ele>
      </trkpt>
      <trkpt lat="36.46874" lon="-96.49661">
        <ele>313.1</ele>
      </trkpt>
      <trkpt lat="36.46874" lon="-96.49661">
        <ele>313.1</ele>
      </trkpt>
      <trkpt lat="36.4696" lon="-96.49661">
        <ele>313.5</ele>
      </trkpt>
      <trkpt lat="36.47045" lon="-96.49662">
        <ele>313.7</ele>
      </trkpt>
      <trkpt lat="36.47081" lon="-96.49662">
        <ele>313.7</ele>
      </trkpt>
      <trkpt lat="36.4711" lon="-96.49658">
        <ele>313.5</ele>
      </trkpt>
      <trkpt lat="36.47192" lon="-96.49643">
        <ele>312.1</ele>
      </trkpt>
      <trkpt lat="36.47275" lon="-96.49628">
        <ele>311.2</ele>
      </trkpt>
      <trkpt lat="36.47357" lon="-96.49613">
        <ele>312.0</ele>
      </trkpt>
      <trkpt lat="36.47439" lon="-96.49598">
        <ele>312.5</ele>
      </trkpt>
      <trkpt lat="36.47521" lon="-96.49583">
        <ele>310.5</ele>
      </trkpt>
      <trkpt lat="36.47603" lon="-96.49568">
        <ele>312.5</ele>
      </trkpt>
      <trkpt lat="36.47686" lon="-96.49553">
        <ele>313.5</ele>
      </trkpt>
      <trkpt lat="36.47753" lon="-96.4954">
        <ele>313.2</ele>
      </trkpt>
      <trkpt lat="36.4782" lon="-96.49527">
        <ele>313.6</ele>
      </trkpt>
      <trkpt lat="36.47887" lon="-96.49514">
        <ele>315.4</ele>
      </trkpt>
      <trkpt lat="36.47954" lon="-96.49502">
        <ele>316.1</ele>
      </trkpt>
      <trkpt lat="36.47979" lon="-96.49499">
        <ele>316.3</ele>
      </trkpt>
      <trkpt lat="36.48008" lon="-96.49499">
        <ele>316.3</ele>
      </trkpt>
      <trkpt lat="36.48041" lon="-96.49507">
        <ele>316.1</ele>
      </trkpt>
      <trkpt lat="36.4807" lon="-96.49522">
        <ele>316.1</ele>
      </trkpt>
      <trkpt lat="36.481" lon="-96.49551">
        <ele>315.8</ele>
      </trkpt>
      <trkpt lat="36.4814" lon="-96.49604">
        <ele>315.6</ele>
      </trkpt>
      <trkpt lat="36.48141" lon="-96.49505">
        <ele>316.8</ele>
      </trkpt>
      <trkpt lat="36.48143" lon="-96.49406">
        <ele>318.4</ele>
      </trkpt>
      <trkpt lat="36.48145" lon="-96.49307">
        <ele>319.4</ele>
      </trkpt>
      <trkpt lat="36.48145" lon="-96.49209">
        <ele>320.5</ele>
      </trkpt>
      <trkpt lat="36.48146" lon="-96.49111">
        <ele>321.2</ele>
      </trkpt>
      <trkpt lat="36.48147" lon="-96.49013">
        <ele>321.1</ele>
      </trkpt>
      <trkpt lat="36.48148" lon="-96.48915">
        <ele>320.0</ele>
      </trkpt>
      <trkpt lat="36.48148" lon="-96.48817">
        <ele>318.7</ele>
      </trkpt>
      <trkpt lat="36.4815" lon="-96.4871">
        <ele>315.2</ele>
      </trkpt>
      <trkpt lat="36.48151" lon="-96.48603">
        <ele>311.5</ele>
      </trkpt>
      <trkpt lat="36.48153" lon="-96.48496">
        <ele>317.6</ele>
      </trkpt>
      <trkpt lat="36.48153" lon="-96.48496">
        <ele>317.6</ele>
      </trkpt>
      <trkpt lat="36.48154" lon="-96.4842">
        <ele>320.1</ele>
      </trkpt>
      <trkpt lat="36.48155" lon="-96.48344">
        <ele>321.9</ele>
      </trkpt>
      <trkpt lat="36.48158" lon="-96.48315">
        <ele>322.7</ele>
      </trkpt>
      <trkpt lat="36.48161" lon="-96.48292">
        <ele>322.9</ele>
      </trkpt>
      <trkpt lat="36.48166" lon="-96.48269">
        <ele>323.0</ele>
      </trkpt>
      <trkpt lat="36.48175" lon="-96.48243">
        <ele>322.9</ele>
      </trkpt>
      <trkpt lat="36.48211" lon="-96.48172">
        <ele>322.0</ele>
      </trkpt>
      <trkpt lat="36.48247" lon="-96.48101">
        <ele>321.0</ele>
      </trkpt>
      <trkpt lat="36.48282" lon="-96.48026">
        <ele>320.5</ele>
      </trkpt>
      <trkpt lat="36.4829" lon="-96.47998">
        <ele>319.8</ele>
      </trkpt>
      <trkpt lat="36.48316" lon="-96.47892">
        <ele>318.1</ele>
      </trkpt>
      <trkpt lat="36.48335" lon="-96.47807">
        <ele>315.8</ele>
      </trkpt>
      <trkpt lat="36.48344" lon="-96.47763">
        <ele>316.4</ele>
      </trkpt>
      <trkpt lat="36.48349" lon="-96.47732">
        <ele>317.4</ele>
      </trkpt>
      <trkpt lat="36.48349" lon="-96.47712">
        <ele>317.8</ele>
      </trkpt>
      <trkpt lat="36.48349" lon="-96.47691">
        <ele>318.3</ele>
      </trkpt>
      <trkpt lat="36.48342" lon="-96.47657">
        <ele>319.3</ele>
      </trkpt>
      <trkpt lat="36.48333" lon="-96.47627">
        <ele>320.1</ele>
      </trkpt>
      <trkpt lat="36.48325" lon="-96.47603">
        <ele>320.9</ele>
      </trkpt>
      <trkpt lat="36.48299" lon="-96.4754">
        <ele>323.0</ele>
      </trkpt>
      <trkpt lat="36.48268" lon="-96.47472">
        <ele>324.3</ele>
      </trkpt>
      <trkpt lat="36.48251" lon="-96.47439">
        <ele>324.8</ele>
      </trkpt>
      <trkpt lat="36.48252" lon="-96.4743">
        <ele>324.9</ele>
      </trkpt>
      <trkpt lat="36.48258" lon="-96.47413">
        <ele>325.1</ele>
      </trkpt>
      <trkpt lat="36.48281" lon="-96.4741">
        <ele>324.8</ele>
      </trkpt>
      <trkpt lat="36.48335" lon="-96.474">
        <ele>323.8</ele>
      </trkpt>
      <trkpt lat="36.48389" lon="-96.47389">
        <ele>321.7</ele>
      </trkpt>
      <trkpt lat="36.48429" lon="-96.47384">
        <ele>319.7</ele>
      </trkpt>
      <trkpt lat="36.4845" lon="-96.47385">
        <ele>319.4</ele>
      </trkpt>
      <trkpt lat="36.48481" lon="-96.47389">
        <ele>319.3</ele>
      </trkpt>
      <trkpt lat="36.48507" lon="-96.47391">
        <ele>319.2</ele>
      </trkpt>
      <trkpt lat="36.48523" lon="-96.47391">
        <ele>319.0</ele>
      </trkpt>
      <trkpt lat="36.48535" lon="-96.47389">
        <ele>318.9</ele>
      </trkpt>
      <trkpt lat="36.48545" lon="-96.47386">
        <ele>318.8</ele>
      </trkpt>
      <trkpt lat="36.48613" lon="-96.47352">
        <ele>318.1</ele>
      </trkpt>
      <trkpt lat="36.48628" lon="-96.47347">
        <ele>317.7</ele>
      </trkpt>
      <trkpt lat="36.48639" lon="-96.47345">
        <ele>317.4</ele>
      </trkpt>
      <trkpt lat="36.48651" lon="-96.47347">
        <ele>317.2</ele>
      </trkpt>
      <trkpt lat="36.48663" lon="-96.47353">
        <ele>316.7</ele>
      </trkpt>
      <trkpt lat="36.48675" lon="-96.47362">
        <ele>316.1</ele>
      </trkpt>
      <trkpt lat="36.48704" lon="-96.47392">
        <ele>314.1</ele>
      </trkpt>
      <trkpt lat="36.48734" lon="-96.47422">
        <ele>312.0</ele>
      </trkpt>
      <trkpt lat="36.48778" lon="-96.4746">
        <ele>310.4</ele>
      </trkpt>
      <trkpt lat="36.48814" lon="-96.47485">
        <ele>311.6</ele>
      </trkpt>
      <trkpt lat="36.4885" lon="-96.4751">
        <ele>312.7</ele>
      </trkpt>
      <trkpt lat="36.48867" lon="-96.47524">
        <ele>312.6</ele>
      </trkpt>
      <trkpt lat="36.48882" lon="-96.47541">
        <ele>312.5</ele>
      </trkpt>
      <trkpt lat="36.48899" lon="-96.47566">
        <ele>312.3</ele>
      </trkpt>
      <trkpt lat="36.4891" lon="-96.47578">
        <ele>312.2</ele>
      </trkpt>
      <trkpt lat="36.48921" lon="-96.47586">
        <ele>312.0</ele>
      </trkpt>
      <trkpt lat="36.48932" lon="-96.47589">
        <ele>311.8</ele>
      </trkpt>
      <trkpt lat="36.48971" lon="-96.47594">
        <ele>311.5</ele>
      </trkpt>
      <trkpt lat="36.49002" lon="-96.47599">
        <ele>310.6</ele>
      </trkpt>
      <trkpt lat="36.49023" lon="-96.476">
        <ele>309.7</ele>
      </trkpt>
      <trkpt lat="36.49061" lon="-96.47597">
        <ele>308.8</ele>
      </trkpt>
      <trkpt lat="36.49084" lon="-96.476">
        <ele>308.4</ele>
      </trkpt>
      <trkpt lat="36.49108" lon="-96.47606">
        <ele>307.4</ele>
      </trkpt>
      <trkpt lat="36.49138" lon="-96.47618">
        <ele>306.3</ele>
      </trkpt>
      <trkpt lat="36.4917" lon="-96.47638">
        <ele>304.8</ele>
      </trkpt>
      <trkpt lat="36.49189" lon="-96.47658">
        <ele>303.2</ele>
      </trkpt>
      <trkpt lat="36.49203" lon="-96.47676">
        <ele>301.8</ele>
      </trkpt>
      <trkpt lat="36.49216" lon="-96.47687">
        <ele>301.0</ele>
      </trkpt>
      <trkpt lat="36.49257" lon="-96.47713">
        <ele>298.5</ele>
      </trkpt>
      <trkpt lat="36.4928" lon="-96.47731">
        <ele>295.4</ele>
      </trkpt>
      <trkpt lat="36.49303" lon="-96.47756">
        <ele>293.3</ele>
      </trkpt>
      <trkpt lat="36.49321" lon="-96.47777">
        <ele>291.5</ele>
      </trkpt>
      <trkpt lat="36.49358" lon="-96.47825">
        <ele>288.4</ele>
      </trkpt>
      <trkpt lat="36.49369" lon="-96.47834">
        <ele>287.9</ele>
      </trkpt>
      <trkpt lat="36.49381" lon="-96.4784">
        <ele>287.4</ele>
      </trkpt>
      <trkpt lat="36.49428" lon="-96.47854">
        <ele>284.9</ele>
      </trkpt>
      <trkpt lat="36.49428" lon="-96.47854">
        <ele>284.9</ele>
      </trkpt>
      <trkpt lat="36.49448" lon="-96.47859">
        <ele>284.5</ele>
      </trkpt>
      <trkpt lat="36.49469" lon="-96.47863">
        <ele>283.2</ele>
      </trkpt>
      <trkpt lat="36.49489" lon="-96.47862">
        <ele>281.6</ele>
      </trkpt>
      <trkpt lat="36.49536" lon="-96.47855">
        <ele>277.1</ele>
      </trkpt>
      <trkpt lat="36.49586" lon="-96.47849">
        <ele>273.6</ele>
      </trkpt>
      <trkpt lat="36.49636" lon="-96.47843">
        <ele>268.6</ele>
      </trkpt>
      <trkpt lat="36.49648" lon="-96.47844">
        <ele>268.2</ele>
      </trkpt>
      <trkpt lat="36.49661" lon="-96.47852">
        <ele>268.6</ele>
      </trkpt>
      <trkpt lat="36.49671" lon="-96.47863">
        <ele>268.7</ele>
      </trkpt>
      <trkpt lat="36.49684" lon="-96.47887">
        <ele>268.8</ele>
      </trkpt>
      <trkpt lat="36.49691" lon="-96.47897">
        <ele>269.7</ele>
      </trkpt>
      <trkpt lat="36.49699" lon="-96.47901">
        <ele>270.3</ele>
      </trkpt>
      <trkpt lat="36.49711" lon="-96.47901">
        <ele>270.7</ele>
      </trkpt>
      <trkpt lat="36.49725" lon="-96.47899">
        <ele>270.7</ele>
      </trkpt>
      <trkpt lat="36.49736" lon="-96.47893">
        <ele>270.6</ele>
      </trkpt>
      <trkpt lat="36.49748" lon="-96.47884">
        <ele>270.6</ele>
      </trkpt>
      <trkpt lat="36.49781" lon="-96.47849">
        <ele>270.3</ele>
      </trkpt>
      <trkpt lat="36.49802" lon="-96.47829">
        <ele>270.2</ele>
      </trkpt>
      <trkpt lat="36.49817" lon="-96.47818">
        <ele>270.2</ele>
      </trkpt>
      <trkpt lat="36.49847" lon="-96.47808">
        <ele>270.2</ele>
      </trkpt>
      <trkpt lat="36.49933" lon="-96.47789">
        <ele>265.4</ele>
      </trkpt>
      <trkpt lat="36.49959" lon="-96.47788">
        <ele>265.5</ele>
      </trkpt>
      <trkpt lat="36.49975" lon="-96.47789">
        <ele>265.4</ele>
      </trkpt>
      <trkpt lat="36.49991" lon="-96.47794">
        <ele>265.8</ele>
      </trkpt>
      <trkpt lat="36.50001" lon="-96.47797">
        <ele>266.1</ele>
      </trkpt>
      <trkpt lat="36.50012" lon="-96.47798">
        <ele>265.9</ele>
      </trkpt>
      <trkpt lat="36.50022" lon="-96.47796">
        <ele>265.3</ele>
      </trkpt>
      <trkpt lat="36.50078" lon="-96.47768">
        <ele>263.9</ele>
      </trkpt>
      <trkpt lat="36.50136" lon="-96.4774">
        <ele>261.8</ele>
      </trkpt>
      <trkpt lat="36.50145" lon="-96.47733">
        <ele>261.0</ele>
      </trkpt>
      <trkpt lat="36.50154" lon="-96.47721">
        <ele>260.8</ele>
      </trkpt>
      <trkpt lat="36.50164" lon="-96.47707">
        <ele>262.1</ele>
      </trkpt>
      <trkpt lat="36.50183" lon="-96.47678">
        <ele>264.3</ele>
      </trkpt>
      <trkpt lat="36.50199" lon="-96.47658">
        <ele>264.5</ele>
      </trkpt>
      <trkpt lat="36.50239" lon="-96.47615">
        <ele>267.1</ele>
      </trkpt>
      <trkpt lat="36.50268" lon="-96.47587">
        <ele>267.4</ele>
      </trkpt>
      <trkpt lat="36.50285" lon="-96.47574">
        <ele>267.4</ele>
      </trkpt>
      <trkpt lat="36.50328" lon="-96.47542">
        <ele>265.5</ele>
      </trkpt>
      <trkpt lat="36.50355" lon="-96.47518">
        <ele>264.5</ele>
      </trkpt>
      <trkpt lat="36.50416" lon="-96.47443">
        <ele>263.7</ele>
      </trkpt>
      <trkpt lat="36.50478" lon="-96.47368">
        <ele>264.4</ele>
      </trkpt>
      <trkpt lat="36.50491" lon="-96.47355">
        <ele>264.5</ele>
      </trkpt>
      <trkpt lat="36.50505" lon="-96.47347">
        <ele>265.4</ele>
      </trkpt>
      <trkpt lat="36.50545" lon="-96.47329">
        <ele>266.7</ele>
      </trkpt>
      <trkpt lat="36.50625" lon="-96.47292">
        <ele>270.2</ele>
      </trkpt>
      <trkpt lat="36.50663" lon="-96.47273">
        <ele>268.7</ele>
      </trkpt>
      <trkpt lat="36.50722" lon="-96.47248">
        <ele>266.5</ele>
      </trkpt>
      <trkpt lat="36.50781" lon="-96.47224">
        <ele>262.9</ele>
      </trkpt>
      <trkpt lat="36.50808" lon="-96.47208">
        <ele>260.8</ele>
      </trkpt>
      <trkpt lat="36.50864" lon="-96.47173">
        <ele>261.9</ele>
      </trkpt>
      <trkpt lat="36.5092" lon="-96.47138">
        <ele>264.7</ele>
      </trkpt>
      <trkpt lat="36.50959" lon="-96.47117">
        <ele>266.7</ele>
      </trkpt>
      <trkpt lat="36.50988" lon="-96.47104">
        <ele>267.7</ele>
      </trkpt>
      <trkpt lat="36.5107" lon="-96.47074">
        <ele>268.4</ele>
      </trkpt>
      <trkpt lat="36.51108" lon="-96.47056">
        <ele>267.9</ele>
      </trkpt>
      <trkpt lat="36.5117" lon="-96.47014">
        <ele>269.2</ele>
      </trkpt>
      <trkpt lat="36.51242" lon="-96.46962">
        <ele>271.0</ele>
      </trkpt>
      <trkpt lat="36.51314" lon="-96.46911">
        <ele>275.8</ele>
      </trkpt>
      <trkpt lat="36.51328" lon="-96.46894">
        <ele>276.6</ele>
      </trkpt>
      <trkpt lat="36.51339" lon="-96.46878">
        <ele>276.6</ele>
      </trkpt>
      <trkpt lat="36.51348" lon="-96.46857">
        <ele>276.0</ele>
      </trkpt>
      <trkpt lat="36.51368" lon="-96.46803">
        <ele>273.8</ele>
      </trkpt>
      <trkpt lat="36.51368" lon="-96.46803">
        <ele>273.8</ele>
      </trkpt>
      <trkpt lat="36.5137" lon="-96.46795">
        <ele>273.7</ele>
      </trkpt>
      <trkpt lat="36.51381" lon="-96.46761">
        <ele>273.7</ele>
      </trkpt>
      <trkpt lat="36.51382" lon="-96.46753">
        <ele>273.8</ele>
      </trkpt>
      <trkpt lat="36.51383" lon="-96.46744">
        <ele>273.9</ele>
      </trkpt>
      <trkpt lat="36.51382" lon="-96.46691">
        <ele>274.2</ele>
      </trkpt>
      <trkpt lat="36.51389" lon="-96.46644">
        <ele>275.5</ele>
      </trkpt>
      <trkpt lat="36.51392" lon="-96.46636">
        <ele>275.5</ele>
      </trkpt>
      <trkpt lat="36.51393" lon="-96.46634">
        <ele>275.5</ele>
      </trkpt>
      <trkpt lat="36.51413" lon="-96.46604">
        <ele>275.3</ele>
      </trkpt>
      <trkpt lat="36.51417" lon="-96.46598">
        <ele>275.3</ele>
      </trkpt>
      <trkpt lat="36.51428" lon="-96.46586">
        <ele>275.1</ele>
      </trkpt>
      <trkpt lat="36.51442" lon="-96.46572">
        <ele>274.3</ele>
      </trkpt>
      <trkpt lat="36.51448" lon="-96.46566">
        <ele>274.0</ele>
      </trkpt>
      <trkpt lat="36.51512" lon="-96.46505">
        <ele>273.3</ele>
      </trkpt>
      <trkpt lat="36.51514" lon="-96.46504">
        <ele>273.3</ele>
      </trkpt>
      <trkpt lat="36.51544" lon="-96.4648">
        <ele>273.8</ele>
      </trkpt>
      <trkpt lat="36.51597" lon="-96.46438">
        <ele>275.0</ele>
      </trkpt>
      <trkpt lat="36.51612" lon="-96.46419">
        <ele>275.4</ele>
      </trkpt>
      <trkpt lat="36.51612" lon="-96.46419">
        <ele>275.4</ele>
      </trkpt>
      <trkpt lat="36.51622" lon="-96.46406">
        <ele>275.7</ele>
      </trkpt>
      <trkpt lat="36.51626" lon="-96.46392">
        <ele>275.9</ele>
      </trkpt>
      <trkpt lat="36.51628" lon="-96.46385">
        <ele>276.0</ele>
      </trkpt>
      <trkpt lat="36.51632" lon="-96.46292">
        <ele>276.5</ele>
      </trkpt>
      <trkpt lat="36.51634" lon="-96.46228">
        <ele>276.8</ele>
      </trkpt>
      <trkpt lat="36.51636" lon="-96.46183">
        <ele>276.8</ele>
      </trkpt>
      <trkpt lat="36.51636" lon="-96.46177">
        <ele>276.8</ele>
      </trkpt>
      <trkpt lat="36.51638" lon="-96.46138">
        <ele>276.4</ele>
      </trkpt>
      <trkpt lat="36.51644" lon="-96.4602">
        <ele>274.2</ele>
      </trkpt>
      <trkpt lat="36.51649" lon="-96.45926">
        <ele>273.7</ele>
      </trkpt>
      <trkpt lat="36.51648" lon="-96.45915">
        <ele>273.5</ele>
      </trkpt>
      <trkpt lat="36.51647" lon="-96.45902">
        <ele>273.4</ele>
      </trkpt>
      <trkpt lat="36.51631" lon="-96.45824">
        <ele>272.1</ele>
      </trkpt>
      <trkpt lat="36.51622" lon="-96.45785">
        <ele>271.2</ele>
      </trkpt>
      <trkpt lat="36.51609" lon="-96.45726">
        <ele>270.1</ele>
      </trkpt>
      <trkpt lat="36.51595" lon="-96.45691">
        <ele>269.4</ele>
      </trkpt>
      <trkpt lat="36.51574" lon="-96.45669">
        <ele>269.0</ele>
      </trkpt>
      <trkpt lat="36.5156" lon="-96.45655">
        <ele>268.6</ele>
      </trkpt>
      <trkpt lat="36.51555" lon="-96.45649">
        <ele>268.3</ele>
      </trkpt>
      <trkpt lat="36.51519" lon="-96.45609">
        <ele>268.2</ele>
      </trkpt>
      <trkpt lat="36.51504" lon="-96.45593">
        <ele>268.0</ele>
      </trkpt>
      <trkpt lat="36.5149" lon="-96.45577">
        <ele>267.9</ele>
      </trkpt>
      <trkpt lat="36.51475" lon="-96.4556">
        <ele>267.8</ele>
      </trkpt>
      <trkpt lat="36.51466" lon="-96.4555">
        <ele>267.8</ele>
      </trkpt>
      <trkpt lat="36.51456" lon="-96.45539">
        <ele>267.7</ele>
      </trkpt>
      <trkpt lat="36.51442" lon="-96.45524">
        <ele>267.6</ele>
      </trkpt>
      <trkpt lat="36.51424" lon="-96.45505">
        <ele>267.2</ele>
      </trkpt>
      <trkpt lat="36.51401" lon="-96.45481">
        <ele>265.4</ele>
      </trkpt>
      <trkpt lat="36.51394" lon="-96.45473">
        <ele>265.3</ele>
      </trkpt>
      <trkpt lat="36.51328" lon="-96.45417">
        <ele>264.8</ele>
      </trkpt>
      <trkpt lat="36.51322" lon="-96.45412">
        <ele>264.7</ele>
      </trkpt>
      <trkpt lat="36.51299" lon="-96.45389">
        <ele>264.5</ele>
      </trkpt>
      <trkpt lat="36.51296" lon="-96.45385">
        <ele>264.4</ele>
      </trkpt>
      <trkpt lat="36.51288" lon="-96.45372">
        <ele>264.5</ele>
      </trkpt>
      <trkpt lat="36.51276" lon="-96.45351">
        <ele>264.4</ele>
      </trkpt>
      <trkpt lat="36.51269" lon="-96.45334">
        <ele>264.2</ele>
      </trkpt>
      <trkpt lat="36.51256" lon="-96.45296">
        <ele>261.8</ele>
      </trkpt>
      <trkpt lat="36.51236" lon="-96.4523">
        <ele>261.1</ele>
      </trkpt>
      <trkpt lat="36.51229" lon="-96.45209">
        <ele>260.7</ele>
      </trkpt>
      <trkpt lat="36.51208" lon="-96.45165">
        <ele>259.9</ele>
      </trkpt>
      <trkpt lat="36.512" lon="-96.45153">
        <ele>259.6</ele>
      </trkpt>
      <trkpt lat="36.51172" lon="-96.45106">
        <ele>255.8</ele>
      </trkpt>
      <trkpt lat="36.51167" lon="-96.451">
        <ele>255.4</ele>
      </trkpt>
      <trkpt lat="36.51144" lon="-96.45066">
        <ele>253.3</ele>
      </trkpt>
      <trkpt lat="36.51102" lon="-96.45005">
        <ele>251.6</ele>
      </trkpt>
      <trkpt lat="36.51087" lon="-96.44982">
        <ele>251.3</ele>
      </trkpt>
      <trkpt lat="36.51077" lon="-96.44964">
        <ele>251.2</ele>
      </trkpt>
      <trkpt lat="36.51071" lon="-96.44947">
        <ele>250.9</ele>
      </trkpt>
      <trkpt lat="36.51065" lon="-96.44929">
        <ele>249.6</ele>
      </trkpt>
      <trkpt lat="36.5106" lon="-96.44916">
        <ele>247.4</ele>
      </trkpt>
      <trkpt lat="36.51057" lon="-96.44909">
        <ele>246.2</ele>
      </trkpt>
      <trkpt lat="36.51044" lon="-96.44876">
        <ele>242.0</ele>
      </trkpt>
      <trkpt lat="36.5104" lon="-96.4487">
        <ele>241.4</ele>
      </trkpt>
      <trkpt lat="36.51033" lon="-96.44855">
        <ele>239.0</ele>
      </trkpt>
      <trkpt lat="36.51031" lon="-96.44851">
        <ele>238.3</ele>
      </trkpt>
      <trkpt lat="36.51019" lon="-96.44833">
        <ele>238.5</ele>
      </trkpt>
      <trkpt lat="36.51008" lon="-96.44816">
        <ele>238.7</ele>
      </trkpt>
      <trkpt lat="36.51002" lon="-96.44807">
        <ele>238.8</ele>
      </trkpt>
      <trkpt lat="36.50997" lon="-96.44798">
        <ele>238.9</ele>
      </trkpt>
      <trkpt lat="36.50985" lon="-96.44781">
        <ele>239.1</ele>
      </trkpt>
      <trkpt lat="36.50981" lon="-96.44775">
        <ele>239.2</ele>
      </trkpt>
      <trkpt lat="36.50974" lon="-96.44764">
        <ele>239.4</ele>
      </trkpt>
      <trkpt lat="36.50965" lon="-96.44749">
        <ele>239.6</ele>
      </trkpt>
      <trkpt lat="36.5096" lon="-96.44734">
        <ele>240.3</ele>
      </trkpt>
      <trkpt lat="36.50954" lon="-96.44709">
        <ele>242.5</ele>
      </trkpt>
      <trkpt lat="36.5095" lon="-96.44681">
        <ele>243.1</ele>
      </trkpt>
      <trkpt lat="36.50946" lon="-96.44659">
        <ele>245.3</ele>
      </trkpt>
      <trkpt lat="36.50942" lon="-96.44632">
        <ele>247.2</ele>
      </trkpt>
      <trkpt lat="36.5094" lon="-96.44615">
        <ele>247.2</ele>
      </trkpt>
      <trkpt lat="36.50935" lon="-96.44571">
        <ele>247.2</ele>
      </trkpt>
      <trkpt lat="36.50932" lon="-96.44549">
        <ele>247.2</ele>
      </trkpt>
      <trkpt lat="36.50929" lon="-96.44526">
        <ele>247.2</ele>
      </trkpt>
      <trkpt lat="36.50928" lon="-96.44514">
        <ele>247.2</ele>
      </trkpt>
      <trkpt lat="36.50916" lon="-96.44438">
        <ele>247.2</ele>
      </trkpt>
      <trkpt lat="36.50912" lon="-96.44416">
        <ele>247.2</ele>
      </trkpt>
      <trkpt lat="36.50909" lon="-96.44395">
        <ele>247.3</ele>
      </trkpt>
      <trkpt lat="36.509" lon="-96.44339">
        <ele>246.3</ele>
      </trkpt>
      <trkpt lat="36.50899" lon="-96.44329">
        <ele>245.4</ele>
      </trkpt>
      <trkpt lat="36.50899" lon="-96.44329">
        <ele>245.4</ele>
      </trkpt>
      <trkpt lat="36.50922" lon="-96.4433">
        <ele>245.4</ele>
      </trkpt>
      <trkpt lat="36.50947" lon="-96.44328">
        <ele>245.3</ele>
      </trkpt>
      <trkpt lat="36.50963" lon="-96.44323">
        <ele>245.1</ele>
      </trkpt>
      <trkpt lat="36.50981" lon="-96.44312">
        <ele>245.9</ele>
      </trkpt>
      <trkpt lat="36.50984" lon="-96.44308">
        <ele>246.1</ele>
      </trkpt>
      <trkpt lat="36.50988" lon="-96.44304">
        <ele>246.6</ele>
      </trkpt>
      <trkpt lat="36.50992" lon="-96.44298">
        <ele>247.0</ele>
      </trkpt>
      <trkpt lat="36.51003" lon="-96.44282">
        <ele>247.1</ele>
      </trkpt>
      <trkpt lat="36.51019" lon="-96.44263">
        <ele>247.1</ele>
      </trkpt>
      <trkpt lat="36.51032" lon="-96.44255">
        <ele>247.2</ele>
      </trkpt>
      <trkpt lat="36.51049" lon="-96.44247">
        <ele>247.2</ele>
      </trkpt>
      <trkpt lat="36.51073" lon="-96.44239">
        <ele>247.3</ele>
      </trkpt>
      <trkpt lat="36.51088" lon="-96.44234">
        <ele>247.6</ele>
      </trkpt>
      <trkpt lat="36.51112" lon="-96.44226">
        <ele>248.7</ele>
      </trkpt>
      <trkpt lat="36.5116" lon="-96.44211">
        <ele>249.2</ele>
      </trkpt>
      <trkpt lat="36.5117" lon="-96.44208">
        <ele>249.3</ele>
      </trkpt>
      <trkpt lat="36.5119" lon="-96.44205">
        <ele>249.7</ele>
      </trkpt>
      <trkpt lat="36.512" lon="-96.44205">
        <ele>250.0</ele>
      </trkpt>
      <trkpt lat="36.5121" lon="-96.44205">
        <ele>250.3</ele>
      </trkpt>
      <trkpt lat="36.51214" lon="-96.44206">
        <ele>250.4</ele>
      </trkpt>
      <trkpt lat="36.51225" lon="-96.44208">
        <ele>250.9</ele>
      </trkpt>
      <trkpt lat="36.51232" lon="-96.44211">
        <ele>251.2</ele>
      </trkpt>
      <trkpt lat="36.5124" lon="-96.44213">
        <ele>251.5</ele>
      </trkpt>
      <trkpt lat="36.51253" lon="-96.44221">
        <ele>252.1</ele>
      </trkpt>
      <trkpt lat="36.51275" lon="-96.44237">
        <ele>252.7</ele>
      </trkpt>
      <trkpt lat="36.51279" lon="-96.44241">
        <ele>252.7</ele>
      </trkpt>
      <trkpt lat="36.51295" lon="-96.44253">
        <ele>253.4</ele>
      </trkpt>
      <trkpt lat="36.51298" lon="-96.44256">
        <ele>253.6</ele>
      </trkpt>
      <trkpt lat="36.5131" lon="-96.44265">
        <ele>253.9</ele>
      </trkpt>
      <trkpt lat="36.51312" lon="-96.44267">
        <ele>253.9</ele>
      </trkpt>
      <trkpt lat="36.51324" lon="-96.44278">
        <ele>253.2</ele>
      </trkpt>
      <trkpt lat="36.51328" lon="-96.44281">
        <ele>253.0</ele>
      </trkpt>
      <trkpt lat="36.51358" lon="-96.44307">
        <ele>252.4</ele>
      </trkpt>
      <trkpt lat="36.51396" lon="-96.44341">
        <ele>250.4</ele>
      </trkpt>
      <trkpt lat="36.51398" lon="-96.44342">
        <ele>250.2</ele>
      </trkpt>
      <trkpt lat="36.51402" lon="-96.44344">
        <ele>249.9</ele>
      </trkpt>
      <trkpt lat="36.51414" lon="-96.44351">
        <ele>249.4</ele>
      </trkpt>
      <trkpt lat="36.51417" lon="-96.44353">
        <ele>249.3</ele>
      </trkpt>
      <trkpt lat="36.51435" lon="-96.44357">
        <ele>249.4</ele>
      </trkpt>
      <trkpt lat="36.51458" lon="-96.44361">
        <ele>249.2</ele>
      </trkpt>
      <trkpt lat="36.5148" lon="-96.44362">
        <ele>248.7</ele>
      </trkpt>
      <trkpt lat="36.51496" lon="-96.44361">
        <ele>248.1</ele>
      </trkpt>
      <trkpt lat="36.51505" lon="-96.4436">
        <ele>247.7</ele>
      </trkpt>
      <trkpt lat="36.51521" lon="-96.44357">
        <ele>247.5</ele>
      </trkpt>
      <trkpt lat="36.51539" lon="-96.44354">
        <ele>247.8</ele>
      </trkpt>
      <trkpt lat="36.51543" lon="-96.44354">
        <ele>247.7</ele>
      </trkpt>
      <trkpt lat="36.51543" lon="-96.44353">
        <ele>247.8</ele>
      </trkpt>
      <trkpt lat="36.51579" lon="-96.44345">
        <ele>247.8</ele>
      </trkpt>
      <trkpt lat="36.51654" lon="-96.44328">
        <ele>248.7</ele>
      </trkpt>
      <trkpt lat="36.51663" lon="-96.44326">
        <ele>248.8</ele>
      </trkpt>
      <trkpt lat="36.51667" lon="-96.44326">
        <ele>248.8</ele>
      </trkpt>
      <trkpt lat="36.51699" lon="-96.4432">
        <ele>248.8</ele>
      </trkpt>
      <trkpt lat="36.51741" lon="-96.44313">
        <ele>249.2</ele>
      </trkpt>
      <trkpt lat="36.51756" lon="-96.44311">
        <ele>249.5</ele>
      </trkpt>
      <trkpt lat="36.51776" lon="-96.44311">
        <ele>250.7</ele>
      </trkpt>
      <trkpt lat="36.51788" lon="-96.44314">
        <ele>250.9</ele>
      </trkpt>
      <trkpt lat="36.51791" lon="-96.44315">
        <ele>250.9</ele>
      </trkpt>
      <trkpt lat="36.51803" lon="-96.44319">
        <ele>250.4</ele>
      </trkpt>
      <trkpt lat="36.51805" lon="-96.4432">
        <ele>250.3</ele>
      </trkpt>
      <trkpt lat="36.51819" lon="-96.4433">
        <ele>249.4</ele>
      </trkpt>
      <trkpt lat="36.51824" lon="-96.44334">
        <ele>249.3</ele>
      </trkpt>
      <trkpt lat="36.5184" lon="-96.44347">
        <ele>249.3</ele>
      </trkpt>
      <trkpt lat="36.51859" lon="-96.44367">
        <ele>249.8</ele>
      </trkpt>
      <trkpt lat="36.51883" lon="-96.44396">
        <ele>251.5</ele>
      </trkpt>
      <trkpt lat="36.51901" lon="-96.4442">
        <ele>251.7</ele>
      </trkpt>
      <trkpt lat="36.51912" lon="-96.44434">
        <ele>251.9</ele>
      </trkpt>
      <trkpt lat="36.51913" lon="-96.44437">
        <ele>251.8</ele>
      </trkpt>
      <trkpt lat="36.51916" lon="-96.44441">
        <ele>251.9</ele>
      </trkpt>
      <trkpt lat="36.51931" lon="-96.44467">
        <ele>252.4</ele>
      </trkpt>
      <trkpt lat="36.51941" lon="-96.44494">
        <ele>253.3</ele>
      </trkpt>
      <trkpt lat="36.51942" lon="-96.44499">
        <ele>253.4</ele>
      </trkpt>
      <trkpt lat="36.51947" lon="-96.44515">
        <ele>253.3</ele>
      </trkpt>
      <trkpt lat="36.51948" lon="-96.44517">
        <ele>253.3</ele>
      </trkpt>
      <trkpt lat="36.51948" lon="-96.4452">
        <ele>253.2</ele>
      </trkpt>
      <trkpt lat="36.51952" lon="-96.44536">
        <ele>252.5</ele>
      </trkpt>
      <trkpt lat="36.51957" lon="-96.44558">
        <ele>251.4</ele>
      </trkpt>
      <trkpt lat="36.51958" lon="-96.44563">
        <ele>251.1</ele>
      </trkpt>
      <trkpt lat="36.5196" lon="-96.44573">
        <ele>250.8</ele>
      </trkpt>
      <trkpt lat="36.51962" lon="-96.44579">
        <ele>250.6</ele>
      </trkpt>
      <trkpt lat="36.51968" lon="-96.44604">
        <ele>247.9</ele>
      </trkpt>
      <trkpt lat="36.5198" lon="-96.44632">
        <ele>241.0</ele>
      </trkpt>
      <trkpt lat="36.51984" lon="-96.4464">
        <ele>240.0</ele>
      </trkpt>
      <trkpt lat="36.51986" lon="-96.44645">
        <ele>239.9</ele>
      </trkpt>
      <trkpt lat="36.51988" lon="-96.44649">
        <ele>239.8</ele>
      </trkpt>
      <trkpt lat="36.51993" lon="-96.4466">
        <ele>240.1</ele>
      </trkpt>
      <trkpt lat="36.51995" lon="-96.44664">
        <ele>240.5</ele>
      </trkpt>
      <trkpt lat="36.51995" lon="-96.44665">
        <ele>240.5</ele>
      </trkpt>
      <trkpt lat="36.52003" lon="-96.44679">
        <ele>242.3</ele>
      </trkpt>
      <trkpt lat="36.52005" lon="-96.44684">
        <ele>243.0</ele>
      </trkpt>
      <trkpt lat="36.52012" lon="-96.44698">
        <ele>244.6</ele>
      </trkpt>
      <trkpt lat="36.52014" lon="-96.44701">
        <ele>244.9</ele>
      </trkpt>
      <trkpt lat="36.52015" lon="-96.44702">
        <ele>245.0</ele>
      </trkpt>
      <trkpt lat="36.52037" lon="-96.44731">
        <ele>247.1</ele>
      </trkpt>
      <trkpt lat="36.52039" lon="-96.44733">
        <ele>247.3</ele>
      </trkpt>
      <trkpt lat="36.5204" lon="-96.44734">
        <ele>247.5</ele>
      </trkpt>
      <trkpt lat="36.52074" lon="-96.44764">
        <ele>251.1</ele>
      </trkpt>
      <trkpt lat="36.52097" lon="-96.44789">
        <ele>254.0</ele>
      </trkpt>
      <trkpt lat="36.52105" lon="-96.44797">
        <ele>254.7</ele>
      </trkpt>
      <trkpt lat="36.52107" lon="-96.448">
        <ele>254.9</ele>
      </trkpt>
      <trkpt lat="36.52112" lon="-96.44809">
        <ele>255.4</ele>
      </trkpt>
      <trkpt lat="36.52116" lon="-96.44822">
        <ele>256.3</ele>
      </trkpt>
      <trkpt lat="36.52116" lon="-96.44825">
        <ele>256.4</ele>
      </trkpt>
      <trkpt lat="36.52119" lon="-96.44841">
        <ele>257.1</ele>
      </trkpt>
      <trkpt lat="36.52124" lon="-96.44869">
        <ele>258.3</ele>
      </trkpt>
      <trkpt lat="36.52129" lon="-96.44898">
        <ele>259.3</ele>
      </trkpt>
      <trkpt lat="36.52131" lon="-96.44907">
        <ele>259.6</ele>
      </trkpt>
      <trkpt lat="36.52138" lon="-96.44927">
        <ele>260.1</ele>
      </trkpt>
      <trkpt lat="36.52139" lon="-96.4493">
        <ele>260.2</ele>
      </trkpt>
      <trkpt lat="36.52152" lon="-96.4496">
        <ele>260.9</ele>
      </trkpt>
      <trkpt lat="36.52155" lon="-96.44967">
        <ele>261.1</ele>
      </trkpt>
      <trkpt lat="36.52158" lon="-96.44972">
        <ele>261.2</ele>
      </trkpt>
      <trkpt lat="36.52165" lon="-96.44985">
        <ele>261.6</ele>
      </trkpt>
      <trkpt lat="36.52171" lon="-96.44996">
        <ele>261.9</ele>
      </trkpt>
      <trkpt lat="36.52187" lon="-96.4502">
        <ele>262.5</ele>
      </trkpt>
      <trkpt lat="36.52191" lon="-96.45025">
        <ele>262.6</ele>
      </trkpt>
      <trkpt lat="36.52214" lon="-96.45051">
        <ele>263.2</ele>
      </trkpt>
      <trkpt lat="36.52283" lon="-96.45107">
        <ele>264.6</ele>
      </trkpt>
      <trkpt lat="36.52289" lon="-96.45112">
        <ele>264.7</ele>
      </trkpt>
      <trkpt lat="36.52305" lon="-96.45123">
        <ele>264.9</ele>
      </trkpt>
      <trkpt lat="36.52309" lon="-96.45127">
        <ele>264.9</ele>
      </trkpt>
      <trkpt lat="36.52336" lon="-96.45148">
        <ele>265.4</ele>
      </trkpt>
      <trkpt lat="36.52397" lon="-96.45193">
        <ele>267.7</ele>
      </trkpt>
      <trkpt lat="36.52447" lon="-96.4523">
        <ele>268.3</ele>
      </trkpt>
      <trkpt lat="36.52524" lon="-96.45292">
        <ele>270.1</ele>
      </trkpt>
      <trkpt lat="36.52566" lon="-96.45321">
        <ele>271.2</ele>
      </trkpt>
      <trkpt lat="36.52583" lon="-96.45329">
        <ele>271.8</ele>
      </trkpt>
      <trkpt lat="36.52595" lon="-96.45335">
        <ele>272.2</ele>
      </trkpt>
      <trkpt lat="36.52619" lon="-96.45341">
        <ele>272.9</ele>
      </trkpt>
      <trkpt lat="36.52649" lon="-96.45345">
        <ele>273.8</ele>
      </trkpt>
      <trkpt lat="36.52671" lon="-96.45345">
        <ele>274.4</ele>
      </trkpt>
      <trkpt lat="36.52676" lon="-96.45345">
        <ele>274.7</ele>
      </trkpt>
      <trkpt lat="36.52708" lon="-96.45345">
        <ele>275.6</ele>
      </trkpt>
      <trkpt lat="36.52779" lon="-96.45346">
        <ele>276.5</ele>
      </trkpt>
      <trkpt lat="36.52784" lon="-96.45346">
        <ele>276.6</ele>
      </trkpt>
      <trkpt lat="36.52797" lon="-96.45347">
        <ele>276.8</ele>
      </trkpt>
      <trkpt lat="36.52824" lon="-96.45347">
        <ele>277.0</ele>
      </trkpt>
      <trkpt lat="36.52932" lon="-96.45352">
        <ele>278.7</ele>
      </trkpt>
      <trkpt lat="36.52972" lon="-96.45355">
        <ele>279.6</ele>
      </trkpt>
      <trkpt lat="36.52977" lon="-96.45356">
        <ele>279.7</ele>
      </trkpt>
      <trkpt lat="36.52994" lon="-96.45359">
        <ele>280.0</ele>
      </trkpt>
      <trkpt lat="36.53035" lon="-96.45367">
        <ele>280.6</ele>
      </trkpt>
      <trkpt lat="36.5306" lon="-96.45371">
        <ele>281.1</ele>
      </trkpt>
      <trkpt lat="36.53079" lon="-96.4537">
        <ele>281.6</ele>
      </trkpt>
      <trkpt lat="36.53089" lon="-96.4537">
        <ele>281.9</ele>
      </trkpt>
      <trkpt lat="36.53111" lon="-96.45364">
        <ele>282.8</ele>
      </trkpt>
      <trkpt lat="36.53114" lon="-96.45362">
        <ele>282.8</ele>
      </trkpt>
      <trkpt lat="36.5313" lon="-96.45352">
        <ele>283.2</ele>
      </trkpt>
      <trkpt lat="36.53139" lon="-96.45347">
        <ele>283.7</ele>
      </trkpt>
      <trkpt lat="36.53146" lon="-96.45343">
        <ele>284.4</ele>
      </trkpt>
      <trkpt lat="36.5315" lon="-96.45341">
        <ele>284.8</ele>
      </trkpt>
      <trkpt lat="36.5322" lon="-96.45297">
        <ele>290.9</ele>
      </trkpt>
      <trkpt lat="36.53227" lon="-96.45293">
        <ele>291.2</ele>
      </trkpt>
      <trkpt lat="36.53236" lon="-96.45287">
        <ele>291.3</ele>
      </trkpt>
      <trkpt lat="36.53243" lon="-96.45283">
        <ele>291.5</ele>
      </trkpt>
      <trkpt lat="36.53302" lon="-96.45249">
        <ele>294.4</ele>
      </trkpt>
      <trkpt lat="36.53308" lon="-96.45245">
        <ele>294.6</ele>
      </trkpt>
      <trkpt lat="36.53341" lon="-96.45227">
        <ele>296.8</ele>
      </trkpt>
      <trkpt lat="36.53344" lon="-96.45225">
        <ele>296.7</ele>
      </trkpt>
      <trkpt lat="36.53409" lon="-96.452">
        <ele>300.0</ele>
      </trkpt>
      <trkpt lat="36.53451" lon="-96.45188">
        <ele>302.6</ele>
      </trkpt>
      <trkpt lat="36.5348" lon="-96.45182">
        <ele>303.4</ele>
      </trkpt>
      <trkpt lat="36.53524" lon="-96.45173">
        <ele>306.0</ele>
      </trkpt>
      <trkpt lat="36.53528" lon="-96.45173">
        <ele>306.3</ele>
      </trkpt>
      <trkpt lat="36.53654" lon="-96.4517">
        <ele>312.2</ele>
      </trkpt>
      <trkpt lat="36.53672" lon="-96.4517">
        <ele>312.7</ele>
      </trkpt>
      <trkpt lat="36.53687" lon="-96.45169">
        <ele>313.7</ele>
      </trkpt>
      <trkpt lat="36.53747" lon="-96.45177">
        <ele>315.1</ele>
      </trkpt>
      <trkpt lat="36.53793" lon="-96.45189">
        <ele>316.3</ele>
      </trkpt>
      <trkpt lat="36.53832" lon="-96.45191">
        <ele>318.0</ele>
      </trkpt>
      <trkpt lat="36.53854" lon="-96.45192">
        <ele>318.6</ele>
      </trkpt>
      <trkpt lat="36.53868" lon="-96.45191">
        <ele>318.6</ele>
      </trkpt>
      <trkpt lat="36.53886" lon="-96.45189">
        <ele>318.4</ele>
      </trkpt>
      <trkpt lat="36.53901" lon="-96.45188">
        <ele>318.1</ele>
      </trkpt>
      <trkpt lat="36.53976" lon="-96.4518">
        <ele>315.6</ele>
      </trkpt>
      <trkpt lat="36.54015" lon="-96.45175">
        <ele>315.0</ele>
      </trkpt>
      <trkpt lat="36.54029" lon="-96.45173">
        <ele>315.0</ele>
      </trkpt>
      <trkpt lat="36.54083" lon="-96.45164">
        <ele>316.0</ele>
      </trkpt>
      <trkpt lat="36.54119" lon="-96.45158">
        <ele>317.5</ele>
      </trkpt>
      <trkpt lat="36.54154" lon="-96.45151">
        <ele>318.9</ele>
      </trkpt>
      <trkpt lat="36.54185" lon="-96.45144">
        <ele>319.4</ele>
      </trkpt>
      <trkpt lat="36.54187" lon="-96.45143">
        <ele>319.3</ele>
      </trkpt>
      <trkpt lat="36.54221" lon="-96.4513">
        <ele>318.9</ele>
      </trkpt>
      <trkpt lat="36.54223" lon="-96.4513">
        <ele>318.9</ele>
      </trkpt>
      <trkpt lat="36.5427" lon="-96.45113">
        <ele>317.0</ele>
      </trkpt>
      <trkpt lat="36.54291" lon="-96.45106">
        <ele>316.3</ele>
      </trkpt>
      <trkpt lat="36.5436" lon="-96.45084">
        <ele>317.5</ele>
      </trkpt>
      <trkpt lat="36.54377" lon="-96.45079">
        <ele>317.5</ele>
      </trkpt>
      <trkpt lat="36.54395" lon="-96.45073">
        <ele>317.3</ele>
      </trkpt>
      <trkpt lat="36.54482" lon="-96.45043">
        <ele>312.4</ele>
      </trkpt>
      <trkpt lat="36.54485" lon="-96.45042">
        <ele>312.4</ele>
      </trkpt>
      <trkpt lat="36.54516" lon="-96.4503">
        <ele>311.7</ele>
      </trkpt>
      <trkpt lat="36.54551" lon="-96.45017">
        <ele>312.2</ele>
      </trkpt>
      <trkpt lat="36.54558" lon="-96.45014">
        <ele>312.4</ele>
      </trkpt>
      <trkpt lat="36.54586" lon="-96.44999">
        <ele>313.3</ele>
      </trkpt>
      <trkpt lat="36.54599" lon="-96.44988">
        <ele>314.1</ele>
      </trkpt>
      <trkpt lat="36.54614" lon="-96.44975">
        <ele>314.8</ele>
      </trkpt>
      <trkpt lat="36.54618" lon="-96.44972">
        <ele>314.8</ele>
      </trkpt>
      <trkpt lat="36.54657" lon="-96.44935">
        <ele>313.2</ele>
      </trkpt>
      <trkpt lat="36.54671" lon="-96.44921">
        <ele>312.8</ele>
      </trkpt>
      <trkpt lat="36.54673" lon="-96.4492">
        <ele>312.8</ele>
      </trkpt>
      <trkpt lat="36.54701" lon="-96.44895">
        <ele>313.6</ele>
      </trkpt>
      <trkpt lat="36.5473" lon="-96.44869">
        <ele>314.6</ele>
      </trkpt>
      <trkpt lat="36.54774" lon="-96.44831">
        <ele>315.5</ele>
      </trkpt>
      <trkpt lat="36.54789" lon="-96.44817">
        <ele>315.9</ele>
      </trkpt>
      <trkpt lat="36.54829" lon="-96.44781">
        <ele>316.5</ele>
      </trkpt>
      <trkpt lat="36.5487" lon="-96.44743">
        <ele>316.2</ele>
      </trkpt>
      <trkpt lat="36.54887" lon="-96.44728">
        <ele>316.5</ele>
      </trkpt>
      <trkpt lat="36.54916" lon="-96.44703">
        <ele>317.4</ele>
      </trkpt>
      <trkpt lat="36.54948" lon="-96.44687">
        <ele>318.0</ele>
      </trkpt>
      <trkpt lat="36.54968" lon="-96.44682">
        <ele>318.0</ele>
      </trkpt>
      <trkpt lat="36.54981" lon="-96.44678">
        <ele>318.0</ele>
      </trkpt>
      <trkpt lat="36.55013" lon="-96.4468">
        <ele>317.6</ele>
      </trkpt>
      <trkpt lat="36.55039" lon="-96.44686">
        <ele>317.0</ele>
      </trkpt>
      <trkpt lat="36.55056" lon="-96.44693">
        <ele>316.8</ele>
      </trkpt>
      <trkpt lat="36.55068" lon="-96.44698">
        <ele>316.8</ele>
      </trkpt>
      <trkpt lat="36.55087" lon="-96.44713">
        <ele>316.7</ele>
      </trkpt>
      <trkpt lat="36.55103" lon="-96.44726">
        <ele>316.9</ele>
      </trkpt>
      <trkpt lat="36.55175" lon="-96.4479">
        <ele>318.5</ele>
      </trkpt>
      <trkpt lat="36.55191" lon="-96.44803">
        <ele>318.6</ele>
      </trkpt>
      <trkpt lat="36.55206" lon="-96.44815">
        <ele>318.5</ele>
      </trkpt>
      <trkpt lat="36.55223" lon="-96.44828">
        <ele>318.3</ele>
      </trkpt>
      <trkpt lat="36.55249" lon="-96.44844">
        <ele>318.0</ele>
      </trkpt>
      <trkpt lat="36.55267" lon="-96.44852">
        <ele>317.8</ele>
      </trkpt>
      <trkpt lat="36.55288" lon="-96.44856">
        <ele>317.6</ele>
      </trkpt>
      <trkpt lat="36.5532" lon="-96.44861">
        <ele>317.6</ele>
      </trkpt>
      <trkpt lat="36.55338" lon="-96.44863">
        <ele>317.6</ele>
      </trkpt>
      <trkpt lat="36.5542" lon="-96.44872">
        <ele>317.5</ele>
      </trkpt>
      <trkpt lat="36.55434" lon="-96.44874">
        <ele>317.3</ele>
      </trkpt>
      <trkpt lat="36.55509" lon="-96.44881">
        <ele>315.3</ele>
      </trkpt>
      <trkpt lat="36.55557" lon="-96.44886">
        <ele>314.6</ele>
      </trkpt>
      <trkpt lat="36.55581" lon="-96.44888">
        <ele>314.5</ele>
      </trkpt>
      <trkpt lat="36.55659" lon="-96.44894">
        <ele>313.8</ele>
      </trkpt>
      <trkpt lat="36.55671" lon="-96.44894">
        <ele>313.5</ele>
      </trkpt>
      <trkpt lat="36.55707" lon="-96.44895">
        <ele>314.3</ele>
      </trkpt>
      <trkpt lat="36.55714" lon="-96.44896">
        <ele>314.6</ele>
      </trkpt>
      <trkpt lat="36.55725" lon="-96.44895">
        <ele>315.0</ele>
      </trkpt>
      <trkpt lat="36.55736" lon="-96.44895">
        <ele>315.6</ele>
      </trkpt>
      <trkpt lat="36.55743" lon="-96.44894">
        <ele>316.1</ele>
      </trkpt>
      <trkpt lat="36.55758" lon="-96.4489">
        <ele>317.4</ele>
      </trkpt>
      <trkpt lat="36.5576" lon="-96.4489">
        <ele>317.5</ele>
      </trkpt>
      <trkpt lat="36.55799" lon="-96.44874">
        <ele>320.3</ele>
      </trkpt>
      <trkpt lat="36.55812" lon="-96.4487">
        <ele>320.9</ele>
      </trkpt>
      <trkpt lat="36.55829" lon="-96.44866">
        <ele>321.7</ele>
      </trkpt>
      <trkpt lat="36.55829" lon="-96.44866">
        <ele>321.7</ele>
      </trkpt>
      <trkpt lat="36.55854" lon="-96.44932">
        <ele>325.6</ele>
      </trkpt>
      <trkpt lat="36.55858" lon="-96.44941">
        <ele>325.9</ele>
      </trkpt>
      <trkpt lat="36.55866" lon="-96.4496">
        <ele>326.8</ele>
      </trkpt>
      <trkpt lat="36.55878" lon="-96.44979">
        <ele>327.8</ele>
      </trkpt>
      <trkpt lat="36.55882" lon="-96.44985">
        <ele>328.0</ele>
      </trkpt>
      <trkpt lat="36.55903" lon="-96.4501">
        <ele>328.0</ele>
      </trkpt>
      <trkpt lat="36.55906" lon="-96.45014">
        <ele>328.0</ele>
      </trkpt>
      <trkpt lat="36.55928" lon="-96.4503">
        <ele>328.0</ele>
      </trkpt>
      <trkpt lat="36.55934" lon="-96.45033">
        <ele>328.0</ele>
      </trkpt>
      <trkpt lat="36.55943" lon="-96.45038">
        <ele>328.1</ele>
      </trkpt>
      <trkpt lat="36.55951" lon="-96.4504">
        <ele>328.2</ele>
      </trkpt>
      <trkpt lat="36.55987" lon="-96.45047">
        <ele>328.8</ele>
      </trkpt>
      <trkpt lat="36.56022" lon="-96.4505">
        <ele>329.1</ele>
      </trkpt>
      <trkpt lat="36.5604" lon="-96.45052">
        <ele>329.1</ele>
      </trkpt>
      <trkpt lat="36.56058" lon="-96.45053">
        <ele>329.0</ele>
      </trkpt>
      <trkpt lat="36.56071" lon="-96.45055">
        <ele>328.9</ele>
      </trkpt>
      <trkpt lat="36.56161" lon="-96.45059">
        <ele>327.8</ele>
      </trkpt>
      <trkpt lat="36.56166" lon="-96.4506">
        <ele>327.6</ele>
      </trkpt>
      <trkpt lat="36.56184" lon="-96.45063">
        <ele>327.0</ele>
      </trkpt>
      <trkpt lat="36.56197" lon="-96.45065">
        <ele>326.4</ele>
      </trkpt>
      <trkpt lat="36.5625" lon="-96.45086">
        <ele>324.4</ele>
      </trkpt>
      <trkpt lat="36.56258" lon="-96.4509">
        <ele>324.1</ele>
      </trkpt>
      <trkpt lat="36.56262" lon="-96.45076">
        <ele>324.1</ele>
      </trkpt>
      <trkpt lat="36.56287" lon="-96.45085">
        <ele>323.0</ele>
      </trkpt>
      <trkpt lat="36.56317" lon="-96.45105">
        <ele>321.9</ele>
      </trkpt>
      <trkpt lat="36.5637" lon="-96.45157">
        <ele>320.0</ele>
      </trkpt>
      <trkpt lat="36.56423" lon="-96.45208">
        <ele>317.8</ele>
      </trkpt>
      <trkpt lat="36.56475" lon="-96.4526">
        <ele>316.4</ele>
      </trkpt>
      <trkpt lat="36.56519" lon="-96.4532">
        <ele>315.3</ele>
      </trkpt>
      <trkpt lat="36.56558" lon="-96.4538">
        <ele>315.7</ele>
      </trkpt>
      <trkpt lat="36.56596" lon="-96.45439">
        <ele>316.6</ele>
      </trkpt>
      <trkpt lat="36.56653" lon="-96.45485">
        <ele>318.3</ele>
      </trkpt>
      <trkpt lat="36.56701" lon="-96.45513">
        <ele>318.0</ele>
      </trkpt>
      <trkpt lat="36.5674" lon="-96.45522">
        <ele>317.2</ele>
      </trkpt>
      <trkpt lat="36.56807" lon="-96.45502">
        <ele>315.4</ele>
      </trkpt>
      <trkpt lat="36.56857" lon="-96.45457">
        <ele>313.3</ele>
      </trkpt>
      <trkpt lat="36.56907" lon="-96.45413">
        <ele>310.0</ele>
      </trkpt>
      <trkpt lat="36.56958" lon="-96.45369">
        <ele>307.7</ele>
      </trkpt>
      <trkpt lat="36.57005" lon="-96.45315">
        <ele>304.5</ele>
      </trkpt>
      <trkpt lat="36.57052" lon="-96.45261">
        <ele>305.4</ele>
      </trkpt>
      <trkpt lat="36.571" lon="-96.45207">
        <ele>308.6</ele>
      </trkpt>
      <trkpt lat="36.57135" lon="-96.45159">
        <ele>308.8</ele>
      </trkpt>
      <trkpt lat="36.57171" lon="-96.4511">
        <ele>307.1</ele>
      </trkpt>
      <trkpt lat="36.57204" lon="-96.4503">
        <ele>303.4</ele>
      </trkpt>
      <trkpt lat="36.57237" lon="-96.4495">
        <ele>297.9</ele>
      </trkpt>
      <trkpt lat="36.5727" lon="-96.4487">
        <ele>292.2</ele>
      </trkpt>
      <trkpt lat="36.57303" lon="-96.4479">
        <ele>288.2</ele>
      </trkpt>
      <trkpt lat="36.57338" lon="-96.44759">
        <ele>285.8</ele>
      </trkpt>
      <trkpt lat="36.57411" lon="-96.44716">
        <ele>277.4</ele>
      </trkpt>
      <trkpt lat="36.57461" lon="-96.44654">
        <ele>271.3</ele>
      </trkpt>
      <trkpt lat="36.57492" lon="-96.4455">
        <ele>260.1</ele>
      </trkpt>
      <trkpt lat="36.57506" lon="-96.44538">
        <ele>257.0</ele>
      </trkpt>
      <trkpt lat="36.57523" lon="-96.4453">
        <ele>257.8</ele>
      </trkpt>
      <trkpt lat="36.57557" lon="-96.44547">
        <ele>261.6</ele>
      </trkpt>
      <trkpt lat="36.57581" lon="-96.44554">
        <ele>261.7</ele>
      </trkpt>
      <trkpt lat="36.57621" lon="-96.44556">
        <ele>261.8</ele>
      </trkpt>
      <trkpt lat="36.57642" lon="-96.4455">
        <ele>262.4</ele>
      </trkpt>
      <trkpt lat="36.57713" lon="-96.44514">
        <ele>263.6</ele>
      </trkpt>
      <trkpt lat="36.57784" lon="-96.44478">
        <ele>264.2</ele>
      </trkpt>
      <trkpt lat="36.57862" lon="-96.44441">
        <ele>265.0</ele>
      </trkpt>
      <trkpt lat="36.57939" lon="-96.44404">
        <ele>267.9</ele>
      </trkpt>
      <trkpt lat="36.58017" lon="-96.44367">
        <ele>271.2</ele>
      </trkpt>
      <trkpt lat="36.58095" lon="-96.4433">
        <ele>279.0</ele>
      </trkpt>
      <trkpt lat="36.58172" lon="-96.44293">
        <ele>287.9</ele>
      </trkpt>
      <trkpt lat="36.58219" lon="-96.44281">
        <ele>292.5</ele>
      </trkpt>
      <trkpt lat="36.58294" lon="-96.44286">
        <ele>297.6</ele>
      </trkpt>
      <trkpt lat="36.58309" lon="-96.44285">
        <ele>298.2</ele>
      </trkpt>
      <trkpt lat="36.58327" lon="-96.4428">
        <ele>298.9</ele>
      </trkpt>
      <trkpt lat="36.58327" lon="-96.4428">
        <ele>298.9</ele>
      </trkpt>
      <trkpt lat="36.5834" lon="-96.44276">
        <ele>299.2</ele>
      </trkpt>
      <trkpt lat="36.58421" lon="-96.44235">
        <ele>297.8</ele>
      </trkpt>
      <trkpt lat="36.58503" lon="-96.44194">
        <ele>296.9</ele>
      </trkpt>
      <trkpt lat="36.58561" lon="-96.4419">
        <ele>297.1</ele>
      </trkpt>
      <trkpt lat="36.58619" lon="-96.44185">
        <ele>297.1</ele>
      </trkpt>
      <trkpt lat="36.58706" lon="-96.44194">
        <ele>298.7</ele>
      </trkpt>
      <trkpt lat="36.58792" lon="-96.44193">
        <ele>299.9</ele>
      </trkpt>
      <trkpt lat="36.58877" lon="-96.44192">
        <ele>300.8</ele>
      </trkpt>
      <trkpt lat="36.58963" lon="-96.44191">
        <ele>302.1</ele>
      </trkpt>
      <trkpt lat="36.59026" lon="-96.44175">
        <ele>303.2</ele>
      </trkpt>
      <trkpt lat="36.59089" lon="-96.44159">
        <ele>305.2</ele>
      </trkpt>
      <trkpt lat="36.59152" lon="-96.44143">
        <ele>307.9</ele>
      </trkpt>
      <trkpt lat="36.59236" lon="-96.44109">
        <ele>312.1</ele>
      </trkpt>
      <trkpt lat="36.5932" lon="-96.44075">
        <ele>316.6</ele>
      </trkpt>
      <trkpt lat="36.59369" lon="-96.44077">
        <ele>319.0</ele>
      </trkpt>
      <trkpt lat="36.59418" lon="-96.4408">
        <ele>320.9</ele>
      </trkpt>
      <trkpt lat="36.59466" lon="-96.44092">
        <ele>321.4</ele>
      </trkpt>
      <trkpt lat="36.59535" lon="-96.44136">
        <ele>321.0</ele>
      </trkpt>
      <trkpt lat="36.59603" lon="-96.44181">
        <ele>320.9</ele>
      </trkpt>
      <trkpt lat="36.59672" lon="-96.44225">
        <ele>322.0</ele>
      </trkpt>
      <trkpt lat="36.5972" lon="-96.44224">
        <ele>323.1</ele>
      </trkpt>
      <trkpt lat="36.59768" lon="-96.44222">
        <ele>323.7</ele>
      </trkpt>
      <trkpt lat="36.59844" lon="-96.44197">
        <ele>324.2</ele>
      </trkpt>
      <trkpt lat="36.5989" lon="-96.44174">
        <ele>324.8</ele>
      </trkpt>
      <trkpt lat="36.59937" lon="-96.44151">
        <ele>325.2</ele>
      </trkpt>
      <trkpt lat="36.60005" lon="-96.44109">
        <ele>323.7</ele>
      </trkpt>
      <trkpt lat="36.60072" lon="-96.44066">
        <ele>321.3</ele>
      </trkpt>
      <trkpt lat="36.60132" lon="-96.44011">
        <ele>323.6</ele>
      </trkpt>
      <trkpt lat="36.60192" lon="-96.43957">
        <ele>326.9</ele>
      </trkpt>
      <trkpt lat="36.60252" lon="-96.43902">
        <ele>329.3</ele>
      </trkpt>
      <trkpt lat="36.60312" lon="-96.43847">
        <ele>330.8</ele>
      </trkpt>
      <trkpt lat="36.60312" lon="-96.43847">
        <ele>330.8</ele>
      </trkpt>
      <trkpt lat="36.60312" lon="-96.43847">
        <ele>330.8</ele>
      </trkpt>
      <trkpt lat="36.60374" lon="-96.43791">
        <ele>332.6</ele>
      </trkpt>
      <trkpt lat="36.60436" lon="-96.43734">
        <ele>333.4</ele>
      </trkpt>
      <trkpt lat="36.60505" lon="-96.43711">
        <ele>333.7</ele>
      </trkpt>
      <trkpt lat="36.60592" lon="-96.43708">
        <ele>333.2</ele>
      </trkpt>
      <trkpt lat="36.60674" lon="-96.43694">
        <ele>333.9</ele>
      </trkpt>
      <trkpt lat="36.60734" lon="-96.43668">
        <ele>333.6</ele>
      </trkpt>
      <trkpt lat="36.60793" lon="-96.43641">
        <ele>333.3</ele>
      </trkpt>
      <trkpt lat="36.60853" lon="-96.43615">
        <ele>331.4</ele>
      </trkpt>
      <trkpt lat="36.60931" lon="-96.43592">
        <ele>331.2</ele>
      </trkpt>
      <trkpt lat="36.6101" lon="-96.4357">
        <ele>332.9</ele>
      </trkpt>
      <trkpt lat="36.61089" lon="-96.43548">
        <ele>332.8</ele>
      </trkpt>
      <trkpt lat="36.61168" lon="-96.43526">
        <ele>329.8</ele>
      </trkpt>
      <trkpt lat="36.61164" lon="-96.43468">
        <ele>330.0</ele>
      </trkpt>
      <trkpt lat="36.6116" lon="-96.43409">
        <ele>330.4</ele>
      </trkpt>
      <trkpt lat="36.61151" lon="-96.43318">
        <ele>329.7</ele>
      </trkpt>
      <trkpt lat="36.61139" lon="-96.43232">
        <ele>327.9</ele>
      </trkpt>
      <trkpt lat="36.61127" lon="-96.43146">
        <ele>326.1</ele>
      </trkpt>
      <trkpt lat="36.61127" lon="-96.43146">
        <ele>326.1</ele>
      </trkpt>
      <trkpt lat="36.61116" lon="-96.43075">
        <ele>324.9</ele>
      </trkpt>
      <trkpt lat="36.61112" lon="-96.43043">
        <ele>324.4</ele>
      </trkpt>
      <trkpt lat="36.6111" lon="-96.43019">
        <ele>324.1</ele>
      </trkpt>
      <trkpt lat="36.61111" lon="-96.42995">
        <ele>323.9</ele>
      </trkpt>
      <trkpt lat="36.61116" lon="-96.42966">
        <ele>323.9</ele>
      </trkpt>
      <trkpt lat="36.61127" lon="-96.42925">
        <ele>324.0</ele>
      </trkpt>
      <trkpt lat="36.61153" lon="-96.4284">
        <ele>322.7</ele>
      </trkpt>
      <trkpt lat="36.61179" lon="-96.42756">
        <ele>321.0</ele>
      </trkpt>
      <trkpt lat="36.61205" lon="-96.42671">
        <ele>319.5</ele>
      </trkpt>
      <trkpt lat="36.61228" lon="-96.42599">
        <ele>319.8</ele>
      </trkpt>
      <trkpt lat="36.61251" lon="-96.42527">
        <ele>320.7</ele>
      </trkpt>
      <trkpt lat="36.61273" lon="-96.42455">
        <ele>319.3</ele>
      </trkpt>
      <trkpt lat="36.6128" lon="-96.4243">
        <ele>318.5</ele>
      </trkpt>
      <trkpt lat="36.61283" lon="-96.4241">
        <ele>318.0</ele>
      </trkpt>
      <trkpt lat="36.61286" lon="-96.42383">
        <ele>317.6</ele>
      </trkpt>
      <trkpt lat="36.61285" lon="-96.42355">
        <ele>317.7</ele>
      </trkpt>
      <trkpt lat="36.61281" lon="-96.42328">
        <ele>318.3</ele>
      </trkpt>
      <trkpt lat="36.61275" lon="-96.42305">
        <ele>319.1</ele>
      </trkpt>
      <trkpt lat="36.61267" lon="-96.42281">
        <ele>320.1</ele>
      </trkpt>
      <trkpt lat="36.61256" lon="-96.42259">
        <ele>320.9</ele>
      </trkpt>
      <trkpt lat="36.61237" lon="-96.42227">
        <ele>321.2</ele>
      </trkpt>
      <trkpt lat="36.61189" lon="-96.42161">
        <ele>321.6</ele>
      </trkpt>
      <trkpt lat="36.61141" lon="-96.42095">
        <ele>321.2</ele>
      </trkpt>
      <trkpt lat="36.61093" lon="-96.4203">
        <ele>321.6</ele>
      </trkpt>
      <trkpt lat="36.61074" lon="-96.42002">
        <ele>322.5</ele>
      </trkpt>
      <trkpt lat="36.61058" lon="-96.41976">
        <ele>323.2</ele>
      </trkpt>
      <trkpt lat="36.61042" lon="-96.41942">
        <ele>323.9</ele>
      </trkpt>
      <trkpt lat="36.6101" lon="-96.41853">
        <ele>324.2</ele>
      </trkpt>
      <trkpt lat="36.60977" lon="-96.41764">
        <ele>323.6</ele>
      </trkpt>
      <trkpt lat="36.60945" lon="-96.41674">
        <ele>322.3</ele>
      </trkpt>
      <trkpt lat="36.60913" lon="-96.41585">
        <ele>322.3</ele>
      </trkpt>
      <trkpt lat="36.6088" lon="-96.41496">
        <ele>321.9</ele>
      </trkpt>
      <trkpt lat="36.60867" lon="-96.4147">
        <ele>321.8</ele>
      </trkpt>
      <trkpt lat="36.60851" lon="-96.4145">
        <ele>321.6</ele>
      </trkpt>
      <trkpt lat="36.60829" lon="-96.41429">
        <ele>321.7</ele>
      </trkpt>
      <trkpt lat="36.60794" lon="-96.41406">
        <ele>321.9</ele>
      </trkpt>
      <trkpt lat="36.60727" lon="-96.41368">
        <ele>321.9</ele>
      </trkpt>
      <trkpt lat="36.6066" lon="-96.4133">
        <ele>321.4</ele>
      </trkpt>
      <trkpt lat="36.60593" lon="-96.41292">
        <ele>321.4</ele>
      </trkpt>
      <trkpt lat="36.60575" lon="-96.41277">
        <ele>321.3</ele>
      </trkpt>
      <trkpt lat="36.60558" lon="-96.41258">
        <ele>321.2</ele>
      </trkpt>
      <trkpt lat="36.60542" lon="-96.41237">
        <ele>321.0</ele>
      </trkpt>
      <trkpt lat="36.60529" lon="-96.41214">
        <ele>320.7</ele>
      </trkpt>
      <trkpt lat="36.60519" lon="-96.41191">
        <ele>320.4</ele>
      </trkpt>
      <trkpt lat="36.6051" lon="-96.41163">
        <ele>320.8</ele>
      </trkpt>
      <trkpt lat="36.60489" lon="-96.41094">
        <ele>321.1</ele>
      </trkpt>
      <trkpt lat="36.60467" lon="-96.41025">
        <ele>321.2</ele>
      </trkpt>
      <trkpt lat="36.60448" lon="-96.40982">
        <ele>321.1</ele>
      </trkpt>
      <trkpt lat="36.60433" lon="-96.40959">
        <ele>321.2</ele>
      </trkpt>
      <trkpt lat="36.60416" lon="-96.40939">
        <ele>321.4</ele>
      </trkpt>
      <trkpt lat="36.6036" lon="-96.4088">
        <ele>322.2</ele>
      </trkpt>
      <trkpt lat="36.60304" lon="-96.40821">
        <ele>323.4</ele>
      </trkpt>
      <trkpt lat="36.60248" lon="-96.40762">
        <ele>324.2</ele>
      </trkpt>
      <trkpt lat="36.6022" lon="-96.40729">
        <ele>324.4</ele>
      </trkpt>
      <trkpt lat="36.60207" lon="-96.4071">
        <ele>324.6</ele>
      </trkpt>
      <trkpt lat="36.60191" lon="-96.40684">
        <ele>324.8</ele>
      </trkpt>
      <trkpt lat="36.60141" lon="-96.40596">
        <ele>325.1</ele>
      </trkpt>
      <trkpt lat="36.60092" lon="-96.40507">
        <ele>324.0</ele>
      </trkpt>
      <trkpt lat="36.60042" lon="-96.40419">
        <ele>324.1</ele>
      </trkpt>
      <trkpt lat="36.59993" lon="-96.40331">
        <ele>324.7</ele>
      </trkpt>
      <trkpt lat="36.59943" lon="-96.40242">
        <ele>326.8</ele>
      </trkpt>
      <trkpt lat="36.59893" lon="-96.40154">
        <ele>328.9</ele>
      </trkpt>
      <trkpt lat="36.59844" lon="-96.40065">
        <ele>330.4</ele>
      </trkpt>
      <trkpt lat="36.59794" lon="-96.39977">
        <ele>331.3</ele>
      </trkpt>
      <trkpt lat="36.59745" lon="-96.39888">
        <ele>332.3</ele>
      </trkpt>
      <trkpt lat="36.59695" lon="-96.398">
        <ele>332.9</ele>
      </trkpt>
      <trkpt lat="36.59669" lon="-96.39755">
        <ele>332.7</ele>
      </trkpt>
      <trkpt lat="36.59653" lon="-96.39725">
        <ele>332.9</ele>
      </trkpt>
      <trkpt lat="36.59642" lon="-96.39696">
        <ele>333.2</ele>
      </trkpt>
      <trkpt lat="36.59634" lon="-96.39668">
        <ele>333.4</ele>
      </trkpt>
      <trkpt lat="36.5962" lon="-96.39562">
        <ele>334.1</ele>
      </trkpt>
      <trkpt lat="36.59605" lon="-96.39455">
        <ele>334.4</ele>
      </trkpt>
      <trkpt lat="36.5959" lon="-96.39349">
        <ele>332.5</ele>
      </trkpt>
      <trkpt lat="36.59575" lon="-96.39242">
        <ele>329.0</ele>
      </trkpt>
      <trkpt lat="36.59568" lon="-96.39186">
        <ele>328.1</ele>
      </trkpt>
      <trkpt lat="36.59561" lon="-96.39131">
        <ele>327.8</ele>
      </trkpt>
      <trkpt lat="36.59557" lon="-96.39098">
        <ele>327.4</ele>
      </trkpt>
      <trkpt lat="36.59557" lon="-96.3906">
        <ele>326.3</ele>
      </trkpt>
      <trkpt lat="36.59561" lon="-96.39016">
        <ele>324.2</ele>
      </trkpt>
      <trkpt lat="36.59566" lon="-96.38977">
        <ele>322.3</ele>
      </trkpt>
      <trkpt lat="36.59574" lon="-96.38943">
        <ele>321.6</ele>
      </trkpt>
      <trkpt lat="36.59582" lon="-96.38919">
        <ele>321.0</ele>
      </trkpt>
      <trkpt lat="36.59596" lon="-96.38891">
        <ele>320.3</ele>
      </trkpt>
      <trkpt lat="36.59613" lon="-96.38863">
        <ele>319.2</ele>
      </trkpt>
      <trkpt lat="36.59646" lon="-96.38815">
        <ele>317.7</ele>
      </trkpt>
      <trkpt lat="36.5968" lon="-96.38768">
        <ele>316.7</ele>
      </trkpt>
      <trkpt lat="36.59698" lon="-96.3874">
        <ele>316.4</ele>
      </trkpt>
      <trkpt lat="36.59709" lon="-96.38715">
        <ele>316.1</ele>
      </trkpt>
      <trkpt lat="36.59718" lon="-96.38688">
        <ele>315.9</ele>
      </trkpt>
      <trkpt lat="36.59722" lon="-96.38655">
        <ele>315.8</ele>
      </trkpt>
      <trkpt lat="36.59723" lon="-96.38624">
        <ele>316.0</ele>
      </trkpt>
      <trkpt lat="36.5972" lon="-96.38587">
        <ele>316.3</ele>
      </trkpt>
      <trkpt lat="36.59711" lon="-96.38479">
        <ele>317.6</ele>
      </trkpt>
      <trkpt lat="36.59701" lon="-96.38371">
        <ele>317.8</ele>
      </trkpt>
      <trkpt lat="36.59692" lon="-96.38263">
        <ele>315.4</ele>
      </trkpt>
      <trkpt lat="36.59683" lon="-96.38155">
        <ele>315.1</ele>
      </trkpt>
      <trkpt lat="36.59673" lon="-96.38047">
        <ele>316.9</ele>
      </trkpt>
      <trkpt lat="36.59667" lon="-96.37969">
        <ele>318.6</ele>
      </trkpt>
      <trkpt lat="36.5966" lon="-96.37891">
        <ele>320.6</ele>
      </trkpt>
      <trkpt lat="36.59664" lon="-96.37853">
        <ele>320.4</ele>
      </trkpt>
      <trkpt lat="36.59683" lon="-96.37786">
        <ele>317.9</ele>
      </trkpt>
      <trkpt lat="36.5971" lon="-96.37703">
        <ele>313.7</ele>
      </trkpt>
      <trkpt lat="36.59734" lon="-96.37622">
        <ele>308.4</ele>
      </trkpt>
      <trkpt lat="36.59758" lon="-96.37541">
        <ele>302.7</ele>
      </trkpt>
      <trkpt lat="36.59775" lon="-96.3749">
        <ele>299.8</ele>
      </trkpt>
      <trkpt lat="36.59783" lon="-96.3747">
        <ele>298.9</ele>
      </trkpt>
      <trkpt lat="36.59794" lon="-96.37455">
        <ele>298.5</ele>
      </trkpt>
      <trkpt lat="36.59812" lon="-96.3744">
        <ele>297.9</ele>
      </trkpt>
      <trkpt lat="36.59836" lon="-96.37426">
        <ele>297.4</ele>
      </trkpt>
      <trkpt lat="36.59892" lon="-96.37398">
        <ele>294.7</ele>
      </trkpt>
      <trkpt lat="36.59906" lon="-96.37386">
        <ele>295.6</ele>
      </trkpt>
      <trkpt lat="36.59916" lon="-96.37372">
        <ele>297.1</ele>
      </trkpt>
      <trkpt lat="36.59922" lon="-96.37355">
        <ele>297.4</ele>
      </trkpt>
      <trkpt lat="36.59924" lon="-96.37337">
        <ele>297.5</ele>
      </trkpt>
      <trkpt lat="36.59923" lon="-96.37318">
        <ele>297.6</ele>
      </trkpt>
      <trkpt lat="36.59918" lon="-96.37291">
        <ele>297.9</ele>
      </trkpt>
      <trkpt lat="36.59903" lon="-96.3721">
        <ele>298.4</ele>
      </trkpt>
      <trkpt lat="36.59887" lon="-96.37129">
        <ele>300.8</ele>
      </trkpt>
      <trkpt lat="36.59884" lon="-96.37094">
        <ele>301.0</ele>
      </trkpt>
      <trkpt lat="36.59885" lon="-96.37069">
        <ele>301.1</ele>
      </trkpt>
      <trkpt lat="36.59888" lon="-96.37053">
        <ele>301.2</ele>
      </trkpt>
      <trkpt lat="36.59891" lon="-96.37036">
        <ele>301.1</ele>
      </trkpt>
      <trkpt lat="36.59897" lon="-96.37016">
        <ele>300.9</ele>
      </trkpt>
      <trkpt lat="36.59914" lon="-96.36983">
        <ele>299.8</ele>
      </trkpt>
      <trkpt lat="36.59951" lon="-96.36907">
        <ele>296.9</ele>
      </trkpt>
      <trkpt lat="36.59988" lon="-96.36831">
        <ele>293.7</ele>
      </trkpt>
      <trkpt lat="36.60024" lon="-96.36756">
        <ele>294.1</ele>
      </trkpt>
      <trkpt lat="36.60037" lon="-96.36735">
        <ele>295.7</ele>
      </trkpt>
      <trkpt lat="36.60051" lon="-96.36715">
        <ele>296.4</ele>
      </trkpt>
      <trkpt lat="36.60097" lon="-96.36666">
        <ele>299.6</ele>
      </trkpt>
      <trkpt lat="36.60143" lon="-96.36617">
        <ele>302.6</ele>
      </trkpt>
      <trkpt lat="36.60184" lon="-96.36574">
        <ele>305.1</ele>
      </trkpt>
      <trkpt lat="36.60184" lon="-96.36574">
        <ele>305.1</ele>
      </trkpt>
      <trkpt lat="36.6022" lon="-96.36537">
        <ele>307.3</ele>
      </trkpt>
      <trkpt lat="36.60252" lon="-96.36506">
        <ele>310.1</ele>
      </trkpt>
      <trkpt lat="36.60284" lon="-96.36477">
        <ele>311.9</ele>
      </trkpt>
      <trkpt lat="36.6036" lon="-96.36417">
        <ele>315.4</ele>
      </trkpt>
      <trkpt lat="36.60435" lon="-96.36357">
        <ele>317.5</ele>
      </trkpt>
      <trkpt lat="36.60511" lon="-96.36297">
        <ele>316.3</ele>
      </trkpt>
      <trkpt lat="36.60586" lon="-96.36237">
        <ele>316.5</ele>
      </trkpt>
      <trkpt lat="36.60662" lon="-96.36177">
        <ele>319.6</ele>
      </trkpt>
      <trkpt lat="36.60737" lon="-96.36117">
        <ele>321.6</ele>
      </trkpt>
      <trkpt lat="36.60764" lon="-96.36095">
        <ele>322.8</ele>
      </trkpt>
      <trkpt lat="36.60788" lon="-96.36068">
        <ele>323.8</ele>
      </trkpt>
      <trkpt lat="36.60803" lon="-96.36046">
        <ele>324.0</ele>
      </trkpt>
      <trkpt lat="36.60818" lon="-96.36014">
        <ele>324.1</ele>
      </trkpt>
      <trkpt lat="36.60847" lon="-96.35943">
        <ele>324.3</ele>
      </trkpt>
      <trkpt lat="36.60876" lon="-96.35872">
        <ele>324.0</ele>
      </trkpt>
      <trkpt lat="36.60905" lon="-96.358">
        <ele>323.7</ele>
      </trkpt>
      <trkpt lat="36.60922" lon="-96.35776">
        <ele>323.5</ele>
      </trkpt>
      <trkpt lat="36.6094" lon="-96.35755">
        <ele>323.8</ele>
      </trkpt>
      <trkpt lat="36.60964" lon="-96.35737">
        <ele>323.8</ele>
      </trkpt>
      <trkpt lat="36.60986" lon="-96.35726">
        <ele>323.8</ele>
      </trkpt>
      <trkpt lat="36.61069" lon="-96.35699">
        <ele>323.9</ele>
      </trkpt>
      <trkpt lat="36.61102" lon="-96.35682">
        <ele>323.4</ele>
      </trkpt>
      <trkpt lat="36.61121" lon="-96.35665">
        <ele>322.8</ele>
      </trkpt>
      <trkpt lat="36.61141" lon="-96.35643">
        <ele>322.5</ele>
      </trkpt>
      <trkpt lat="36.6116" lon="-96.35611">
        <ele>321.8</ele>
      </trkpt>
      <trkpt lat="36.61177" lon="-96.35568">
        <ele>320.8</ele>
      </trkpt>
      <trkpt lat="36.61196" lon="-96.35498">
        <ele>319.2</ele>
      </trkpt>
      <trkpt lat="36.61216" lon="-96.35428">
        <ele>317.7</ele>
      </trkpt>
      <trkpt lat="36.61241" lon="-96.35332">
        <ele>317.1</ele>
      </trkpt>
      <trkpt lat="36.61267" lon="-96.35236">
        <ele>320.1</ele>
      </trkpt>
      <trkpt lat="36.61292" lon="-96.3514">
        <ele>322.4</ele>
      </trkpt>
      <trkpt lat="36.61304" lon="-96.35104">
        <ele>323.0</ele>
      </trkpt>
      <trkpt lat="36.61322" lon="-96.35071">
        <ele>323.6</ele>
      </trkpt>
      <trkpt lat="36.61338" lon="-96.35052">
        <ele>323.6</ele>
      </trkpt>
      <trkpt lat="36.61356" lon="-96.35033">
        <ele>323.5</ele>
      </trkpt>
      <trkpt lat="36.61383" lon="-96.35016">
        <ele>322.7</ele>
      </trkpt>
      <trkpt lat="36.61426" lon="-96.34998">
        <ele>321.8</ele>
      </trkpt>
      <trkpt lat="36.61505" lon="-96.34965">
        <ele>319.7</ele>
      </trkpt>
      <trkpt lat="36.61584" lon="-96.34933">
        <ele>316.7</ele>
      </trkpt>
      <trkpt lat="36.61663" lon="-96.34901">
        <ele>315.4</ele>
      </trkpt>
      <trkpt lat="36.61742" lon="-96.34869">
        <ele>316.2</ele>
      </trkpt>
      <trkpt lat="36.61821" lon="-96.34837">
        <ele>318.2</ele>
      </trkpt>
      <trkpt lat="36.61899" lon="-96.34805">
        <ele>318.3</ele>
      </trkpt>
      <trkpt lat="36.61979" lon="-96.34772">
        <ele>318.1</ele>
      </trkpt>
      <trkpt lat="36.62015" lon="-96.34761">
        <ele>318.1</ele>
      </trkpt>
      <trkpt lat="36.62042" lon="-96.34756">
        <ele>318.0</ele>
      </trkpt>
      <trkpt lat="36.62073" lon="-96.34754">
        <ele>318.1</ele>
      </trkpt>
      <trkpt lat="36.62121" lon="-96.34758">
        <ele>317.4</ele>
      </trkpt>
      <trkpt lat="36.6217" lon="-96.34763">
        <ele>316.3</ele>
      </trkpt>
      <trkpt lat="36.62238" lon="-96.34767">
        <ele>314.8</ele>
      </trkpt>
      <trkpt lat="36.62305" lon="-96.34771">
        <ele>313.5</ele>
      </trkpt>
      <trkpt lat="36.62372" lon="-96.34776">
        <ele>311.3</ele>
      </trkpt>
      <trkpt lat="36.62416" lon="-96.34784">
        <ele>311.5</ele>
      </trkpt>
      <trkpt lat="36.62445" lon="-96.34801">
        <ele>312.3</ele>
      </trkpt>
      <trkpt lat="36.62498" lon="-96.34849">
        <ele>312.6</ele>
      </trkpt>
      <trkpt lat="36.62544" lon="-96.34891">
        <ele>313.7</ele>
      </trkpt>
      <trkpt lat="36.62601" lon="-96.34948">
        <ele>319.4</ele>
      </trkpt>
      <trkpt lat="36.62625" lon="-96.34968">
        <ele>320.3</ele>
      </trkpt>
      <trkpt lat="36.6265" lon="-96.34983">
        <ele>320.9</ele>
      </trkpt>
      <trkpt lat="36.62676" lon="-96.34992">
        <ele>321.2</ele>
      </trkpt>
      <trkpt lat="36.6271" lon="-96.34993">
        <ele>321.2</ele>
      </trkpt>
      <trkpt lat="36.62788" lon="-96.3499">
        <ele>321.2</ele>
      </trkpt>
      <trkpt lat="36.62867" lon="-96.34988">
        <ele>319.2</ele>
      </trkpt>
      <trkpt lat="36.62882" lon="-96.3499">
        <ele>319.1</ele>
      </trkpt>
      <trkpt lat="36.62894" lon="-96.34995">
        <ele>319.1</ele>
      </trkpt>
      <trkpt lat="36.62915" lon="-96.3501">
        <ele>319.6</ele>
      </trkpt>
      <trkpt lat="36.6293" lon="-96.35036">
        <ele>319.4</ele>
      </trkpt>
      <trkpt lat="36.62937" lon="-96.35054">
        <ele>319.2</ele>
      </trkpt>
      <trkpt lat="36.62942" lon="-96.3508">
        <ele>319.1</ele>
      </trkpt>
      <trkpt lat="36.62944" lon="-96.35105">
        <ele>319.3</ele>
      </trkpt>
      <trkpt lat="36.62945" lon="-96.35214">
        <ele>320.1</ele>
      </trkpt>
      <trkpt lat="36.62946" lon="-96.35323">
        <ele>318.5</ele>
      </trkpt>
      <trkpt lat="36.62947" lon="-96.35432">
        <ele>316.0</ele>
      </trkpt>
      <trkpt lat="36.62947" lon="-96.35541">
        <ele>315.8</ele>
      </trkpt>
      <trkpt lat="36.62948" lon="-96.3565">
        <ele>316.0</ele>
      </trkpt>
      <trkpt lat="36.6295" lon="-96.35719">
        <ele>314.0</ele>
      </trkpt>
      <trkpt lat="36.62951" lon="-96.35787">
        <ele>311.1</ele>
      </trkpt>
      <trkpt lat="36.62955" lon="-96.35808">
        <ele>310.9</ele>
      </trkpt>
      <trkpt lat="36.62962" lon="-96.35825">
        <ele>310.7</ele>
      </trkpt>
      <trkpt lat="36.62971" lon="-96.35843">
        <ele>310.1</ele>
      </trkpt>
      <trkpt lat="36.62983" lon="-96.35856">
        <ele>309.4</ele>
      </trkpt>
      <trkpt lat="36.63" lon="-96.35868">
        <ele>310.2</ele>
      </trkpt>
      <trkpt lat="36.63022" lon="-96.35875">
        <ele>311.1</ele>
      </trkpt>
      <trkpt lat="36.63075" lon="-96.35875">
        <ele>314.0</ele>
      </trkpt>
      <trkpt lat="36.63128" lon="-96.35875">
        <ele>314.0</ele>
      </trkpt>
      <trkpt lat="36.63204" lon="-96.35872">
        <ele>311.3</ele>
      </trkpt>
      <trkpt lat="36.6328" lon="-96.3587">
        <ele>309.3</ele>
      </trkpt>
      <trkpt lat="36.63298" lon="-96.35871">
        <ele>309.2</ele>
      </trkpt>
      <trkpt lat="36.63318" lon="-96.35879">
        <ele>309.2</ele>
      </trkpt>
      <trkpt lat="36.63332" lon="-96.35889">
        <ele>309.2</ele>
      </trkpt>
      <trkpt lat="36.63354" lon="-96.35906">
        <ele>308.8</ele>
      </trkpt>
      <trkpt lat="36.63419" lon="-96.3597">
        <ele>306.1</ele>
      </trkpt>
      <trkpt lat="36.63485" lon="-96.36035">
        <ele>308.0</ele>
      </trkpt>
      <trkpt lat="36.63551" lon="-96.36099">
        <ele>306.5</ele>
      </trkpt>
      <trkpt lat="36.63617" lon="-96.36164">
        <ele>303.3</ele>
      </trkpt>
      <trkpt lat="36.63639" lon="-96.36178">
        <ele>302.6</ele>
      </trkpt>
      <trkpt lat="36.63657" lon="-96.36185">
        <ele>302.2</ele>
      </trkpt>
      <trkpt lat="36.63677" lon="-96.3619">
        <ele>302.4</ele>
      </trkpt>
      <trkpt lat="36.6369" lon="-96.36191">
        <ele>302.8</ele>
      </trkpt>
      <trkpt lat="36.63703" lon="-96.36189">
        <ele>302.9</ele>
      </trkpt>
      <trkpt lat="36.63728" lon="-96.36185">
        <ele>301.8</ele>
      </trkpt>
      <trkpt lat="36.63795" lon="-96.36168">
        <ele>300.4</ele>
      </trkpt>
      <trkpt lat="36.63863" lon="-96.36151">
        <ele>300.3</ele>
      </trkpt>
      <trkpt lat="36.63882" lon="-96.36148">
        <ele>300.3</ele>
      </trkpt>
      <trkpt lat="36.63897" lon="-96.36148">
        <ele>300.1</ele>
      </trkpt>
      <trkpt lat="36.63915" lon="-96.3615">
        <ele>299.6</ele>
      </trkpt>
      <trkpt lat="36.6395" lon="-96.36161">
        <ele>298.5</ele>
      </trkpt>
      <trkpt lat="36.63987" lon="-96.36175">
        <ele>298.0</ele>
      </trkpt>
      <trkpt lat="36.63987" lon="-96.36175">
        <ele>298.0</ele>
      </trkpt>
      <trkpt lat="36.63993" lon="-96.36177">
        <ele>297.9</ele>
      </trkpt>
      <trkpt lat="36.64034" lon="-96.36199">
        <ele>296.2</ele>
      </trkpt>
      <trkpt lat="36.64052" lon="-96.36216">
        <ele>295.6</ele>
      </trkpt>
      <trkpt lat="36.64068" lon="-96.36237">
        <ele>295.3</ele>
      </trkpt>
      <trkpt lat="36.641" lon="-96.36285">
        <ele>294.3</ele>
      </trkpt>
      <trkpt lat="36.64113" lon="-96.36299">
        <ele>293.9</ele>
      </trkpt>
      <trkpt lat="36.64125" lon="-96.36309">
        <ele>293.6</ele>
      </trkpt>
      <trkpt lat="36.64138" lon="-96.36314">
        <ele>293.4</ele>
      </trkpt>
      <trkpt lat="36.6415" lon="-96.36317">
        <ele>293.2</ele>
      </trkpt>
      <trkpt lat="36.64168" lon="-96.36318">
        <ele>293.1</ele>
      </trkpt>
      <trkpt lat="36.6424" lon="-96.36317">
        <ele>290.8</ele>
      </trkpt>
      <trkpt lat="36.64313" lon="-96.36316">
        <ele>290.4</ele>
      </trkpt>
      <trkpt lat="36.64385" lon="-96.36314">
        <ele>293.7</ele>
      </trkpt>
      <trkpt lat="36.64457" lon="-96.36313">
        <ele>293.4</ele>
      </trkpt>
      <trkpt lat="36.6453" lon="-96.36312">
        <ele>293.3</ele>
      </trkpt>
      <trkpt lat="36.64557" lon="-96.36307">
        <ele>292.1</ele>
      </trkpt>
      <trkpt lat="36.64584" lon="-96.36299">
        <ele>291.1</ele>
      </trkpt>
      <trkpt lat="36.64635" lon="-96.36273">
        <ele>291.6</ele>
      </trkpt>
      <trkpt lat="36.64686" lon="-96.36246">
        <ele>290.9</ele>
      </trkpt>
      <trkpt lat="36.64735" lon="-96.36222">
        <ele>292.9</ele>
      </trkpt>
      <trkpt lat="36.64749" lon="-96.36216">
        <ele>293.4</ele>
      </trkpt>
      <trkpt lat="36.64769" lon="-96.3621">
        <ele>293.9</ele>
      </trkpt>
      <trkpt lat="36.64795" lon="-96.36207">
        <ele>294.8</ele>
      </trkpt>
      <trkpt lat="36.64816" lon="-96.36208">
        <ele>295.4</ele>
      </trkpt>
      <trkpt lat="36.64876" lon="-96.36215">
        <ele>295.9</ele>
      </trkpt>
      <trkpt lat="36.64924" lon="-96.36215">
        <ele>295.1</ele>
      </trkpt>
      <trkpt lat="36.64947" lon="-96.36213">
        <ele>294.4</ele>
      </trkpt>
      <trkpt lat="36.6501" lon="-96.36203">
        <ele>293.4</ele>
      </trkpt>
      <trkpt lat="36.65074" lon="-96.36193">
        <ele>292.3</ele>
      </trkpt>
      <trkpt lat="36.65147" lon="-96.3618">
        <ele>291.6</ele>
      </trkpt>
      <trkpt lat="36.6522" lon="-96.36167">
        <ele>290.4</ele>
      </trkpt>
      <trkpt lat="36.65293" lon="-96.36154">
        <ele>290.9</ele>
      </trkpt>
      <trkpt lat="36.65315" lon="-96.36149">
        <ele>291.6</ele>
      </trkpt>
      <trkpt lat="36.65333" lon="-96.36142">
        <ele>292.1</ele>
      </trkpt>
      <trkpt lat="36.65352" lon="-96.3613">
        <ele>293.0</ele>
      </trkpt>
      <trkpt lat="36.65369" lon="-96.36118">
        <ele>293.6</ele>
      </trkpt>
      <trkpt lat="36.65417" lon="-96.36073">
        <ele>294.5</ele>
      </trkpt>
      <trkpt lat="36.65465" lon="-96.36028">
        <ele>292.6</ele>
      </trkpt>
      <trkpt lat="36.65515" lon="-96.3598">
        <ele>288.9</ele>
      </trkpt>
      <trkpt lat="36.65564" lon="-96.35933">
        <ele>285.2</ele>
      </trkpt>
      <trkpt lat="36.65614" lon="-96.35885">
        <ele>281.6</ele>
      </trkpt>
      <trkpt lat="36.65679" lon="-96.35825">
        <ele>276.0</ele>
      </trkpt>
      <trkpt lat="36.65679" lon="-96.35825">
        <ele>276.0</ele>
      </trkpt>
      <trkpt lat="36.65706" lon="-96.35799">
        <ele>274.5</ele>
      </trkpt>
      <trkpt lat="36.65738" lon="-96.35767">
        <ele>272.8</ele>
      </trkpt>
      <trkpt lat="36.65805" lon="-96.35705">
        <ele>269.1</ele>
      </trkpt>
      <trkpt lat="36.65871" lon="-96.35643">
        <ele>266.3</ele>
      </trkpt>
      <trkpt lat="36.65894" lon="-96.35624">
        <ele>265.7</ele>
      </trkpt>
      <trkpt lat="36.65908" lon="-96.35614">
        <ele>264.9</ele>
      </trkpt>
      <trkpt lat="36.65921" lon="-96.35607">
        <ele>264.1</ele>
      </trkpt>
      <trkpt lat="36.65943" lon="-96.35597">
        <ele>262.9</ele>
      </trkpt>
      <trkpt lat="36.66014" lon="-96.35576">
        <ele>257.1</ele>
      </trkpt>
      <trkpt lat="36.66067" lon="-96.35556">
        <ele>254.6</ele>
      </trkpt>
      <trkpt lat="36.6609" lon="-96.35545">
        <ele>253.9</ele>
      </trkpt>
      <trkpt lat="36.66113" lon="-96.3553">
        <ele>252.4</ele>
      </trkpt>
      <trkpt lat="36.66159" lon="-96.35498">
        <ele>251.3</ele>
      </trkpt>
      <trkpt lat="36.66189" lon="-96.35474">
        <ele>249.0</ele>
      </trkpt>
      <trkpt lat="36.66223" lon="-96.35441">
        <ele>247.3</ele>
      </trkpt>
      <trkpt lat="36.66246" lon="-96.35416">
        <ele>247.1</ele>
      </trkpt>
      <trkpt lat="36.66259" lon="-96.35401">
        <ele>247.5</ele>
      </trkpt>
      <trkpt lat="36.66252" lon="-96.35383">
        <ele>247.8</ele>
      </trkpt>
      <trkpt lat="36.66269" lon="-96.35277">
        <ele>248.9</ele>
      </trkpt>
      <trkpt lat="36.66269" lon="-96.35277">
        <ele>248.9</ele>
      </trkpt>
      <trkpt lat="36.66272" lon="-96.35255">
        <ele>248.9</ele>
      </trkpt>
      <trkpt lat="36.66276" lon="-96.35186">
        <ele>249.3</ele>
      </trkpt>
      <trkpt lat="36.66273" lon="-96.35104">
        <ele>249.4</ele>
      </trkpt>
      <trkpt lat="36.66261" lon="-96.35032">
        <ele>248.8</ele>
      </trkpt>
      <trkpt lat="36.66249" lon="-96.3496">
        <ele>246.9</ele>
      </trkpt>
      <trkpt lat="36.66228" lon="-96.3496">
        <ele>247.0</ele>
      </trkpt>
      <trkpt lat="36.66192" lon="-96.34864">
        <ele>246.5</ele>
      </trkpt>
      <trkpt lat="36.66176" lon="-96.34829">
        <ele>244.2</ele>
      </trkpt>
      <trkpt lat="36.66143" lon="-96.34772">
        <ele>244.2</ele>
      </trkpt>
      <trkpt lat="36.6611" lon="-96.34716">
        <ele>247.0</ele>
      </trkpt>
      <trkpt lat="36.66056" lon="-96.34636">
        <ele>239.7</ele>
      </trkpt>
      <trkpt lat="36.66056" lon="-96.34636">
        <ele>239.7</ele>
      </trkpt>
      <trkpt lat="36.66005" lon="-96.34556">
        <ele>248.0</ele>
      </trkpt>
      <trkpt lat="36.65994" lon="-96.34542">
        <ele>248.6</ele>
      </trkpt>
      <trkpt lat="36.65955" lon="-96.34482">
        <ele>249.6</ele>
      </trkpt>
      <trkpt lat="36.65917" lon="-96.34422">
        <ele>249.8</ele>
      </trkpt>
      <trkpt lat="36.65879" lon="-96.34363">
        <ele>249.5</ele>
      </trkpt>
      <trkpt lat="36.65879" lon="-96.34363">
        <ele>249.5</ele>
      </trkpt>
      <trkpt lat="36.65845" lon="-96.34311">
        <ele>248.8</ele>
      </trkpt>
      <trkpt lat="36.65852" lon="-96.34306">
        <ele>248.6</ele>
      </trkpt>
      <trkpt lat="36.65855" lon="-96.34299">
        <ele>248.4</ele>
      </trkpt>
      <trkpt lat="36.65855" lon="-96.34289">
        <ele>248.2</ele>
      </trkpt>
      <trkpt lat="36.65849" lon="-96.34264">
        <ele>247.4</ele>
      </trkpt>
      <trkpt lat="36.65847" lon="-96.34247">
        <ele>246.9</ele>
      </trkpt>
      <trkpt lat="36.65846" lon="-96.34233">
        <ele>246.6</ele>
      </trkpt>
      <trkpt lat="36.65847" lon="-96.34212">
        <ele>246.2</ele>
      </trkpt>
      <trkpt lat="36.65851" lon="-96.34196">
        <ele>245.8</ele>
      </trkpt>
      <trkpt lat="36.65854" lon="-96.34192">
        <ele>245.6</ele>
      </trkpt>
      <trkpt lat="36.65854" lon="-96.34192">
        <ele>245.6</ele>
      </trkpt>
      <trkpt lat="36.65863" lon="-96.34183">
        <ele>245.0</ele>
      </trkpt>
      <trkpt lat="36.65871" lon="-96.3418">
        <ele>244.7</ele>
      </trkpt>
      <trkpt lat="36.6588" lon="-96.34179">
        <ele>244.4</ele>
      </trkpt>
      <trkpt lat="36.65888" lon="-96.34181">
        <ele>244.4</ele>
      </trkpt>
      <trkpt lat="36.65893" lon="-96.3417">
        <ele>244.6</ele>
      </trkpt>
      <trkpt lat="36.65894" lon="-96.34169">
        <ele>244.6</ele>
      </trkpt>
      <trkpt lat="36.65894" lon="-96.34169">
        <ele>244.6</ele>
      </trkpt>
      <trkpt lat="36.6592" lon="-96.34125">
        <ele>245.1</ele>
      </trkpt>
      <trkpt lat="36.65935" lon="-96.34101">
        <ele>245.4</ele>
      </trkpt>
      <trkpt lat="36.65941" lon="-96.34108">
        <ele>245.2</ele>
      </trkpt>
      <trkpt lat="36.65941" lon="-96.34108">
        <ele>245.2</ele>
      </trkpt>
      <trkpt lat="36.65953" lon="-96.34111">
        <ele>245.4</ele>
      </trkpt>
      <trkpt lat="36.66042" lon="-96.34091">
        <ele>244.5</ele>
      </trkpt>
      <trkpt lat="36.6613" lon="-96.34071">
        <ele>244.5</ele>
      </trkpt>
      <trkpt lat="36.66169" lon="-96.3406">
        <ele>245.5</ele>
      </trkpt>
      <trkpt lat="36.66169" lon="-96.3406">
        <ele>245.5</ele>
      </trkpt>
      <trkpt lat="36.66224" lon="-96.34047">
        <ele>247.2</ele>
      </trkpt>
      <trkpt lat="36.66279" lon="-96.34034">
        <ele>248.6</ele>
      </trkpt>
      <trkpt lat="36.66272" lon="-96.33981">
        <ele>248.5</ele>
      </trkpt>
      <trkpt lat="36.66272" lon="-96.33981">
        <ele>248.5</ele>
      </trkpt>
      <trkpt lat="36.66263" lon="-96.33895">
        <ele>247.9</ele>
      </trkpt>
      <trkpt lat="36.66254" lon="-96.3381">
        <ele>247.9</ele>
      </trkpt>
      <trkpt lat="36.6625" lon="-96.3381">
        <ele>247.9</ele>
      </trkpt>
      <trkpt lat="36.66239" lon="-96.33705">
        <ele>247.0</ele>
      </trkpt>
      <trkpt lat="36.66227" lon="-96.33601">
        <ele>247.2</ele>
      </trkpt>
      <trkpt lat="36.66238" lon="-96.33599">
        <ele>247.1</ele>
      </trkpt>
      <trkpt lat="36.66238" lon="-96.33599">
        <ele>247.1</ele>
      </trkpt>
      <trkpt lat="36.663" lon="-96.33589">
        <ele>246.9</ele>
      </trkpt>
      <trkpt lat="36.66305" lon="-96.3364">
        <ele>247.1</ele>
      </trkpt>
      <trkpt lat="36.66305" lon="-96.3364">
        <ele>247.1</ele>
      </trkpt>
      <trkpt lat="36.66313" lon="-96.3372">
        <ele>247.9</ele>
      </trkpt>
      <trkpt lat="36.66322" lon="-96.338">
        <ele>247.8</ele>
      </trkpt>
      <trkpt lat="36.66332" lon="-96.33909">
        <ele>248.9</ele>
      </trkpt>
      <trkpt lat="36.66343" lon="-96.34017">
        <ele>249.4</ele>
      </trkpt>
      <trkpt lat="36.66367" lon="-96.34013">
        <ele>249.6</ele>
      </trkpt>
      <trkpt lat="36.66367" lon="-96.34013">
        <ele>249.6</ele>
      </trkpt>
      <trkpt lat="36.66385" lon="-96.3401">
        <ele>249.7</ele>
      </trkpt>
      <trkpt lat="36.66393" lon="-96.34019">
        <ele>249.8</ele>
      </trkpt>
      <trkpt lat="36.66434" lon="-96.33999">
        <ele>249.8</ele>
      </trkpt>
      <trkpt lat="36.66445" lon="-96.33992">
        <ele>249.8</ele>
      </trkpt>
      <trkpt lat="36.66492" lon="-96.33957">
        <ele>249.8</ele>
      </trkpt>
      <trkpt lat="36.66492" lon="-96.33957">
        <ele>249.8</ele>
      </trkpt>
      <trkpt lat="36.66546" lon="-96.33918">
        <ele>249.7</ele>
      </trkpt>
      <trkpt lat="36.66586" lon="-96.33892">
        <ele>249.7</ele>
      </trkpt>
      <trkpt lat="36.66625" lon="-96.33865">
        <ele>249.7</ele>
      </trkpt>
      <trkpt lat="36.6669" lon="-96.33819">
        <ele>249.7</ele>
      </trkpt>
      <trkpt lat="36.66754" lon="-96.33773">
        <ele>250.2</ele>
      </trkpt>
      <trkpt lat="36.66768" lon="-96.3377">
        <ele>251.6</ele>
      </trkpt>
      <trkpt lat="36.66768" lon="-96.3377">
        <ele>251.6</ele>
      </trkpt>
      <trkpt lat="36.66812" lon="-96.33762">
        <ele>255.4</ele>
      </trkpt>
      <trkpt lat="36.66859" lon="-96.33756">
        <ele>263.8</ele>
      </trkpt>
      <trkpt lat="36.66905" lon="-96.33749">
        <ele>268.8</ele>
      </trkpt>
      <trkpt lat="36.66965" lon="-96.3374">
        <ele>269.9</ele>
      </trkpt>
      <trkpt lat="36.67024" lon="-96.33731">
        <ele>269.8</ele>
      </trkpt>
      <trkpt lat="36.67084" lon="-96.33722">
        <ele>269.7</ele>
      </trkpt>
      <trkpt lat="36.67084" lon="-96.33722">
        <ele>269.7</ele>
      </trkpt>
      <trkpt lat="36.67151" lon="-96.33712">
        <ele>270.0</ele>
      </trkpt>
      <trkpt lat="36.67219" lon="-96.33702">
        <ele>270.4</ele>
      </trkpt>
      <trkpt lat="36.67286" lon="-96.33692">
        <ele>270.6</ele>
      </trkpt>
      <trkpt lat="36.67358" lon="-96.3369">
        <ele>270.8</ele>
      </trkpt>
      <trkpt lat="36.67358" lon="-96.3369">
        <ele>270.8</ele>
      </trkpt>
      <trkpt lat="36.67416" lon="-96.33688">
        <ele>271.1</ele>
      </trkpt>
      <trkpt lat="36.67474" lon="-96.33687">
        <ele>273.5</ele>
      </trkpt>
      <trkpt lat="36.67538" lon="-96.33685">
        <ele>275.9</ele>
      </trkpt>
      <trkpt lat="36.67602" lon="-96.33684">
        <ele>278.9</ele>
      </trkpt>
      <trkpt lat="36.67665" lon="-96.33683">
        <ele>284.6</ele>
      </trkpt>
      <trkpt lat="36.67665" lon="-96.33683">
        <ele>284.6</ele>
      </trkpt>
      <trkpt lat="36.67711" lon="-96.33682">
        <ele>289.0</ele>
      </trkpt>
      <trkpt lat="36.67733" lon="-96.3368">
        <ele>291.3</ele>
      </trkpt>
      <trkpt lat="36.67773" lon="-96.33671">
        <ele>294.8</ele>
      </trkpt>
      <trkpt lat="36.67837" lon="-96.33654">
        <ele>300.9</ele>
      </trkpt>
      <trkpt lat="36.67901" lon="-96.33637">
        <ele>303.2</ele>
      </trkpt>
      <trkpt lat="36.67943" lon="-96.33629">
        <ele>302.9</ele>
      </trkpt>
      <trkpt lat="36.68013" lon="-96.33627">
        <ele>306.1</ele>
      </trkpt>
      <trkpt lat="36.68039" lon="-96.33627">
        <ele>307.7</ele>
      </trkpt>
      <trkpt lat="36.68039" lon="-96.33627">
        <ele>307.7</ele>
      </trkpt>
      <trkpt lat="36.68093" lon="-96.33626">
        <ele>308.9</ele>
      </trkpt>
      <trkpt lat="36.68146" lon="-96.33626">
        <ele>309.5</ele>
      </trkpt>
      <trkpt lat="36.682" lon="-96.33618">
        <ele>309.0</ele>
      </trkpt>
      <trkpt lat="36.68238" lon="-96.33604">
        <ele>307.9</ele>
      </trkpt>
      <trkpt lat="36.68262" lon="-96.33593">
        <ele>307.0</ele>
      </trkpt>
      <trkpt lat="36.68282" lon="-96.33582">
        <ele>306.6</ele>
      </trkpt>
      <trkpt lat="36.68344" lon="-96.33532">
        <ele>308.2</ele>
      </trkpt>
      <trkpt lat="36.68411" lon="-96.3347">
        <ele>309.0</ele>
      </trkpt>
      <trkpt lat="36.68411" lon="-96.3347">
        <ele>309.0</ele>
      </trkpt>
      <trkpt lat="36.68466" lon="-96.33421">
        <ele>309.2</ele>
      </trkpt>
      <trkpt lat="36.68522" lon="-96.33376">
        <ele>308.3</ele>
      </trkpt>
      <trkpt lat="36.68597" lon="-96.33321">
        <ele>306.2</ele>
      </trkpt>
      <trkpt lat="36.68625" lon="-96.33303">
        <ele>306.5</ele>
      </trkpt>
      <trkpt lat="36.68641" lon="-96.33297">
        <ele>306.6</ele>
      </trkpt>
      <trkpt lat="36.6867" lon="-96.33292">
        <ele>306.8</ele>
      </trkpt>
      <trkpt lat="36.68697" lon="-96.33295">
        <ele>306.9</ele>
      </trkpt>
      <trkpt lat="36.68728" lon="-96.33308">
        <ele>306.5</ele>
      </trkpt>
      <trkpt lat="36.68787" lon="-96.33351">
        <ele>306.1</ele>
      </trkpt>
      <trkpt lat="36.68787" lon="-96.33351">
        <ele>306.1</ele>
      </trkpt>
      <trkpt lat="36.68837" lon="-96.33387">
        <ele>305.6</ele>
      </trkpt>
      <trkpt lat="36.68861" lon="-96.33398">
        <ele>305.5</ele>
      </trkpt>
      <trkpt lat="36.68887" lon="-96.33402">
        <ele>305.5</ele>
      </trkpt>
      <trkpt lat="36.6896" lon="-96.33402">
        <ele>305.8</ele>
      </trkpt>
      <trkpt lat="36.69033" lon="-96.33403">
        <ele>305.7</ele>
      </trkpt>
      <trkpt lat="36.69106" lon="-96.33404">
        <ele>304.2</ele>
      </trkpt>
      <trkpt lat="36.69179" lon="-96.334">
        <ele>303.2</ele>
      </trkpt>
      <trkpt lat="36.69252" lon="-96.33396">
        <ele>302.4</ele>
      </trkpt>
      <trkpt lat="36.69325" lon="-96.33391">
        <ele>301.0</ele>
      </trkpt>
      <trkpt lat="36.69398" lon="-96.33387">
        <ele>300.6</ele>
      </trkpt>
      <trkpt lat="36.69471" lon="-96.33383">
        <ele>300.2</ele>
      </trkpt>
      <trkpt lat="36.69556" lon="-96.33379">
        <ele>300.2</ele>
      </trkpt>
      <trkpt lat="36.69641" lon="-96.33376">
        <ele>299.9</ele>
      </trkpt>
      <trkpt lat="36.69713" lon="-96.33376">
        <ele>299.5</ele>
      </trkpt>
      <trkpt lat="36.6978" lon="-96.33381">
        <ele>299.4</ele>
      </trkpt>
      <trkpt lat="36.69846" lon="-96.33385">
        <ele>297.4</ele>
      </trkpt>
      <trkpt lat="36.69846" lon="-96.33385">
        <ele>297.4</ele>
      </trkpt>
      <trkpt lat="36.69901" lon="-96.3339">
        <ele>296.9</ele>
      </trkpt>
      <trkpt lat="36.69931" lon="-96.33401">
        <ele>296.3</ele>
      </trkpt>
      <trkpt lat="36.69962" lon="-96.33416">
        <ele>295.0</ele>
      </trkpt>
      <trkpt lat="36.70012" lon="-96.33441">
        <ele>294.0</ele>
      </trkpt>
      <trkpt lat="36.70061" lon="-96.33465">
        <ele>295.5</ele>
      </trkpt>
      <trkpt lat="36.70102" lon="-96.33483">
        <ele>296.3</ele>
      </trkpt>
      <trkpt lat="36.70144" lon="-96.33496">
        <ele>296.6</ele>
      </trkpt>
      <trkpt lat="36.70205" lon="-96.33504">
        <ele>298.1</ele>
      </trkpt>
      <trkpt lat="36.70266" lon="-96.33512">
        <ele>300.9</ele>
      </trkpt>
      <trkpt lat="36.70327" lon="-96.33519">
        <ele>303.8</ele>
      </trkpt>
      <trkpt lat="36.70386" lon="-96.33528">
        <ele>304.0</ele>
      </trkpt>
      <trkpt lat="36.70445" lon="-96.33536">
        <ele>302.7</ele>
      </trkpt>
      <trkpt lat="36.70488" lon="-96.33544">
        <ele>302.4</ele>
      </trkpt>
      <trkpt lat="36.70513" lon="-96.33553">
        <ele>302.3</ele>
      </trkpt>
      <trkpt lat="36.70543" lon="-96.33573">
        <ele>301.1</ele>
      </trkpt>
      <trkpt lat="36.70595" lon="-96.33612">
        <ele>301.4</ele>
      </trkpt>
      <trkpt lat="36.7064" lon="-96.33651">
        <ele>302.6</ele>
      </trkpt>
      <trkpt lat="36.70686" lon="-96.3369">
        <ele>303.8</ele>
      </trkpt>
      <trkpt lat="36.70729" lon="-96.33724">
        <ele>305.4</ele>
      </trkpt>
      <trkpt lat="36.7075" lon="-96.33739">
        <ele>305.8</ele>
      </trkpt>
      <trkpt lat="36.70771" lon="-96.33747">
        <ele>306.2</ele>
      </trkpt>
      <trkpt lat="36.70792" lon="-96.33747">
        <ele>306.3</ele>
      </trkpt>
      <trkpt lat="36.70817" lon="-96.33738">
        <ele>306.2</ele>
      </trkpt>
      <trkpt lat="36.7084" lon="-96.33722">
        <ele>306.0</ele>
      </trkpt>
      <trkpt lat="36.70901" lon="-96.33651">
        <ele>305.5</ele>
      </trkpt>
      <trkpt lat="36.70962" lon="-96.3358">
        <ele>307.0</ele>
      </trkpt>
      <trkpt lat="36.71022" lon="-96.33509">
        <ele>307.0</ele>
      </trkpt>
      <trkpt lat="36.71083" lon="-96.33438">
        <ele>306.3</ele>
      </trkpt>
      <trkpt lat="36.71105" lon="-96.33415">
        <ele>306.0</ele>
      </trkpt>
      <trkpt lat="36.71125" lon="-96.334">
        <ele>305.7</ele>
      </trkpt>
      <trkpt lat="36.71173" lon="-96.33375">
        <ele>305.7</ele>
      </trkpt>
      <trkpt lat="36.71238" lon="-96.33341">
        <ele>307.6</ele>
      </trkpt>
      <trkpt lat="36.71303" lon="-96.33308">
        <ele>308.8</ele>
      </trkpt>
      <trkpt lat="36.71368" lon="-96.33275">
        <ele>309.4</ele>
      </trkpt>
      <trkpt lat="36.71433" lon="-96.33242">
        <ele>310.7</ele>
      </trkpt>
      <trkpt lat="36.71514" lon="-96.33201">
        <ele>311.7</ele>
      </trkpt>
      <trkpt lat="36.71595" lon="-96.33161">
        <ele>313.3</ele>
      </trkpt>
      <trkpt lat="36.71677" lon="-96.3312">
        <ele>314.6</ele>
      </trkpt>
      <trkpt lat="36.71708" lon="-96.33112">
        <ele>314.9</ele>
      </trkpt>
      <trkpt lat="36.71734" lon="-96.33111">
        <ele>315.0</ele>
      </trkpt>
      <trkpt lat="36.71763" lon="-96.33116">
        <ele>314.9</ele>
      </trkpt>
      <trkpt lat="36.71789" lon="-96.33125">
        <ele>314.7</ele>
      </trkpt>
      <trkpt lat="36.71815" lon="-96.33143">
        <ele>314.4</ele>
      </trkpt>
      <trkpt lat="36.71841" lon="-96.33166">
        <ele>314.1</ele>
      </trkpt>
      <trkpt lat="36.71904" lon="-96.33232">
        <ele>312.5</ele>
      </trkpt>
      <trkpt lat="36.71967" lon="-96.33298">
        <ele>312.3</ele>
      </trkpt>
      <trkpt lat="36.7203" lon="-96.33364">
        <ele>313.4</ele>
      </trkpt>
      <trkpt lat="36.72093" lon="-96.33429">
        <ele>313.5</ele>
      </trkpt>
      <trkpt lat="36.72093" lon="-96.33429">
        <ele>313.5</ele>
      </trkpt>
      <trkpt lat="36.72158" lon="-96.33497">
        <ele>313.3</ele>
      </trkpt>
      <trkpt lat="36.72222" lon="-96.33564">
        <ele>313.5</ele>
      </trkpt>
      <trkpt lat="36.72287" lon="-96.33632">
        <ele>314.4</ele>
      </trkpt>
      <trkpt lat="36.72352" lon="-96.337">
        <ele>315.2</ele>
      </trkpt>
      <trkpt lat="36.72416" lon="-96.33767">
        <ele>315.1</ele>
      </trkpt>
      <trkpt lat="36.72481" lon="-96.33835">
        <ele>314.5</ele>
      </trkpt>
      <trkpt lat="36.72546" lon="-96.33903">
        <ele>314.4</ele>
      </trkpt>
      <trkpt lat="36.72598" lon="-96.33956">
        <ele>314.3</ele>
      </trkpt>
      <trkpt lat="36.7265" lon="-96.3401">
        <ele>313.4</ele>
      </trkpt>
      <trkpt lat="36.72702" lon="-96.34064">
        <ele>312.2</ele>
      </trkpt>
      <trkpt lat="36.72752" lon="-96.34122">
        <ele>311.4</ele>
      </trkpt>
      <trkpt lat="36.72808" lon="-96.34193">
        <ele>310.6</ele>
      </trkpt>
      <trkpt lat="36.72857" lon="-96.34259">
        <ele>310.1</ele>
      </trkpt>
      <trkpt lat="36.72907" lon="-96.34325">
        <ele>309.5</ele>
      </trkpt>
      <trkpt lat="36.72956" lon="-96.34391">
        <ele>308.9</ele>
      </trkpt>
      <trkpt lat="36.73009" lon="-96.34461">
        <ele>308.5</ele>
      </trkpt>
      <trkpt lat="36.73063" lon="-96.34532">
        <ele>308.1</ele>
      </trkpt>
      <trkpt lat="36.73075" lon="-96.34545">
        <ele>308.0</ele>
      </trkpt>
      <trkpt lat="36.73099" lon="-96.34562">
        <ele>307.5</ele>
      </trkpt>
      <trkpt lat="36.73117" lon="-96.34569">
        <ele>307.1</ele>
      </trkpt>
      <trkpt lat="36.73131" lon="-96.3457">
        <ele>306.8</ele>
      </trkpt>
      <trkpt lat="36.73181" lon="-96.34571">
        <ele>306.0</ele>
      </trkpt>
      <trkpt lat="36.73232" lon="-96.34571">
        <ele>305.1</ele>
      </trkpt>
      <trkpt lat="36.73266" lon="-96.34575">
        <ele>304.6</ele>
      </trkpt>
      <trkpt lat="36.73287" lon="-96.3458">
        <ele>304.3</ele>
      </trkpt>
      <trkpt lat="36.73306" lon="-96.34591">
        <ele>303.9</ele>
      </trkpt>
      <trkpt lat="36.7333" lon="-96.34605">
        <ele>303.3</ele>
      </trkpt>
      <trkpt lat="36.73405" lon="-96.3466">
        <ele>302.9</ele>
      </trkpt>
      <trkpt lat="36.73425" lon="-96.34684">
        <ele>303.0</ele>
      </trkpt>
      <trkpt lat="36.73434" lon="-96.347">
        <ele>303.0</ele>
      </trkpt>
      <trkpt lat="36.73438" lon="-96.34714">
        <ele>303.1</ele>
      </trkpt>
      <trkpt lat="36.73441" lon="-96.34738">
        <ele>303.1</ele>
      </trkpt>
      <trkpt lat="36.73442" lon="-96.34773">
        <ele>303.1</ele>
      </trkpt>
      <trkpt lat="36.73437" lon="-96.34884">
        <ele>303.2</ele>
      </trkpt>
      <trkpt lat="36.73435" lon="-96.34937">
        <ele>302.7</ele>
      </trkpt>
      <trkpt lat="36.73435" lon="-96.35023">
        <ele>302.0</ele>
      </trkpt>
      <trkpt lat="36.73437" lon="-96.35133">
        <ele>301.0</ele>
      </trkpt>
      <trkpt lat="36.73439" lon="-96.35242">
        <ele>299.6</ele>
      </trkpt>
      <trkpt lat="36.73441" lon="-96.35352">
        <ele>299.4</ele>
      </trkpt>
      <trkpt lat="36.73443" lon="-96.35462">
        <ele>298.5</ele>
      </trkpt>
      <trkpt lat="36.73444" lon="-96.35572">
        <ele>299.1</ele>
      </trkpt>
      <trkpt lat="36.73446" lon="-96.35682">
        <ele>301.4</ele>
      </trkpt>
      <trkpt lat="36.73448" lon="-96.35696">
        <ele>301.7</ele>
      </trkpt>
      <trkpt lat="36.7345" lon="-96.35709">
        <ele>302.1</ele>
      </trkpt>
      <trkpt lat="36.73456" lon="-96.35724">
        <ele>302.8</ele>
      </trkpt>
      <trkpt lat="36.73462" lon="-96.35736">
        <ele>303.5</ele>
      </trkpt>
      <trkpt lat="36.73469" lon="-96.35748">
        <ele>304.1</ele>
      </trkpt>
      <trkpt lat="36.7348" lon="-96.3576">
        <ele>304.5</ele>
      </trkpt>
      <trkpt lat="36.73494" lon="-96.35769">
        <ele>305.1</ele>
      </trkpt>
      <trkpt lat="36.73517" lon="-96.35779">
        <ele>306.5</ele>
      </trkpt>
      <trkpt lat="36.73574" lon="-96.35798">
        <ele>307.1</ele>
      </trkpt>
      <trkpt lat="36.73632" lon="-96.35817">
        <ele>309.7</ele>
      </trkpt>
      <trkpt lat="36.7369" lon="-96.35836">
        <ele>310.1</ele>
      </trkpt>
      <trkpt lat="36.73713" lon="-96.35846">
        <ele>310.3</ele>
      </trkpt>
      <trkpt lat="36.73731" lon="-96.35855">
        <ele>311.4</ele>
      </trkpt>
      <trkpt lat="36.73749" lon="-96.35867">
        <ele>312.3</ele>
      </trkpt>
      <trkpt lat="36.73805" lon="-96.35911">
        <ele>312.6</ele>
      </trkpt>
      <trkpt lat="36.73805" lon="-96.35911">
        <ele>312.6</ele>
      </trkpt>
      <trkpt lat="36.73821" lon="-96.35924">
        <ele>312.4</ele>
      </trkpt>
      <trkpt lat="36.73832" lon="-96.35936">
        <ele>312.6</ele>
      </trkpt>
      <trkpt lat="36.73844" lon="-96.35952">
        <ele>312.9</ele>
      </trkpt>
      <trkpt lat="36.73851" lon="-96.35963">
        <ele>313.3</ele>
      </trkpt>
      <trkpt lat="36.73858" lon="-96.35978">
        <ele>314.0</ele>
      </trkpt>
      <trkpt lat="36.73888" lon="-96.36062">
        <ele>315.7</ele>
      </trkpt>
      <trkpt lat="36.73919" lon="-96.36146">
        <ele>316.4</ele>
      </trkpt>
      <trkpt lat="36.73949" lon="-96.3623">
        <ele>317.3</ele>
      </trkpt>
      <trkpt lat="36.73979" lon="-96.36314">
        <ele>317.3</ele>
      </trkpt>
      <trkpt lat="36.73986" lon="-96.36329">
        <ele>317.2</ele>
      </trkpt>
      <trkpt lat="36.73994" lon="-96.36343">
        <ele>316.7</ele>
      </trkpt>
      <trkpt lat="36.74002" lon="-96.36353">
        <ele>316.3</ele>
      </trkpt>
      <trkpt lat="36.74009" lon="-96.36361">
        <ele>315.9</ele>
      </trkpt>
      <trkpt lat="36.7402" lon="-96.3637">
        <ele>315.2</ele>
      </trkpt>
      <trkpt lat="36.74032" lon="-96.36375">
        <ele>314.6</ele>
      </trkpt>
      <trkpt lat="36.74044" lon="-96.36378">
        <ele>314.0</ele>
      </trkpt>
      <trkpt lat="36.74062" lon="-96.36379">
        <ele>313.5</ele>
      </trkpt>
      <trkpt lat="36.74147" lon="-96.36379">
        <ele>311.2</ele>
      </trkpt>
      <trkpt lat="36.74233" lon="-96.36379">
        <ele>310.6</ele>
      </trkpt>
      <trkpt lat="36.74318" lon="-96.36378">
        <ele>309.8</ele>
      </trkpt>
      <trkpt lat="36.74403" lon="-96.36378">
        <ele>309.3</ele>
      </trkpt>
      <trkpt lat="36.74488" lon="-96.36378">
        <ele>308.0</ele>
      </trkpt>
      <trkpt lat="36.74573" lon="-96.36377">
        <ele>306.8</ele>
      </trkpt>
      <trkpt lat="36.74658" lon="-96.36377">
        <ele>305.7</ele>
      </trkpt>
      <trkpt lat="36.74743" lon="-96.36377">
        <ele>305.7</ele>
      </trkpt>
      <trkpt lat="36.74829" lon="-96.36376">
        <ele>305.5</ele>
      </trkpt>
      <trkpt lat="36.74914" lon="-96.36376">
        <ele>305.6</ele>
      </trkpt>
      <trkpt lat="36.74999" lon="-96.36376">
        <ele>305.7</ele>
      </trkpt>
      <trkpt lat="36.75084" lon="-96.36375">
        <ele>305.5</ele>
      </trkpt>
      <trkpt lat="36.75169" lon="-96.36375">
        <ele>305.2</ele>
      </trkpt>
      <trkpt lat="36.75254" lon="-96.36375">
        <ele>304.6</ele>
      </trkpt>
      <trkpt lat="36.75254" lon="-96.36478">
        <ele>304.7</ele>
      </trkpt>
      <trkpt lat="36.75254" lon="-96.36581">
        <ele>304.6</ele>
      </trkpt>
      <trkpt lat="36.75253" lon="-96.36684">
        <ele>303.8</ele>
      </trkpt>
      <trkpt lat="36.75253" lon="-96.36787">
        <ele>301.8</ele>
      </trkpt>
      <trkpt lat="36.75253" lon="-96.3689">
        <ele>302.4</ele>
      </trkpt>
      <trkpt lat="36.75252" lon="-96.36993">
        <ele>302.3</ele>
      </trkpt>
      <trkpt lat="36.75252" lon="-96.37096">
        <ele>302.4</ele>
      </trkpt>
      <trkpt lat="36.75252" lon="-96.37199">
        <ele>302.7</ele>
      </trkpt>
      <trkpt lat="36.75251" lon="-96.37302">
        <ele>302.0</ele>
      </trkpt>
      <trkpt lat="36.75251" lon="-96.37405">
        <ele>305.3</ele>
      </trkpt>
      <trkpt lat="36.75251" lon="-96.37508">
        <ele>308.8</ele>
      </trkpt>
      <trkpt lat="36.75252" lon="-96.37584">
        <ele>309.3</ele>
      </trkpt>
      <trkpt lat="36.75252" lon="-96.37661">
        <ele>309.3</ele>
      </trkpt>
      <trkpt lat="36.75275" lon="-96.37716">
        <ele>308.7</ele>
      </trkpt>
      <trkpt lat="36.75298" lon="-96.3777">
        <ele>307.4</ele>
      </trkpt>
      <trkpt lat="36.75321" lon="-96.37825">
        <ele>306.3</ele>
      </trkpt>
      <trkpt lat="36.75345" lon="-96.37879">
        <ele>303.7</ele>
      </trkpt>
      <trkpt lat="36.75371" lon="-96.37936">
        <ele>303.4</ele>
      </trkpt>
      <trkpt lat="36.754" lon="-96.37986">
        <ele>304.6</ele>
      </trkpt>
      <trkpt lat="36.75435" lon="-96.38038">
        <ele>305.9</ele>
      </trkpt>
      <trkpt lat="36.75481" lon="-96.38096">
        <ele>306.4</ele>
      </trkpt>
      <trkpt lat="36.75509" lon="-96.38126">
        <ele>306.3</ele>
      </trkpt>
      <trkpt lat="36.75531" lon="-96.38145">
        <ele>306.3</ele>
      </trkpt>
      <trkpt lat="36.75556" lon="-96.38164">
        <ele>306.5</ele>
      </trkpt>
      <trkpt lat="36.75618" lon="-96.382">
        <ele>307.4</ele>
      </trkpt>
      <trkpt lat="36.7568" lon="-96.38235">
        <ele>307.8</ele>
      </trkpt>
      <trkpt lat="36.75741" lon="-96.38271">
        <ele>307.6</ele>
      </trkpt>
      <trkpt lat="36.75741" lon="-96.38271">
        <ele>307.6</ele>
      </trkpt>
      <trkpt lat="36.75817" lon="-96.38314">
        <ele>306.9</ele>
      </trkpt>
      <trkpt lat="36.75894" lon="-96.38358">
        <ele>306.1</ele>
      </trkpt>
      <trkpt lat="36.75976" lon="-96.384">
        <ele>304.6</ele>
      </trkpt>
      <trkpt lat="36.76054" lon="-96.38437">
        <ele>303.0</ele>
      </trkpt>
      <trkpt lat="36.76131" lon="-96.38475">
        <ele>300.4</ele>
      </trkpt>
      <trkpt lat="36.76209" lon="-96.38512">
        <ele>298.8</ele>
      </trkpt>
      <trkpt lat="36.76287" lon="-96.3855">
        <ele>299.9</ele>
      </trkpt>
      <trkpt lat="36.76326" lon="-96.38575">
        <ele>300.7</ele>
      </trkpt>
      <trkpt lat="36.76361" lon="-96.38607">
        <ele>300.6</ele>
      </trkpt>
      <trkpt lat="36.76409" lon="-96.3866">
        <ele>298.2</ele>
      </trkpt>
      <trkpt lat="36.76457" lon="-96.38714">
        <ele>298.9</ele>
      </trkpt>
      <trkpt lat="36.76521" lon="-96.38787">
        <ele>300.5</ele>
      </trkpt>
      <trkpt lat="36.7654" lon="-96.38808">
        <ele>300.6</ele>
      </trkpt>
      <trkpt lat="36.7656" lon="-96.38826">
        <ele>300.8</ele>
      </trkpt>
      <trkpt lat="36.76583" lon="-96.38844">
        <ele>300.9</ele>
      </trkpt>
      <trkpt lat="36.76636" lon="-96.38879">
        <ele>300.7</ele>
      </trkpt>
      <trkpt lat="36.76714" lon="-96.38927">
        <ele>299.1</ele>
      </trkpt>
      <trkpt lat="36.76793" lon="-96.38975">
        <ele>297.3</ele>
      </trkpt>
      <trkpt lat="36.76872" lon="-96.39022">
        <ele>297.5</ele>
      </trkpt>
      <trkpt lat="36.7695" lon="-96.3907">
        <ele>302.0</ele>
      </trkpt>
      <trkpt lat="36.7701" lon="-96.39109">
        <ele>303.8</ele>
      </trkpt>
      <trkpt lat="36.77069" lon="-96.39147">
        <ele>301.1</ele>
      </trkpt>
      <trkpt lat="36.77128" lon="-96.39185">
        <ele>298.7</ele>
      </trkpt>
      <trkpt lat="36.77169" lon="-96.3921">
        <ele>298.3</ele>
      </trkpt>
      <trkpt lat="36.77209" lon="-96.39232">
        <ele>297.5</ele>
      </trkpt>
      <trkpt lat="36.77253" lon="-96.39254">
        <ele>296.8</ele>
      </trkpt>
      <trkpt lat="36.77287" lon="-96.39267">
        <ele>295.4</ele>
      </trkpt>
      <trkpt lat="36.77318" lon="-96.39276">
        <ele>293.9</ele>
      </trkpt>
      <trkpt lat="36.77397" lon="-96.39287">
        <ele>296.5</ele>
      </trkpt>
      <trkpt lat="36.77476" lon="-96.39298">
        <ele>298.1</ele>
      </trkpt>
      <trkpt lat="36.77555" lon="-96.39309">
        <ele>302.6</ele>
      </trkpt>
      <trkpt lat="36.77638" lon="-96.39327">
        <ele>307.2</ele>
      </trkpt>
      <trkpt lat="36.77678" lon="-96.39339">
        <ele>309.7</ele>
      </trkpt>
      <trkpt lat="36.77727" lon="-96.39361">
        <ele>312.6</ele>
      </trkpt>
      <trkpt lat="36.77775" lon="-96.39383">
        <ele>314.4</ele>
      </trkpt>
      <trkpt lat="36.7786" lon="-96.39414">
        <ele>316.1</ele>
      </trkpt>
      <trkpt lat="36.77914" lon="-96.39427">
        <ele>318.2</ele>
      </trkpt>
      <trkpt lat="36.7795" lon="-96.39434">
        <ele>318.8</ele>
      </trkpt>
      <trkpt lat="36.77998" lon="-96.3944">
        <ele>320.9</ele>
      </trkpt>
      <trkpt lat="36.78053" lon="-96.39446">
        <ele>324.7</ele>
      </trkpt>
      <trkpt lat="36.78107" lon="-96.39451">
        <ele>328.2</ele>
      </trkpt>
      <trkpt lat="36.78192" lon="-96.39458">
        <ele>329.0</ele>
      </trkpt>
      <trkpt lat="36.78251" lon="-96.39464">
        <ele>327.6</ele>
      </trkpt>
      <trkpt lat="36.78296" lon="-96.39472">
        <ele>324.9</ele>
      </trkpt>
      <trkpt lat="36.78335" lon="-96.39481">
        <ele>322.0</ele>
      </trkpt>
      <trkpt lat="36.78377" lon="-96.39493">
        <ele>319.2</ele>
      </trkpt>
      <trkpt lat="36.78421" lon="-96.39509">
        <ele>316.7</ele>
      </trkpt>
      <trkpt lat="36.78462" lon="-96.39528">
        <ele>315.2</ele>
      </trkpt>
      <trkpt lat="36.78504" lon="-96.39551">
        <ele>313.4</ele>
      </trkpt>
      <trkpt lat="36.78548" lon="-96.39581">
        <ele>312.0</ele>
      </trkpt>
      <trkpt lat="36.78578" lon="-96.39603">
        <ele>312.9</ele>
      </trkpt>
      <trkpt lat="36.78595" lon="-96.39618">
        <ele>313.3</ele>
      </trkpt>
      <trkpt lat="36.78613" lon="-96.39636">
        <ele>313.5</ele>
      </trkpt>
      <trkpt lat="36.78635" lon="-96.3967">
        <ele>313.6</ele>
      </trkpt>
      <trkpt lat="36.78679" lon="-96.39756">
        <ele>313.1</ele>
      </trkpt>
      <trkpt lat="36.78722" lon="-96.39842">
        <ele>311.6</ele>
      </trkpt>
      <trkpt lat="36.78766" lon="-96.39928">
        <ele>312.3</ele>
      </trkpt>
      <trkpt lat="36.78766" lon="-96.39928">
        <ele>312.3</ele>
      </trkpt>
      <trkpt lat="36.78809" lon="-96.40013">
        <ele>313.5</ele>
      </trkpt>
      <trkpt lat="36.78852" lon="-96.40097">
        <ele>312.4</ele>
      </trkpt>
      <trkpt lat="36.78894" lon="-96.40182">
        <ele>307.7</ele>
      </trkpt>
      <trkpt lat="36.78937" lon="-96.40266">
        <ele>309.5</ele>
      </trkpt>
      <trkpt lat="36.7898" lon="-96.40351">
        <ele>312.0</ele>
      </trkpt>
      <trkpt lat="36.79023" lon="-96.40435">
        <ele>315.0</ele>
      </trkpt>
      <trkpt lat="36.79066" lon="-96.4052">
        <ele>318.0</ele>
      </trkpt>
      <trkpt lat="36.79108" lon="-96.40605">
        <ele>323.8</ele>
      </trkpt>
      <trkpt lat="36.79151" lon="-96.40689">
        <ele>327.7</ele>
      </trkpt>
      <trkpt lat="36.79186" lon="-96.40751">
        <ele>329.5</ele>
      </trkpt>
      <trkpt lat="36.79222" lon="-96.40802">
        <ele>330.2</ele>
      </trkpt>
      <trkpt lat="36.7927" lon="-96.40861">
        <ele>331.6</ele>
      </trkpt>
      <trkpt lat="36.79318" lon="-96.4092">
        <ele>332.9</ele>
      </trkpt>
      <trkpt lat="36.79374" lon="-96.40988">
        <ele>331.3</ele>
      </trkpt>
      <trkpt lat="36.7943" lon="-96.41056">
        <ele>329.0</ele>
      </trkpt>
      <trkpt lat="36.79487" lon="-96.41124">
        <ele>328.6</ele>
      </trkpt>
      <trkpt lat="36.79554" lon="-96.41196">
        <ele>330.7</ele>
      </trkpt>
      <trkpt lat="36.79594" lon="-96.41224">
        <ele>333.1</ele>
      </trkpt>
      <trkpt lat="36.79626" lon="-96.4124">
        <ele>334.1</ele>
      </trkpt>
      <trkpt lat="36.79684" lon="-96.41252">
        <ele>333.5</ele>
      </trkpt>
      <trkpt lat="36.79741" lon="-96.41263">
        <ele>333.7</ele>
      </trkpt>
      <trkpt lat="36.79827" lon="-96.41289">
        <ele>333.6</ele>
      </trkpt>
      <trkpt lat="36.79909" lon="-96.41321">
        <ele>332.9</ele>
      </trkpt>
      <trkpt lat="36.79992" lon="-96.41352">
        <ele>332.4</ele>
      </trkpt>
      <trkpt lat="36.80074" lon="-96.41384">
        <ele>333.3</ele>
      </trkpt>
      <trkpt lat="36.80157" lon="-96.41415">
        <ele>334.0</ele>
      </trkpt>
      <trkpt lat="36.80216" lon="-96.41436">
        <ele>334.6</ele>
      </trkpt>
      <trkpt lat="36.80242" lon="-96.41451">
        <ele>334.7</ele>
      </trkpt>
      <trkpt lat="36.80255" lon="-96.4147">
        <ele>334.6</ele>
      </trkpt>
      <trkpt lat="36.80264" lon="-96.41492">
        <ele>334.5</ele>
      </trkpt>
      <trkpt lat="36.8027" lon="-96.41527">
        <ele>334.2</ele>
      </trkpt>
      <trkpt lat="36.80272" lon="-96.41636">
        <ele>334.1</ele>
      </trkpt>
      <trkpt lat="36.80274" lon="-96.41745">
        <ele>333.7</ele>
      </trkpt>
      <trkpt lat="36.80276" lon="-96.41854">
        <ele>332.9</ele>
      </trkpt>
      <trkpt lat="36.80278" lon="-96.41963">
        <ele>332.6</ele>
      </trkpt>
      <trkpt lat="36.8028" lon="-96.42073">
        <ele>332.7</ele>
      </trkpt>
      <trkpt lat="36.80282" lon="-96.42182">
        <ele>332.4</ele>
      </trkpt>
      <trkpt lat="36.80283" lon="-96.42279">
        <ele>331.9</ele>
      </trkpt>
      <trkpt lat="36.80285" lon="-96.42376">
        <ele>330.5</ele>
      </trkpt>
      <trkpt lat="36.80286" lon="-96.42474">
        <ele>328.6</ele>
      </trkpt>
      <trkpt lat="36.80291" lon="-96.42542">
        <ele>327.9</ele>
      </trkpt>
      <trkpt lat="36.80296" lon="-96.42567">
        <ele>327.9</ele>
      </trkpt>
      <trkpt lat="36.80305" lon="-96.42595">
        <ele>327.8</ele>
      </trkpt>
      <trkpt lat="36.80334" lon="-96.42646">
        <ele>328.6</ele>
      </trkpt>
      <trkpt lat="36.80376" lon="-96.42701">
        <ele>328.9</ele>
      </trkpt>
      <trkpt lat="36.80423" lon="-96.42765">
        <ele>328.7</ele>
      </trkpt>
      <trkpt lat="36.8047" lon="-96.4283">
        <ele>328.1</ele>
      </trkpt>
      <trkpt lat="36.80517" lon="-96.42894">
        <ele>327.0</ele>
      </trkpt>
      <trkpt lat="36.80556" lon="-96.42944">
        <ele>326.2</ele>
      </trkpt>
      <trkpt lat="36.80595" lon="-96.42994">
        <ele>324.8</ele>
      </trkpt>
      <trkpt lat="36.80664" lon="-96.43063">
        <ele>324.1</ele>
      </trkpt>
      <trkpt lat="36.80733" lon="-96.43132">
        <ele>324.2</ele>
      </trkpt>
      <trkpt lat="36.80787" lon="-96.43184">
        <ele>323.1</ele>
      </trkpt>
      <trkpt lat="36.8084" lon="-96.43235">
        <ele>322.3</ele>
      </trkpt>
      <trkpt lat="36.80903" lon="-96.43293">
        <ele>321.5</ele>
      </trkpt>
      <trkpt lat="36.80959" lon="-96.43333">
        <ele>321.0</ele>
      </trkpt>
      <trkpt lat="36.81014" lon="-96.43374">
        <ele>320.1</ele>
      </trkpt>
      <trkpt lat="36.8107" lon="-96.43415">
        <ele>320.1</ele>
      </trkpt>
      <trkpt lat="36.81115" lon="-96.43456">
        <ele>319.4</ele>
      </trkpt>
      <trkpt lat="36.81161" lon="-96.43497">
        <ele>317.9</ele>
      </trkpt>
      <trkpt lat="36.81204" lon="-96.43557">
        <ele>316.6</ele>
      </trkpt>
      <trkpt lat="36.81246" lon="-96.43651">
        <ele>315.7</ele>
      </trkpt>
      <trkpt lat="36.81275" lon="-96.4375">
        <ele>316.2</ele>
      </trkpt>
      <trkpt lat="36.81285" lon="-96.43807">
        <ele>317.1</ele>
      </trkpt>
      <trkpt lat="36.81296" lon="-96.43864">
        <ele>318.1</ele>
      </trkpt>
      <trkpt lat="36.81309" lon="-96.43913">
        <ele>319.1</ele>
      </trkpt>
      <trkpt lat="36.81309" lon="-96.4401">
        <ele>319.4</ele>
      </trkpt>
      <trkpt lat="36.81309" lon="-96.44107">
        <ele>317.2</ele>
      </trkpt>
      <trkpt lat="36.81309" lon="-96.44203">
        <ele>314.0</ele>
      </trkpt>
      <trkpt lat="36.81309" lon="-96.443">
        <ele>312.8</ele>
      </trkpt>
      <trkpt lat="36.81309" lon="-96.443">
        <ele>312.8</ele>
      </trkpt>
      <trkpt lat="36.81309" lon="-96.44374">
        <ele>311.7</ele>
      </trkpt>
      <trkpt lat="36.81312" lon="-96.44442">
        <ele>309.6</ele>
      </trkpt>
      <trkpt lat="36.81316" lon="-96.44479">
        <ele>309.8</ele>
      </trkpt>
      <trkpt lat="36.81312" lon="-96.44503">
        <ele>310.7</ele>
      </trkpt>
      <trkpt lat="36.81298" lon="-96.44528">
        <ele>311.8</ele>
      </trkpt>
      <trkpt lat="36.81272" lon="-96.44566">
        <ele>312.7</ele>
      </trkpt>
      <trkpt lat="36.81241" lon="-96.44604">
        <ele>312.6</ele>
      </trkpt>
      <trkpt lat="36.81184" lon="-96.44659">
        <ele>311.7</ele>
      </trkpt>
      <trkpt lat="36.81138" lon="-96.44706">
        <ele>309.9</ele>
      </trkpt>
      <trkpt lat="36.81095" lon="-96.44743">
        <ele>305.2</ele>
      </trkpt>
      <trkpt lat="36.81043" lon="-96.44776">
        <ele>300.1</ele>
      </trkpt>
      <trkpt lat="36.80991" lon="-96.44808">
        <ele>297.1</ele>
      </trkpt>
      <trkpt lat="36.80972" lon="-96.44812">
        <ele>296.5</ele>
      </trkpt>
      <trkpt lat="36.80958" lon="-96.44812">
        <ele>295.9</ele>
      </trkpt>
      <trkpt lat="36.80945" lon="-96.44808">
        <ele>295.1</ele>
      </trkpt>
      <trkpt lat="36.80945" lon="-96.44808">
        <ele>295.1</ele>
      </trkpt>
      <trkpt lat="36.8093" lon="-96.44808">
        <ele>295.4</ele>
      </trkpt>
      <trkpt lat="36.80919" lon="-96.44816">
        <ele>296.3</ele>
      </trkpt>
      <trkpt lat="36.80903" lon="-96.44837">
        <ele>297.6</ele>
      </trkpt>
      <trkpt lat="36.80889" lon="-96.4486">
        <ele>298.1</ele>
      </trkpt>
      <trkpt lat="36.8088" lon="-96.44888">
        <ele>298.3</ele>
      </trkpt>
      <trkpt lat="36.80874" lon="-96.44923">
        <ele>300.0</ele>
      </trkpt>
      <trkpt lat="36.80871" lon="-96.44976">
        <ele>301.8</ele>
      </trkpt>
      <trkpt lat="36.80872" lon="-96.45084">
        <ele>306.8</ele>
      </trkpt>
      <trkpt lat="36.8087" lon="-96.45127">
        <ele>307.3</ele>
      </trkpt>
      <trkpt lat="36.8086" lon="-96.45163">
        <ele>307.9</ele>
      </trkpt>
      <trkpt lat="36.80845" lon="-96.45204">
        <ele>308.8</ele>
      </trkpt>
      <trkpt lat="36.80838" lon="-96.45216">
        <ele>309.0</ele>
      </trkpt>
      <trkpt lat="36.8083" lon="-96.45226">
        <ele>309.3</ele>
      </trkpt>
      <trkpt lat="36.80805" lon="-96.45238">
        <ele>310.0</ele>
      </trkpt>
      <trkpt lat="36.80779" lon="-96.45241">
        <ele>310.4</ele>
      </trkpt>
      <trkpt lat="36.80732" lon="-96.45237">
        <ele>310.7</ele>
      </trkpt>
      <trkpt lat="36.80686" lon="-96.45235">
        <ele>312.4</ele>
      </trkpt>
      <trkpt lat="36.80639" lon="-96.45238">
        <ele>312.6</ele>
      </trkpt>
      <trkpt lat="36.80596" lon="-96.45246">
        <ele>312.3</ele>
      </trkpt>
      <trkpt lat="36.80614" lon="-96.45312">
        <ele>314.4</ele>
      </trkpt>
      <trkpt lat="36.80632" lon="-96.45378">
        <ele>316.4</ele>
      </trkpt>
      <trkpt lat="36.80632" lon="-96.4547">
        <ele>316.6</ele>
      </trkpt>
      <trkpt lat="36.80633" lon="-96.45562">
        <ele>316.3</ele>
      </trkpt>
      <trkpt lat="36.80634" lon="-96.45653">
        <ele>316.3</ele>
      </trkpt>
      <trkpt lat="36.80641" lon="-96.45692">
        <ele>316.2</ele>
      </trkpt>
      <trkpt lat="36.80665" lon="-96.45727">
        <ele>316.2</ele>
      </trkpt>
      <trkpt lat="36.80711" lon="-96.4578">
        <ele>315.5</ele>
      </trkpt>
      <trkpt lat="36.80758" lon="-96.45834">
        <ele>316.3</ele>
      </trkpt>
      <trkpt lat="36.80807" lon="-96.45893">
        <ele>316.7</ele>
      </trkpt>
      <trkpt lat="36.80856" lon="-96.45953">
        <ele>315.9</ele>
      </trkpt>
      <trkpt lat="36.80905" lon="-96.46013">
        <ele>315.1</ele>
      </trkpt>
      <trkpt lat="36.80954" lon="-96.46073">
        <ele>314.9</ele>
      </trkpt>
      <trkpt lat="36.80995" lon="-96.46137">
        <ele>314.6</ele>
      </trkpt>
      <trkpt lat="36.81035" lon="-96.46202">
        <ele>316.7</ele>
      </trkpt>
      <trkpt lat="36.81076" lon="-96.46266">
        <ele>320.1</ele>
      </trkpt>
      <trkpt lat="36.811" lon="-96.46348">
        <ele>325.6</ele>
      </trkpt>
      <trkpt lat="36.81124" lon="-96.4643">
        <ele>328.6</ele>
      </trkpt>
      <trkpt lat="36.81149" lon="-96.46511">
        <ele>326.9</ele>
      </trkpt>
      <trkpt lat="36.81188" lon="-96.46609">
        <ele>322.9</ele>
      </trkpt>
      <trkpt lat="36.81226" lon="-96.46708">
        <ele>319.9</ele>
      </trkpt>
      <trkpt lat="36.81265" lon="-96.46784">
        <ele>319.8</ele>
      </trkpt>
      <trkpt lat="36.81304" lon="-96.46861">
        <ele>322.0</ele>
      </trkpt>
      <trkpt lat="36.81314" lon="-96.46915">
        <ele>324.1</ele>
      </trkpt>
      <trkpt lat="36.81317" lon="-96.46999">
        <ele>326.9</ele>
      </trkpt>
      <trkpt lat="36.8132" lon="-96.47083">
        <ele>328.7</ele>
      </trkpt>
      <trkpt lat="36.8132" lon="-96.4719">
        <ele>333.6</ele>
      </trkpt>
      <trkpt lat="36.8132" lon="-96.47297">
        <ele>334.4</ele>
      </trkpt>
      <trkpt lat="36.81312" lon="-96.4738">
        <ele>331.5</ele>
      </trkpt>
      <trkpt lat="36.81303" lon="-96.47464">
        <ele>328.7</ele>
      </trkpt>
      <trkpt lat="36.81295" lon="-96.47547">
        <ele>326.4</ele>
      </trkpt>
      <trkpt lat="36.81313" lon="-96.47576">
        <ele>325.0</ele>
      </trkpt>
      <trkpt lat="36.81361" lon="-96.47591">
        <ele>325.5</ele>
      </trkpt>
      <trkpt lat="36.81409" lon="-96.47607">
        <ele>326.7</ele>
      </trkpt>
      <trkpt lat="36.81464" lon="-96.47658">
        <ele>325.1</ele>
      </trkpt>
      <trkpt lat="36.81507" lon="-96.47719">
        <ele>324.2</ele>
      </trkpt>
      <trkpt lat="36.8155" lon="-96.4778">
        <ele>322.3</ele>
      </trkpt>
      <trkpt lat="36.81592" lon="-96.47841">
        <ele>322.6</ele>
      </trkpt>
      <trkpt lat="36.81631" lon="-96.47863">
        <ele>325.0</ele>
      </trkpt>
      <trkpt lat="36.81707" lon="-96.4788">
        <ele>329.3</ele>
      </trkpt>
      <trkpt lat="36.81791" lon="-96.47886">
        <ele>337.9</ele>
      </trkpt>
      <trkpt lat="36.81839" lon="-96.47909">
        <ele>341.5</ele>
      </trkpt>
      <trkpt lat="36.81904" lon="-96.47969">
        <ele>344.2</ele>
      </trkpt>
      <trkpt lat="36.81968" lon="-96.48032">
        <ele>344.1</ele>
      </trkpt>
      <trkpt lat="36.82032" lon="-96.48095">
        <ele>343.5</ele>
      </trkpt>
      <trkpt lat="36.82096" lon="-96.48159">
        <ele>343.2</ele>
      </trkpt>
      <trkpt lat="36.8216" lon="-96.48222">
        <ele>343.0</ele>
      </trkpt>
      <trkpt lat="36.82215" lon="-96.48285">
        <ele>343.4</ele>
      </trkpt>
      <trkpt lat="36.82269" lon="-96.48347">
        <ele>343.2</ele>
      </trkpt>
      <trkpt lat="36.82324" lon="-96.4841">
        <ele>343.6</ele>
      </trkpt>
      <trkpt lat="36.8237" lon="-96.48465">
        <ele>344.8</ele>
      </trkpt>
      <trkpt lat="36.82416" lon="-96.4852">
        <ele>346.8</ele>
      </trkpt>
      <trkpt lat="36.82416" lon="-96.4852">
        <ele>346.8</ele>
      </trkpt>
      <trkpt lat="36.82473" lon="-96.48587">
        <ele>350.5</ele>
      </trkpt>
      <trkpt lat="36.8253" lon="-96.48655">
        <ele>352.8</ele>
      </trkpt>
      <trkpt lat="36.82594" lon="-96.48726">
        <ele>351.4</ele>
      </trkpt>
      <trkpt lat="36.82629" lon="-96.48766">
        <ele>351.9</ele>
      </trkpt>
      <trkpt lat="36.82674" lon="-96.4883">
        <ele>351.2</ele>
      </trkpt>
      <trkpt lat="36.8272" lon="-96.48893">
        <ele>348.2</ele>
      </trkpt>
      <trkpt lat="36.82766" lon="-96.48957">
        <ele>344.7</ele>
      </trkpt>
      <trkpt lat="36.82804" lon="-96.49021">
        <ele>342.7</ele>
      </trkpt>
      <trkpt lat="36.82841" lon="-96.49086">
        <ele>340.5</ele>
      </trkpt>
      <trkpt lat="36.82882" lon="-96.49154">
        <ele>338.6</ele>
      </trkpt>
      <trkpt lat="36.82923" lon="-96.49222">
        <ele>336.7</ele>
      </trkpt>
      <trkpt lat="36.82947" lon="-96.49228">
        <ele>336.3</ele>
      </trkpt>
      <trkpt lat="36.82977" lon="-96.49227">
        <ele>335.8</ele>
      </trkpt>
      <trkpt lat="36.82999" lon="-96.4922">
        <ele>335.6</ele>
      </trkpt>
      <trkpt lat="36.83028" lon="-96.49202">
        <ele>335.8</ele>
      </trkpt>
      <trkpt lat="36.8308" lon="-96.49145">
        <ele>337.7</ele>
      </trkpt>
      <trkpt lat="36.83132" lon="-96.49088">
        <ele>338.7</ele>
      </trkpt>
      <trkpt lat="36.83189" lon="-96.49032">
        <ele>336.7</ele>
      </trkpt>
      <trkpt lat="36.83246" lon="-96.48975">
        <ele>335.2</ele>
      </trkpt>
      <trkpt lat="36.83304" lon="-96.48919">
        <ele>335.4</ele>
      </trkpt>
      <trkpt lat="36.83361" lon="-96.48863">
        <ele>336.8</ele>
      </trkpt>
      <trkpt lat="36.83418" lon="-96.48806">
        <ele>338.3</ele>
      </trkpt>
      <trkpt lat="36.83471" lon="-96.4876">
        <ele>340.7</ele>
      </trkpt>
      <trkpt lat="36.83525" lon="-96.48713">
        <ele>343.0</ele>
      </trkpt>
      <trkpt lat="36.83578" lon="-96.48667">
        <ele>341.2</ele>
      </trkpt>
      <trkpt lat="36.83629" lon="-96.48596">
        <ele>338.6</ele>
      </trkpt>
      <trkpt lat="36.83664" lon="-96.48518">
        <ele>341.1</ele>
      </trkpt>
      <trkpt lat="36.837" lon="-96.48439">
        <ele>341.9</ele>
      </trkpt>
      <trkpt lat="36.83732" lon="-96.48357">
        <ele>341.4</ele>
      </trkpt>
      <trkpt lat="36.83765" lon="-96.48274">
        <ele>341.5</ele>
      </trkpt>
      <trkpt lat="36.83797" lon="-96.48192">
        <ele>342.1</ele>
      </trkpt>
      <trkpt lat="36.8383" lon="-96.48109">
        <ele>341.9</ele>
      </trkpt>
      <trkpt lat="36.83871" lon="-96.48032">
        <ele>344.1</ele>
      </trkpt>
      <trkpt lat="36.83932" lon="-96.47962">
        <ele>344.6</ele>
      </trkpt>
      <trkpt lat="36.83993" lon="-96.47893">
        <ele>345.5</ele>
      </trkpt>
      <trkpt lat="36.8404" lon="-96.47861">
        <ele>346.5</ele>
      </trkpt>
      <trkpt lat="36.84087" lon="-96.4783">
        <ele>346.7</ele>
      </trkpt>
      <trkpt lat="36.84141" lon="-96.47822">
        <ele>345.7</ele>
      </trkpt>
      <trkpt lat="36.84196" lon="-96.47813">
        <ele>345.3</ele>
      </trkpt>
      <trkpt lat="36.8426" lon="-96.47816">
        <ele>346.1</ele>
      </trkpt>
      <trkpt lat="36.84311" lon="-96.47833">
        <ele>344.9</ele>
      </trkpt>
      <trkpt lat="36.84367" lon="-96.47885">
        <ele>343.9</ele>
      </trkpt>
      <trkpt lat="36.84422" lon="-96.47936">
        <ele>344.1</ele>
      </trkpt>
      <trkpt lat="36.84478" lon="-96.47987">
        <ele>347.2</ele>
      </trkpt>
      <trkpt lat="36.84534" lon="-96.48039">
        <ele>349.2</ele>
      </trkpt>
      <trkpt lat="36.84534" lon="-96.48039">
        <ele>349.2</ele>
      </trkpt>
      <trkpt lat="36.84589" lon="-96.4809">
        <ele>348.7</ele>
      </trkpt>
      <trkpt lat="36.84645" lon="-96.48141">
        <ele>346.8</ele>
      </trkpt>
      <trkpt lat="36.84701" lon="-96.482">
        <ele>345.0</ele>
      </trkpt>
      <trkpt lat="36.84758" lon="-96.48258">
        <ele>348.3</ele>
      </trkpt>
      <trkpt lat="36.84814" lon="-96.48317">
        <ele>349.2</ele>
      </trkpt>
      <trkpt lat="36.84851" lon="-96.48334">
        <ele>349.8</ele>
      </trkpt>
      <trkpt lat="36.84899" lon="-96.48366">
        <ele>349.7</ele>
      </trkpt>
      <trkpt lat="36.84981" lon="-96.48367">
        <ele>350.4</ele>
      </trkpt>
      <trkpt lat="36.85063" lon="-96.48369">
        <ele>352.2</ele>
      </trkpt>
      <trkpt lat="36.85119" lon="-96.48353">
        <ele>353.1</ele>
      </trkpt>
      <trkpt lat="36.85175" lon="-96.48338">
        <ele>352.9</ele>
      </trkpt>
      <trkpt lat="36.85235" lon="-96.48343">
        <ele>349.5</ele>
      </trkpt>
      <trkpt lat="36.85301" lon="-96.48372">
        <ele>348.1</ele>
      </trkpt>
      <trkpt lat="36.8534" lon="-96.48414">
        <ele>350.2</ele>
      </trkpt>
      <trkpt lat="36.85386" lon="-96.48491">
        <ele>353.7</ele>
      </trkpt>
      <trkpt lat="36.85413" lon="-96.48539">
        <ele>353.3</ele>
      </trkpt>
      <trkpt lat="36.85441" lon="-96.48586">
        <ele>352.9</ele>
      </trkpt>
      <trkpt lat="36.85472" lon="-96.4869">
        <ele>353.8</ele>
      </trkpt>
      <trkpt lat="36.85503" lon="-96.48793">
        <ele>355.5</ele>
      </trkpt>
      <trkpt lat="36.85544" lon="-96.48877">
        <ele>354.5</ele>
      </trkpt>
      <trkpt lat="36.85585" lon="-96.48961">
        <ele>354.4</ele>
      </trkpt>
      <trkpt lat="36.85647" lon="-96.4903">
        <ele>355.5</ele>
      </trkpt>
      <trkpt lat="36.85717" lon="-96.49089">
        <ele>357.1</ele>
      </trkpt>
      <trkpt lat="36.85787" lon="-96.49149">
        <ele>358.5</ele>
      </trkpt>
      <trkpt lat="36.85858" lon="-96.49209">
        <ele>358.7</ele>
      </trkpt>
      <trkpt lat="36.85928" lon="-96.49269">
        <ele>357.9</ele>
      </trkpt>
      <trkpt lat="36.86017" lon="-96.49268">
        <ele>360.0</ele>
      </trkpt>
      <trkpt lat="36.86107" lon="-96.49268">
        <ele>360.1</ele>
      </trkpt>
      <trkpt lat="36.86196" lon="-96.49267">
        <ele>362.8</ele>
      </trkpt>
      <trkpt lat="36.86285" lon="-96.49266">
        <ele>363.8</ele>
      </trkpt>
      <trkpt lat="36.86374" lon="-96.49265">
        <ele>362.4</ele>
      </trkpt>
      <trkpt lat="36.86464" lon="-96.49265">
        <ele>360.3</ele>
      </trkpt>
      <trkpt lat="36.86553" lon="-96.49264">
        <ele>357.6</ele>
      </trkpt>
      <trkpt lat="36.86642" lon="-96.49263">
        <ele>353.3</ele>
      </trkpt>
      <trkpt lat="36.86732" lon="-96.49262">
        <ele>347.6</ele>
      </trkpt>
      <trkpt lat="36.86821" lon="-96.49261">
        <ele>344.7</ele>
      </trkpt>
      <trkpt lat="36.8691" lon="-96.49261">
        <ele>344.3</ele>
      </trkpt>
      <trkpt lat="36.86936" lon="-96.49254">
        <ele>344.6</ele>
      </trkpt>
      <trkpt lat="36.86962" lon="-96.49251">
        <ele>345.0</ele>
      </trkpt>
      <trkpt lat="36.86963" lon="-96.49321">
        <ele>345.4</ele>
      </trkpt>
      <trkpt lat="36.86964" lon="-96.49391">
        <ele>346.1</ele>
      </trkpt>
      <trkpt lat="36.86963" lon="-96.49499">
        <ele>350.7</ele>
      </trkpt>
      <trkpt lat="36.86961" lon="-96.49607">
        <ele>353.4</ele>
      </trkpt>
      <trkpt lat="36.8696" lon="-96.49715">
        <ele>350.1</ele>
      </trkpt>
      <trkpt lat="36.8696" lon="-96.49715">
        <ele>350.1</ele>
      </trkpt>
      <trkpt lat="36.86959" lon="-96.49816">
        <ele>350.3</ele>
      </trkpt>
      <trkpt lat="36.86958" lon="-96.49917">
        <ele>351.4</ele>
      </trkpt>
      <trkpt lat="36.86957" lon="-96.50018">
        <ele>351.5</ele>
      </trkpt>
      <trkpt lat="36.86955" lon="-96.50113">
        <ele>352.1</ele>
      </trkpt>
      <trkpt lat="36.86954" lon="-96.50208">
        <ele>351.4</ele>
      </trkpt>
      <trkpt lat="36.86953" lon="-96.50304">
        <ele>350.9</ele>
      </trkpt>
      <trkpt lat="36.86952" lon="-96.50399">
        <ele>352.8</ele>
      </trkpt>
      <trkpt lat="36.8695" lon="-96.50494">
        <ele>355.0</ele>
      </trkpt>
      <trkpt lat="36.86949" lon="-96.5059">
        <ele>357.0</ele>
      </trkpt>
      <trkpt lat="36.86957" lon="-96.50681">
        <ele>359.4</ele>
      </trkpt>
      <trkpt lat="36.86965" lon="-96.50773">
        <ele>362.7</ele>
      </trkpt>
      <trkpt lat="36.86973" lon="-96.50865">
        <ele>363.3</ele>
      </trkpt>
      <trkpt lat="36.86977" lon="-96.50934">
        <ele>363.4</ele>
      </trkpt>
      <trkpt lat="36.86982" lon="-96.51003">
        <ele>367.0</ele>
      </trkpt>
      <trkpt lat="36.86982" lon="-96.51044">
        <ele>368.6</ele>
      </trkpt>
      <trkpt lat="36.8698" lon="-96.51071">
        <ele>369.6</ele>
      </trkpt>
      <trkpt lat="36.86977" lon="-96.51105">
        <ele>371.0</ele>
      </trkpt>
      <trkpt lat="36.8697" lon="-96.51135">
        <ele>371.6</ele>
      </trkpt>
      <trkpt lat="36.86947" lon="-96.5122">
        <ele>370.9</ele>
      </trkpt>
      <trkpt lat="36.86943" lon="-96.51239">
        <ele>370.5</ele>
      </trkpt>
      <trkpt lat="36.86941" lon="-96.51261">
        <ele>369.9</ele>
      </trkpt>
      <trkpt lat="36.8694" lon="-96.51373">
        <ele>367.1</ele>
      </trkpt>
      <trkpt lat="36.86939" lon="-96.51484">
        <ele>365.0</ele>
      </trkpt>
      <trkpt lat="36.86938" lon="-96.51595">
        <ele>364.2</ele>
      </trkpt>
      <trkpt lat="36.86937" lon="-96.51707">
        <ele>363.1</ele>
      </trkpt>
      <trkpt lat="36.86936" lon="-96.51818">
        <ele>365.5</ele>
      </trkpt>
      <trkpt lat="36.86935" lon="-96.51929">
        <ele>368.3</ele>
      </trkpt>
      <trkpt lat="36.86934" lon="-96.52041">
        <ele>370.0</ele>
      </trkpt>
      <trkpt lat="36.86933" lon="-96.52152">
        <ele>374.5</ele>
      </trkpt>
      <trkpt lat="36.86932" lon="-96.52263">
        <ele>377.3</ele>
      </trkpt>
      <trkpt lat="36.86932" lon="-96.52366">
        <ele>378.5</ele>
      </trkpt>
      <trkpt lat="36.86931" lon="-96.52469">
        <ele>377.6</ele>
      </trkpt>
      <trkpt lat="36.86931" lon="-96.52572">
        <ele>379.1</ele>
      </trkpt>
      <trkpt lat="36.86931" lon="-96.52675">
        <ele>380.0</ele>
      </trkpt>
      <trkpt lat="36.86931" lon="-96.52778">
        <ele>379.3</ele>
      </trkpt>
      <trkpt lat="36.86931" lon="-96.52889">
        <ele>379.2</ele>
      </trkpt>
      <trkpt lat="36.86932" lon="-96.53">
        <ele>381.6</ele>
      </trkpt>
      <trkpt lat="36.86932" lon="-96.5311">
        <ele>383.2</ele>
      </trkpt>
      <trkpt lat="36.86932" lon="-96.53221">
        <ele>384.9</ele>
      </trkpt>
      <trkpt lat="36.86933" lon="-96.53332">
        <ele>386.4</ele>
      </trkpt>
      <trkpt lat="36.86933" lon="-96.53442">
        <ele>386.1</ele>
      </trkpt>
      <trkpt lat="36.86933" lon="-96.53553">
        <ele>385.3</ele>
      </trkpt>
      <trkpt lat="36.86934" lon="-96.53664">
        <ele>385.6</ele>
      </trkpt>
      <trkpt lat="36.86934" lon="-96.53775">
        <ele>383.8</ele>
      </trkpt>
      <trkpt lat="36.86935" lon="-96.53885">
        <ele>383.6</ele>
      </trkpt>
      <trkpt lat="36.86935" lon="-96.53996">
        <ele>384.7</ele>
      </trkpt>
      <trkpt lat="36.86935" lon="-96.54107">
        <ele>387.9</ele>
      </trkpt>
      <trkpt lat="36.86936" lon="-96.54217">
        <ele>390.3</ele>
      </trkpt>
      <trkpt lat="36.86936" lon="-96.54328">
        <ele>393.2</ele>
      </trkpt>
      <trkpt lat="36.86936" lon="-96.54439">
        <ele>394.7</ele>
      </trkpt>
      <trkpt lat="36.86937" lon="-96.54549">
        <ele>395.4</ele>
      </trkpt>
      <trkpt lat="36.86937" lon="-96.5466">
        <ele>394.7</ele>
      </trkpt>
      <trkpt lat="36.86936" lon="-96.54764">
        <ele>392.7</ele>
      </trkpt>
      <trkpt lat="36.86935" lon="-96.54868">
        <ele>387.8</ele>
      </trkpt>
      <trkpt lat="36.86933" lon="-96.54971">
        <ele>387.4</ele>
      </trkpt>
      <trkpt lat="36.86932" lon="-96.55075">
        <ele>390.6</ele>
      </trkpt>
      <trkpt lat="36.86931" lon="-96.55179">
        <ele>393.6</ele>
      </trkpt>
      <trkpt lat="36.8693" lon="-96.55283">
        <ele>392.9</ele>
      </trkpt>
      <trkpt lat="36.86929" lon="-96.55386">
        <ele>389.7</ele>
      </trkpt>
      <trkpt lat="36.86928" lon="-96.5549">
        <ele>387.5</ele>
      </trkpt>
      <trkpt lat="36.86927" lon="-96.55594">
        <ele>384.4</ele>
      </trkpt>
      <trkpt lat="36.86925" lon="-96.55698">
        <ele>387.5</ele>
      </trkpt>
      <trkpt lat="36.86924" lon="-96.55801">
        <ele>388.5</ele>
      </trkpt>
      <trkpt lat="36.86924" lon="-96.55901">
        <ele>387.7</ele>
      </trkpt>
      <trkpt lat="36.86923" lon="-96.56">
        <ele>388.3</ele>
      </trkpt>
      <trkpt lat="36.86923" lon="-96.561">
        <ele>389.9</ele>
      </trkpt>
      <trkpt lat="36.86922" lon="-96.56199">
        <ele>389.6</ele>
      </trkpt>
      <trkpt lat="36.86922" lon="-96.56298">
        <ele>388.1</ele>
      </trkpt>
      <trkpt lat="36.86921" lon="-96.56398">
        <ele>387.0</ele>
      </trkpt>
      <trkpt lat="36.86919" lon="-96.56475">
        <ele>386.5</ele>
      </trkpt>
      <trkpt lat="36.86872" lon="-96.56474">
        <ele>386.2</ele>
      </trkpt>
      <trkpt lat="36.86826" lon="-96.56473">
        <ele>386.4</ele>
      </trkpt>
      <trkpt lat="36.86748" lon="-96.56472">
        <ele>386.8</ele>
      </trkpt>
      <trkpt lat="36.8667" lon="-96.56471">
        <ele>386.7</ele>
      </trkpt>
      <trkpt lat="36.86591" lon="-96.56471">
        <ele>386.1</ele>
      </trkpt>
      <trkpt lat="36.86513" lon="-96.5647">
        <ele>385.2</ele>
      </trkpt>
      <trkpt lat="36.86513" lon="-96.5647">
        <ele>385.2</ele>
      </trkpt>
      <trkpt lat="36.86424" lon="-96.56469">
        <ele>385.0</ele>
      </trkpt>
      <trkpt lat="36.86336" lon="-96.56468">
        <ele>384.4</ele>
      </trkpt>
      <trkpt lat="36.86247" lon="-96.56468">
        <ele>383.6</ele>
      </trkpt>
      <trkpt lat="36.86159" lon="-96.56467">
        <ele>382.7</ele>
      </trkpt>
      <trkpt lat="36.8607" lon="-96.56466">
        <ele>381.7</ele>
      </trkpt>
      <trkpt lat="36.85982" lon="-96.56465">
        <ele>380.5</ele>
      </trkpt>
      <trkpt lat="36.85893" lon="-96.56464">
        <ele>379.0</ele>
      </trkpt>
      <trkpt lat="36.85805" lon="-96.56463">
        <ele>377.7</ele>
      </trkpt>
      <trkpt lat="36.85716" lon="-96.56463">
        <ele>375.4</ele>
      </trkpt>
      <trkpt lat="36.85628" lon="-96.56462">
        <ele>375.6</ele>
      </trkpt>
      <trkpt lat="36.85539" lon="-96.56461">
        <ele>375.5</ele>
      </trkpt>
      <trkpt lat="36.85451" lon="-96.5646">
        <ele>374.9</ele>
      </trkpt>
      <trkpt lat="36.85362" lon="-96.56459">
        <ele>374.6</ele>
      </trkpt>
      <trkpt lat="36.85274" lon="-96.56459">
        <ele>373.6</ele>
      </trkpt>
      <trkpt lat="36.85185" lon="-96.56458">
        <ele>373.4</ele>
      </trkpt>
      <trkpt lat="36.85097" lon="-96.56457">
        <ele>372.9</ele>
      </trkpt>
      <trkpt lat="36.85008" lon="-96.56456">
        <ele>371.5</ele>
      </trkpt>
      <trkpt lat="36.8492" lon="-96.56455">
        <ele>369.7</ele>
      </trkpt>
      <trkpt lat="36.84831" lon="-96.56454">
        <ele>367.5</ele>
      </trkpt>
      <trkpt lat="36.84743" lon="-96.56454">
        <ele>365.1</ele>
      </trkpt>
      <trkpt lat="36.84654" lon="-96.56453">
        <ele>363.7</ele>
      </trkpt>
      <trkpt lat="36.84566" lon="-96.56452">
        <ele>368.3</ele>
      </trkpt>
      <trkpt lat="36.84477" lon="-96.56451">
        <ele>371.9</ele>
      </trkpt>
      <trkpt lat="36.84389" lon="-96.5645">
        <ele>372.4</ele>
      </trkpt>
      <trkpt lat="36.843" lon="-96.5645">
        <ele>368.7</ele>
      </trkpt>
      <trkpt lat="36.8421" lon="-96.5645">
        <ele>366.0</ele>
      </trkpt>
      <trkpt lat="36.84121" lon="-96.56449">
        <ele>362.8</ele>
      </trkpt>
      <trkpt lat="36.84031" lon="-96.56449">
        <ele>362.8</ele>
      </trkpt>
      <trkpt lat="36.83942" lon="-96.56449">
        <ele>362.8</ele>
      </trkpt>
      <trkpt lat="36.83853" lon="-96.56449">
        <ele>362.9</ele>
      </trkpt>
      <trkpt lat="36.83763" lon="-96.56448">
        <ele>365.2</ele>
      </trkpt>
      <trkpt lat="36.83674" lon="-96.56448">
        <ele>366.8</ele>
      </trkpt>
      <trkpt lat="36.83585" lon="-96.56448">
        <ele>369.1</ele>
      </trkpt>
      <trkpt lat="36.83495" lon="-96.56447">
        <ele>369.7</ele>
      </trkpt>
      <trkpt lat="36.83406" lon="-96.56447">
        <ele>371.1</ele>
      </trkpt>
      <trkpt lat="36.83316" lon="-96.56447">
        <ele>372.8</ele>
      </trkpt>
      <trkpt lat="36.83227" lon="-96.56446">
        <ele>374.2</ele>
      </trkpt>
      <trkpt lat="36.83138" lon="-96.56446">
        <ele>376.1</ele>
      </trkpt>
      <trkpt lat="36.83048" lon="-96.56446">
        <ele>378.4</ele>
      </trkpt>
      <trkpt lat="36.82959" lon="-96.56446">
        <ele>381.0</ele>
      </trkpt>
      <trkpt lat="36.8287" lon="-96.56445">
        <ele>383.8</ele>
      </trkpt>
      <trkpt lat="36.8278" lon="-96.56445">
        <ele>383.6</ele>
      </trkpt>
      <trkpt lat="36.82691" lon="-96.56445">
        <ele>381.2</ele>
      </trkpt>
      <trkpt lat="36.82601" lon="-96.56444">
        <ele>379.2</ele>
      </trkpt>
      <trkpt lat="36.82512" lon="-96.56444">
        <ele>376.0</ele>
      </trkpt>
      <trkpt lat="36.82423" lon="-96.56444">
        <ele>375.5</ele>
      </trkpt>
      <trkpt lat="36.82333" lon="-96.56443">
        <ele>375.6</ele>
      </trkpt>
      <trkpt lat="36.82244" lon="-96.56443">
        <ele>375.8</ele>
      </trkpt>
      <trkpt lat="36.82155" lon="-96.56443">
        <ele>375.6</ele>
      </trkpt>
      <trkpt lat="36.82065" lon="-96.56442">
        <ele>374.5</ele>
      </trkpt>
      <trkpt lat="36.81976" lon="-96.56442">
        <ele>373.0</ele>
      </trkpt>
      <trkpt lat="36.81886" lon="-96.56442">
        <ele>371.9</ele>
      </trkpt>
      <trkpt lat="36.81797" lon="-96.56442">
        <ele>371.3</ele>
      </trkpt>
      <trkpt lat="36.81708" lon="-96.56441">
        <ele>372.7</ele>
      </trkpt>
      <trkpt lat="36.81618" lon="-96.56441">
        <ele>374.4</ele>
      </trkpt>
      <trkpt lat="36.81529" lon="-96.56441">
        <ele>374.9</ele>
      </trkpt>
      <trkpt lat="36.8144" lon="-96.5644">
        <ele>375.0</ele>
      </trkpt>
      <trkpt lat="36.8135" lon="-96.5644">
        <ele>374.4</ele>
      </trkpt>
      <trkpt lat="36.81261" lon="-96.5644">
        <ele>375.8</ele>
      </trkpt>
      <trkpt lat="36.81171" lon="-96.56439">
        <ele>375.6</ele>
      </trkpt>
      <trkpt lat="36.81082" lon="-96.56439">
        <ele>377.5</ele>
      </trkpt>
      <trkpt lat="36.80995" lon="-96.56439">
        <ele>377.8</ele>
      </trkpt>
      <trkpt lat="36.80907" lon="-96.56439">
        <ele>377.6</ele>
      </trkpt>
      <trkpt lat="36.8082" lon="-96.56439">
        <ele>378.0</ele>
      </trkpt>
      <trkpt lat="36.80732" lon="-96.56439">
        <ele>378.6</ele>
      </trkpt>
      <trkpt lat="36.80645" lon="-96.56438">
        <ele>378.9</ele>
      </trkpt>
      <trkpt lat="36.80558" lon="-96.56437">
        <ele>378.9</ele>
      </trkpt>
      <trkpt lat="36.80471" lon="-96.56436">
        <ele>378.4</ele>
      </trkpt>
      <trkpt lat="36.80383" lon="-96.56434">
        <ele>377.6</ele>
      </trkpt>
      <trkpt lat="36.80296" lon="-96.56433">
        <ele>376.2</ele>
      </trkpt>
      <trkpt lat="36.80209" lon="-96.56432">
        <ele>375.1</ele>
      </trkpt>
      <trkpt lat="36.80122" lon="-96.56431">
        <ele>373.5</ele>
      </trkpt>
      <trkpt lat="36.80035" lon="-96.5643">
        <ele>373.0</ele>
      </trkpt>
      <trkpt lat="36.79948" lon="-96.56428">
        <ele>372.6</ele>
      </trkpt>
      <trkpt lat="36.79861" lon="-96.56427">
        <ele>373.1</ele>
      </trkpt>
      <trkpt lat="36.79774" lon="-96.56426">
        <ele>371.6</ele>
      </trkpt>
      <trkpt lat="36.79686" lon="-96.56425">
        <ele>368.8</ele>
      </trkpt>
      <trkpt lat="36.79599" lon="-96.56424">
        <ele>366.7</ele>
      </trkpt>
      <trkpt lat="36.79512" lon="-96.56422">
        <ele>365.1</ele>
      </trkpt>
      <trkpt lat="36.79425" lon="-96.56421">
        <ele>362.9</ele>
      </trkpt>
      <trkpt lat="36.79338" lon="-96.5642">
        <ele>360.2</ele>
      </trkpt>
      <trkpt lat="36.79251" lon="-96.56419">
        <ele>358.0</ele>
      </trkpt>
      <trkpt lat="36.79164" lon="-96.56418">
        <ele>356.0</ele>
      </trkpt>
      <trkpt lat="36.79076" lon="-96.56416">
        <ele>353.8</ele>
      </trkpt>
      <trkpt lat="36.78989" lon="-96.56415">
        <ele>353.9</ele>
      </trkpt>
      <trkpt lat="36.78902" lon="-96.56414">
        <ele>359.0</ele>
      </trkpt>
      <trkpt lat="36.78815" lon="-96.56413">
        <ele>359.6</ele>
      </trkpt>
      <trkpt lat="36.78728" lon="-96.56412">
        <ele>359.2</ele>
      </trkpt>
      <trkpt lat="36.78641" lon="-96.5641">
        <ele>360.9</ele>
      </trkpt>
      <trkpt lat="36.78554" lon="-96.56409">
        <ele>366.4</ele>
      </trkpt>
      <trkpt lat="36.78466" lon="-96.56408">
        <ele>371.0</ele>
      </trkpt>
      <trkpt lat="36.78389" lon="-96.56407">
        <ele>369.9</ele>
      </trkpt>
      <trkpt lat="36.78311" lon="-96.56406">
        <ele>368.2</ele>
      </trkpt>
      <trkpt lat="36.78233" lon="-96.56405">
        <ele>372.5</ele>
      </trkpt>
      <trkpt lat="36.78151" lon="-96.56405">
        <ele>369.8</ele>
      </trkpt>
      <trkpt lat="36.78068" lon="-96.56404">
        <ele>364.4</ele>
      </trkpt>
      <trkpt lat="36.77986" lon="-96.56403">
        <ele>361.3</ele>
      </trkpt>
      <trkpt lat="36.77904" lon="-96.56403">
        <ele>359.7</ele>
      </trkpt>
      <trkpt lat="36.77821" lon="-96.56402">
        <ele>357.5</ele>
      </trkpt>
      <trkpt lat="36.77734" lon="-96.56404">
        <ele>360.5</ele>
      </trkpt>
      <trkpt lat="36.77646" lon="-96.56405">
        <ele>363.2</ele>
      </trkpt>
      <trkpt lat="36.77559" lon="-96.56407">
        <ele>362.6</ele>
      </trkpt>
      <trkpt lat="36.77471" lon="-96.56408">
        <ele>365.5</ele>
      </trkpt>
      <trkpt lat="36.77384" lon="-96.56409">
        <ele>369.2</ele>
      </trkpt>
      <trkpt lat="36.77296" lon="-96.56411">
        <ele>371.2</ele>
      </trkpt>
      <trkpt lat="36.77208" lon="-96.56412">
        <ele>372.6</ele>
      </trkpt>
      <trkpt lat="36.77121" lon="-96.56414">
        <ele>372.3</ele>
      </trkpt>
      <trkpt lat="36.77033" lon="-96.56415">
        <ele>375.1</ele>
      </trkpt>
      <trkpt lat="36.76946" lon="-96.56417">
        <ele>376.5</ele>
      </trkpt>
      <trkpt lat="36.76858" lon="-96.56418">
        <ele>378.5</ele>
      </trkpt>
      <trkpt lat="36.76771" lon="-96.5642">
        <ele>379.7</ele>
      </trkpt>
      <trkpt lat="36.76688" lon="-96.56419">
        <ele>381.4</ele>
      </trkpt>
      <trkpt lat="36.76604" lon="-96.56418">
        <ele>381.5</ele>
      </trkpt>
      <trkpt lat="36.76521" lon="-96.56417">
        <ele>381.6</ele>
      </trkpt>
      <trkpt lat="36.76438" lon="-96.56416">
        <ele>381.2</ele>
      </trkpt>
      <trkpt lat="36.76354" lon="-96.56415">
        <ele>380.2</ele>
      </trkpt>
      <trkpt lat="36.76271" lon="-96.56414">
        <ele>379.2</ele>
      </trkpt>
      <trkpt lat="36.76188" lon="-96.56413">
        <ele>378.4</ele>
      </trkpt>
      <trkpt lat="36.76104" lon="-96.56413">
        <ele>377.2</ele>
      </trkpt>
      <trkpt lat="36.76021" lon="-96.56412">
        <ele>376.3</ele>
      </trkpt>
      <trkpt lat="36.75938" lon="-96.56411">
        <ele>375.7</ele>
      </trkpt>
      <trkpt lat="36.75851" lon="-96.56411">
        <ele>374.6</ele>
      </trkpt>
      <trkpt lat="36.75764" lon="-96.56411">
        <ele>373.8</ele>
      </trkpt>
      <trkpt lat="36.75676" lon="-96.56411">
        <ele>372.7</ele>
      </trkpt>
      <trkpt lat="36.75589" lon="-96.56411">
        <ele>370.3</ele>
      </trkpt>
      <trkpt lat="36.75502" lon="-96.56411">
        <ele>369.6</ele>
      </trkpt>
      <trkpt lat="36.75415" lon="-96.56411">
        <ele>369.8</ele>
      </trkpt>
      <trkpt lat="36.75328" lon="-96.56411">
        <ele>369.4</ele>
      </trkpt>
      <trkpt lat="36.75241" lon="-96.56411">
        <ele>368.5</ele>
      </trkpt>
      <trkpt lat="36.75154" lon="-96.56411">
        <ele>369.3</ele>
      </trkpt>
      <trkpt lat="36.75066" lon="-96.56411">
        <ele>369.2</ele>
      </trkpt>
      <trkpt lat="36.74979" lon="-96.56411">
        <ele>369.4</ele>
      </trkpt>
      <trkpt lat="36.74892" lon="-96.56411">
        <ele>369.6</ele>
      </trkpt>
      <trkpt lat="36.74805" lon="-96.56411">
        <ele>369.2</ele>
      </trkpt>
      <trkpt lat="36.74718" lon="-96.56411">
        <ele>369.1</ele>
      </trkpt>
      <trkpt lat="36.74631" lon="-96.56411">
        <ele>371.4</ele>
      </trkpt>
      <trkpt lat="36.74544" lon="-96.56411">
        <ele>372.6</ele>
      </trkpt>
      <trkpt lat="36.74457" lon="-96.56411">
        <ele>372.7</ele>
      </trkpt>
      <trkpt lat="36.74369" lon="-96.56411">
        <ele>372.7</ele>
      </trkpt>
      <trkpt lat="36.74282" lon="-96.56411">
        <ele>372.2</ele>
      </trkpt>
      <trkpt lat="36.74282" lon="-96.56411">
        <ele>372.2</ele>
      </trkpt>
      <trkpt lat="36.74201" lon="-96.5641">
        <ele>372.2</ele>
      </trkpt>
      <trkpt lat="36.7412" lon="-96.5641">
        <ele>374.5</ele>
      </trkpt>
      <trkpt lat="36.7404" lon="-96.5641">
        <ele>375.3</ele>
      </trkpt>
      <trkpt lat="36.73959" lon="-96.5641">
        <ele>377.0</ele>
      </trkpt>
      <trkpt lat="36.73878" lon="-96.5641">
        <ele>377.7</ele>
      </trkpt>
      <trkpt lat="36.73797" lon="-96.5641">
        <ele>378.2</ele>
      </trkpt>
      <trkpt lat="36.73717" lon="-96.5641">
        <ele>380.9</ele>
      </trkpt>
      <trkpt lat="36.73636" lon="-96.5641">
        <ele>382.3</ele>
      </trkpt>
      <trkpt lat="36.73555" lon="-96.5641">
        <ele>382.8</ele>
      </trkpt>
      <trkpt lat="36.73523" lon="-96.56419">
        <ele>382.3</ele>
      </trkpt>
      <trkpt lat="36.73461" lon="-96.56465">
        <ele>380.5</ele>
      </trkpt>
      <trkpt lat="36.73399" lon="-96.56519">
        <ele>375.7</ele>
      </trkpt>
      <trkpt lat="36.73337" lon="-96.56574">
        <ele>376.0</ele>
      </trkpt>
      <trkpt lat="36.73275" lon="-96.56629">
        <ele>372.2</ele>
      </trkpt>
      <trkpt lat="36.73213" lon="-96.56684">
        <ele>369.3</ele>
      </trkpt>
      <trkpt lat="36.73151" lon="-96.56739">
        <ele>368.6</ele>
      </trkpt>
      <trkpt lat="36.73088" lon="-96.56794">
        <ele>367.0</ele>
      </trkpt>
      <trkpt lat="36.73024" lon="-96.5684">
        <ele>366.6</ele>
      </trkpt>
      <trkpt lat="36.72941" lon="-96.56878">
        <ele>363.4</ele>
      </trkpt>
      <trkpt lat="36.72857" lon="-96.56917">
        <ele>360.4</ele>
      </trkpt>
      <trkpt lat="36.72773" lon="-96.5692">
        <ele>356.2</ele>
      </trkpt>
      <trkpt lat="36.72725" lon="-96.56898">
        <ele>356.4</ele>
      </trkpt>
      <trkpt lat="36.72677" lon="-96.56877">
        <ele>358.3</ele>
      </trkpt>
      <trkpt lat="36.72623" lon="-96.5682">
        <ele>360.5</ele>
      </trkpt>
      <trkpt lat="36.72569" lon="-96.56763">
        <ele>360.2</ele>
      </trkpt>
      <trkpt lat="36.72536" lon="-96.56711">
        <ele>360.6</ele>
      </trkpt>
      <trkpt lat="36.72503" lon="-96.56658">
        <ele>361.7</ele>
      </trkpt>
      <trkpt lat="36.72454" lon="-96.56597">
        <ele>363.0</ele>
      </trkpt>
      <trkpt lat="36.72405" lon="-96.56537">
        <ele>366.0</ele>
      </trkpt>
      <trkpt lat="36.72356" lon="-96.56476">
        <ele>366.6</ele>
      </trkpt>
      <trkpt lat="36.72302" lon="-96.5645">
        <ele>364.6</ele>
      </trkpt>
      <trkpt lat="36.72249" lon="-96.56425">
        <ele>363.1</ele>
      </trkpt>
      <trkpt lat="36.72164" lon="-96.56425">
        <ele>358.6</ele>
      </trkpt>
      <trkpt lat="36.72079" lon="-96.56425">
        <ele>354.6</ele>
      </trkpt>
      <trkpt lat="36.71995" lon="-96.56425">
        <ele>359.4</ele>
      </trkpt>
      <trkpt lat="36.7191" lon="-96.56425">
        <ele>360.7</ele>
      </trkpt>
      <trkpt lat="36.71825" lon="-96.56425">
        <ele>359.1</ele>
      </trkpt>
      <trkpt lat="36.71741" lon="-96.56425">
        <ele>356.3</ele>
      </trkpt>
      <trkpt lat="36.71656" lon="-96.56425">
        <ele>352.6</ele>
      </trkpt>
      <trkpt lat="36.71571" lon="-96.56425">
        <ele>350.6</ele>
      </trkpt>
      <trkpt lat="36.71528" lon="-96.56411">
        <ele>351.3</ele>
      </trkpt>
      <trkpt lat="36.71484" lon="-96.56396">
        <ele>354.8</ele>
      </trkpt>
      <trkpt lat="36.71416" lon="-96.56394">
        <ele>357.4</ele>
      </trkpt>
      <trkpt lat="36.71347" lon="-96.56391">
        <ele>361.3</ele>
      </trkpt>
      <trkpt lat="36.71278" lon="-96.56388">
        <ele>360.5</ele>
      </trkpt>
      <trkpt lat="36.71233" lon="-96.56377">
        <ele>360.3</ele>
      </trkpt>
      <trkpt lat="36.71184" lon="-96.56348">
        <ele>362.5</ele>
      </trkpt>
      <trkpt lat="36.71136" lon="-96.5632">
        <ele>364.0</ele>
      </trkpt>
      <trkpt lat="36.71093" lon="-96.56286">
        <ele>365.3</ele>
      </trkpt>
      <trkpt lat="36.71049" lon="-96.56252">
        <ele>367.2</ele>
      </trkpt>
      <trkpt lat="36.70992" lon="-96.56249">
        <ele>365.0</ele>
      </trkpt>
      <trkpt lat="36.70919" lon="-96.56291">
        <ele>362.4</ele>
      </trkpt>
      <trkpt lat="36.70894" lon="-96.56317">
        <ele>360.8</ele>
      </trkpt>
      <trkpt lat="36.70838" lon="-96.56355">
        <ele>358.5</ele>
      </trkpt>
      <trkpt lat="36.70782" lon="-96.56393">
        <ele>355.3</ele>
      </trkpt>
      <trkpt lat="36.70727" lon="-96.56431">
        <ele>353.2</ele>
      </trkpt>
      <trkpt lat="36.70641" lon="-96.56432">
        <ele>349.1</ele>
      </trkpt>
      <trkpt lat="36.70556" lon="-96.56434">
        <ele>344.9</ele>
      </trkpt>
      <trkpt lat="36.7047" lon="-96.56436">
        <ele>341.8</ele>
      </trkpt>
      <trkpt lat="36.70385" lon="-96.56437">
        <ele>339.9</ele>
      </trkpt>
      <trkpt lat="36.703" lon="-96.56439">
        <ele>338.4</ele>
      </trkpt>
      <trkpt lat="36.70214" lon="-96.56441">
        <ele>335.7</ele>
      </trkpt>
      <trkpt lat="36.70129" lon="-96.56442">
        <ele>334.0</ele>
      </trkpt>
      <trkpt lat="36.70043" lon="-96.56444">
        <ele>335.5</ele>
      </trkpt>
      <trkpt lat="36.69958" lon="-96.56446">
        <ele>331.7</ele>
      </trkpt>
      <trkpt lat="36.69872" lon="-96.56447">
        <ele>337.1</ele>
      </trkpt>
      <trkpt lat="36.69787" lon="-96.56449">
        <ele>339.1</ele>
      </trkpt>
      <trkpt lat="36.69702" lon="-96.56451">
        <ele>339.5</ele>
      </trkpt>
      <trkpt lat="36.69615" lon="-96.56451">
        <ele>338.4</ele>
      </trkpt>
      <trkpt lat="36.69528" lon="-96.56452">
        <ele>336.4</ele>
      </trkpt>
      <trkpt lat="36.69441" lon="-96.56453">
        <ele>336.6</ele>
      </trkpt>
      <trkpt lat="36.69354" lon="-96.56454">
        <ele>336.6</ele>
      </trkpt>
      <trkpt lat="36.69267" lon="-96.56455">
        <ele>334.8</ele>
      </trkpt>
      <trkpt lat="36.6918" lon="-96.56456">
        <ele>332.3</ele>
      </trkpt>
      <trkpt lat="36.69093" lon="-96.56457">
        <ele>330.3</ele>
      </trkpt>
      <trkpt lat="36.69006" lon="-96.56458">
        <ele>329.5</ele>
      </trkpt>
      <trkpt lat="36.68919" lon="-96.56459">
        <ele>331.8</ele>
      </trkpt>
      <trkpt lat="36.68832" lon="-96.5646">
        <ele>333.7</ele>
      </trkpt>
      <trkpt lat="36.68745" lon="-96.5646">
        <ele>335.9</ele>
      </trkpt>
      <trkpt lat="36.68658" lon="-96.56461">
        <ele>336.7</ele>
      </trkpt>
      <trkpt lat="36.68571" lon="-96.56462">
        <ele>336.4</ele>
      </trkpt>
      <trkpt lat="36.68484" lon="-96.56463">
        <ele>335.3</ele>
      </trkpt>
      <trkpt lat="36.68397" lon="-96.56464">
        <ele>333.9</ele>
      </trkpt>
      <trkpt lat="36.6831" lon="-96.56465">
        <ele>332.0</ele>
      </trkpt>
      <trkpt lat="36.68238" lon="-96.56492">
        <ele>328.8</ele>
      </trkpt>
      <trkpt lat="36.68166" lon="-96.56519">
        <ele>326.8</ele>
      </trkpt>
      <trkpt lat="36.68116" lon="-96.56494">
        <ele>326.3</ele>
      </trkpt>
      <trkpt lat="36.68067" lon="-96.56469">
        <ele>326.4</ele>
      </trkpt>
      <trkpt lat="36.68046" lon="-96.56468">
        <ele>326.1</ele>
      </trkpt>
      <trkpt lat="36.68024" lon="-96.56459">
        <ele>325.9</ele>
      </trkpt>
      <trkpt lat="36.67937" lon="-96.5646">
        <ele>331.8</ele>
      </trkpt>
      <trkpt lat="36.6785" lon="-96.56461">
        <ele>334.3</ele>
      </trkpt>
      <trkpt lat="36.67763" lon="-96.56461">
        <ele>334.4</ele>
      </trkpt>
      <trkpt lat="36.67676" lon="-96.56462">
        <ele>332.9</ele>
      </trkpt>
      <trkpt lat="36.67589" lon="-96.56463">
        <ele>329.8</ele>
      </trkpt>
      <trkpt lat="36.67502" lon="-96.56463">
        <ele>326.4</ele>
      </trkpt>
      <trkpt lat="36.67415" lon="-96.56464">
        <ele>325.7</ele>
      </trkpt>
      <trkpt lat="36.67329" lon="-96.56465">
        <ele>324.5</ele>
      </trkpt>
      <trkpt lat="36.67242" lon="-96.56466">
        <ele>328.2</ele>
      </trkpt>
      <trkpt lat="36.67155" lon="-96.56466">
        <ele>327.9</ele>
      </trkpt>
      <trkpt lat="36.67068" lon="-96.56467">
        <ele>328.1</ele>
      </trkpt>
      <trkpt lat="36.66981" lon="-96.56468">
        <ele>328.4</ele>
      </trkpt>
      <trkpt lat="36.66894" lon="-96.56468">
        <ele>327.9</ele>
      </trkpt>
      <trkpt lat="36.66807" lon="-96.56469">
        <ele>328.6</ele>
      </trkpt>
      <trkpt lat="36.6672" lon="-96.5647">
        <ele>330.2</ele>
      </trkpt>
      <trkpt lat="36.66633" lon="-96.56471">
        <ele>329.9</ele>
      </trkpt>
      <trkpt lat="36.66555" lon="-96.56471">
        <ele>330.0</ele>
      </trkpt>
      <trkpt lat="36.66477" lon="-96.56472">
        <ele>329.8</ele>
      </trkpt>
      <trkpt lat="36.66399" lon="-96.56473">
        <ele>329.7</ele>
      </trkpt>
      <trkpt lat="36.66322" lon="-96.56474">
        <ele>331.2</ele>
      </trkpt>
      <trkpt lat="36.66244" lon="-96.56475">
        <ele>331.0</ele>
      </trkpt>
      <trkpt lat="36.66166" lon="-96.56475">
        <ele>333.0</ele>
      </trkpt>
      <trkpt lat="36.66088" lon="-96.56476">
        <ele>333.5</ele>
      </trkpt>
      <trkpt lat="36.66001" lon="-96.56476">
        <ele>331.1</ele>
      </trkpt>
      <trkpt lat="36.65914" lon="-96.56476">
        <ele>328.4</ele>
      </trkpt>
      <trkpt lat="36.65827" lon="-96.56476">
        <ele>325.9</ele>
      </trkpt>
      <trkpt lat="36.65739" lon="-96.56476">
        <ele>324.2</ele>
      </trkpt>
      <trkpt lat="36.65652" lon="-96.56476">
        <ele>323.2</ele>
      </trkpt>
      <trkpt lat="36.65565" lon="-96.56476">
        <ele>321.2</ele>
      </trkpt>
      <trkpt lat="36.65478" lon="-96.56476">
        <ele>321.9</ele>
      </trkpt>
      <trkpt lat="36.65391" lon="-96.56476">
        <ele>320.1</ele>
      </trkpt>
      <trkpt lat="36.65303" lon="-96.56476">
        <ele>320.9</ele>
      </trkpt>
      <trkpt lat="36.65216" lon="-96.56476">
        <ele>320.2</ele>
      </trkpt>
      <trkpt lat="36.65129" lon="-96.56476">
        <ele>320.3</ele>
      </trkpt>
      <trkpt lat="36.65042" lon="-96.56476">
        <ele>322.5</ele>
      </trkpt>
      <trkpt lat="36.64955" lon="-96.56476">
        <ele>321.8</ele>
      </trkpt>
      <trkpt lat="36.64867" lon="-96.56476">
        <ele>320.7</ele>
      </trkpt>
      <trkpt lat="36.6478" lon="-96.56476">
        <ele>320.6</ele>
      </trkpt>
      <trkpt lat="36.64693" lon="-96.56476">
        <ele>321.0</ele>
      </trkpt>
      <trkpt lat="36.64606" lon="-96.56476">
        <ele>321.4</ele>
      </trkpt>
      <trkpt lat="36.64519" lon="-96.56476">
        <ele>321.1</ele>
      </trkpt>
      <trkpt lat="36.64431" lon="-96.56476">
        <ele>321.1</ele>
      </trkpt>
      <trkpt lat="36.64431" lon="-96.56584">
        <ele>319.3</ele>
      </trkpt>
      <trkpt lat="36.64431" lon="-96.56691">
        <ele>319.5</ele>
      </trkpt>
      <trkpt lat="36.64431" lon="-96.56798">
        <ele>319.2</ele>
      </trkpt>
      <trkpt lat="36.64431" lon="-96.56905">
        <ele>320.8</ele>
      </trkpt>
      <trkpt lat="36.64431" lon="-96.57012">
        <ele>321.6</ele>
      </trkpt>
      <trkpt lat="36.64431" lon="-96.5712">
        <ele>321.7</ele>
      </trkpt>
      <trkpt lat="36.64431" lon="-96.57227">
        <ele>321.8</ele>
      </trkpt>
      <trkpt lat="36.64431" lon="-96.57334">
        <ele>322.1</ele>
      </trkpt>
      <trkpt lat="36.64418" lon="-96.57405">
        <ele>324.1</ele>
      </trkpt>
      <trkpt lat="36.64385" lon="-96.57482">
        <ele>324.9</ele>
      </trkpt>
      <trkpt lat="36.64352" lon="-96.57558">
        <ele>320.2</ele>
      </trkpt>
      <trkpt lat="36.64319" lon="-96.57635">
        <ele>321.9</ele>
      </trkpt>
      <trkpt lat="36.64276" lon="-96.5772">
        <ele>324.0</ele>
      </trkpt>
      <trkpt lat="36.64232" lon="-96.57805">
        <ele>324.5</ele>
      </trkpt>
      <trkpt lat="36.64197" lon="-96.57862">
        <ele>322.7</ele>
      </trkpt>
      <trkpt lat="36.64161" lon="-96.57919">
        <ele>320.3</ele>
      </trkpt>
      <trkpt lat="36.64119" lon="-96.57973">
        <ele>321.0</ele>
      </trkpt>
      <trkpt lat="36.64077" lon="-96.58027">
        <ele>322.5</ele>
      </trkpt>
      <trkpt lat="36.64015" lon="-96.58077">
        <ele>323.2</ele>
      </trkpt>
      <trkpt lat="36.63953" lon="-96.58126">
        <ele>322.1</ele>
      </trkpt>
      <trkpt lat="36.63877" lon="-96.58167">
        <ele>321.1</ele>
      </trkpt>
      <trkpt lat="36.63802" lon="-96.58208">
        <ele>325.8</ele>
      </trkpt>
      <trkpt lat="36.63726" lon="-96.58248">
        <ele>326.4</ele>
      </trkpt>
      <trkpt lat="36.63682" lon="-96.5827">
        <ele>326.9</ele>
      </trkpt>
      <trkpt lat="36.63637" lon="-96.58291">
        <ele>326.8</ele>
      </trkpt>
      <trkpt lat="36.63589" lon="-96.58305">
        <ele>326.5</ele>
      </trkpt>
      <trkpt lat="36.63518" lon="-96.58302">
        <ele>325.6</ele>
      </trkpt>
      <trkpt lat="36.63447" lon="-96.58299">
        <ele>324.0</ele>
      </trkpt>
      <trkpt lat="36.63376" lon="-96.58297">
        <ele>323.5</ele>
      </trkpt>
      <trkpt lat="36.63363" lon="-96.58305">
        <ele>323.5</ele>
      </trkpt>
      <trkpt lat="36.63308" lon="-96.58384">
        <ele>322.5</ele>
      </trkpt>
      <trkpt lat="36.63253" lon="-96.58464">
        <ele>323.9</ele>
      </trkpt>
      <trkpt lat="36.63198" lon="-96.58543">
        <ele>325.5</ele>
      </trkpt>
      <trkpt lat="36.63143" lon="-96.58623">
        <ele>326.3</ele>
      </trkpt>
      <trkpt lat="36.63088" lon="-96.58702">
        <ele>326.4</ele>
      </trkpt>
      <trkpt lat="36.63033" lon="-96.58782">
        <ele>326.4</ele>
      </trkpt>
      <trkpt lat="36.62978" lon="-96.58861">
        <ele>325.9</ele>
      </trkpt>
      <trkpt lat="36.62975" lon="-96.5894">
        <ele>324.5</ele>
      </trkpt>
      <trkpt lat="36.62972" lon="-96.59019">
        <ele>322.9</ele>
      </trkpt>
      <trkpt lat="36.62969" lon="-96.59097">
        <ele>321.7</ele>
      </trkpt>
      <trkpt lat="36.62942" lon="-96.59191">
        <ele>320.3</ele>
      </trkpt>
      <trkpt lat="36.62916" lon="-96.59285">
        <ele>320.5</ele>
      </trkpt>
      <trkpt lat="36.62891" lon="-96.59348">
        <ele>320.5</ele>
      </trkpt>
      <trkpt lat="36.62866" lon="-96.59412">
        <ele>321.3</ele>
      </trkpt>
      <trkpt lat="36.62817" lon="-96.59492">
        <ele>322.5</ele>
      </trkpt>
      <trkpt lat="36.6275" lon="-96.59564">
        <ele>323.5</ele>
      </trkpt>
      <trkpt lat="36.62682" lon="-96.59637">
        <ele>323.2</ele>
      </trkpt>
      <trkpt lat="36.62608" lon="-96.59698">
        <ele>322.5</ele>
      </trkpt>
      <trkpt lat="36.62533" lon="-96.59759">
        <ele>322.8</ele>
      </trkpt>
      <trkpt lat="36.62458" lon="-96.59821">
        <ele>324.0</ele>
      </trkpt>
      <trkpt lat="36.62383" lon="-96.59882">
        <ele>323.4</ele>
      </trkpt>
      <trkpt lat="36.62309" lon="-96.59943">
        <ele>323.8</ele>
      </trkpt>
      <trkpt lat="36.62234" lon="-96.60005">
        <ele>325.8</ele>
      </trkpt>
      <trkpt lat="36.62185" lon="-96.60036">
        <ele>326.2</ele>
      </trkpt>
      <trkpt lat="36.62135" lon="-96.60067">
        <ele>325.5</ele>
      </trkpt>
      <trkpt lat="36.62099" lon="-96.60079">
        <ele>324.7</ele>
      </trkpt>
      <trkpt lat="36.62014" lon="-96.6008">
        <ele>322.6</ele>
      </trkpt>
      <trkpt lat="36.62014" lon="-96.6008">
        <ele>322.6</ele>
      </trkpt>
      <trkpt lat="36.61927" lon="-96.60081">
        <ele>324.0</ele>
      </trkpt>
      <trkpt lat="36.61839" lon="-96.60082">
        <ele>323.1</ele>
      </trkpt>
      <trkpt lat="36.61752" lon="-96.60083">
        <ele>321.0</ele>
      </trkpt>
      <trkpt lat="36.61665" lon="-96.60084">
        <ele>319.5</ele>
      </trkpt>
      <trkpt lat="36.61578" lon="-96.60085">
        <ele>317.1</ele>
      </trkpt>
      <trkpt lat="36.6149" lon="-96.60086">
        <ele>317.4</ele>
      </trkpt>
      <trkpt lat="36.61403" lon="-96.60087">
        <ele>317.9</ele>
      </trkpt>
      <trkpt lat="36.61316" lon="-96.60089">
        <ele>316.6</ele>
      </trkpt>
      <trkpt lat="36.61228" lon="-96.6009">
        <ele>316.5</ele>
      </trkpt>
      <trkpt lat="36.61141" lon="-96.60091">
        <ele>312.3</ele>
      </trkpt>
      <trkpt lat="36.61054" lon="-96.60092">
        <ele>307.9</ele>
      </trkpt>
      <trkpt lat="36.60967" lon="-96.60093">
        <ele>305.1</ele>
      </trkpt>
      <trkpt lat="36.60879" lon="-96.60094">
        <ele>304.7</ele>
      </trkpt>
      <trkpt lat="36.60792" lon="-96.60095">
        <ele>303.2</ele>
      </trkpt>
      <trkpt lat="36.6071" lon="-96.60097">
        <ele>302.3</ele>
      </trkpt>
      <trkpt lat="36.60629" lon="-96.60099">
        <ele>301.9</ele>
      </trkpt>
      <trkpt lat="36.60547" lon="-96.60101">
        <ele>301.8</ele>
      </trkpt>
      <trkpt lat="36.60465" lon="-96.60104">
        <ele>302.6</ele>
      </trkpt>
      <trkpt lat="36.60393" lon="-96.60103">
        <ele>302.9</ele>
      </trkpt>
      <trkpt lat="36.6032" lon="-96.60103">
        <ele>303.4</ele>
      </trkpt>
      <trkpt lat="36.60248" lon="-96.60103">
        <ele>305.3</ele>
      </trkpt>
      <trkpt lat="36.60176" lon="-96.60103">
        <ele>305.1</ele>
      </trkpt>
      <trkpt lat="36.60103" lon="-96.60103">
        <ele>304.6</ele>
      </trkpt>
      <trkpt lat="36.60024" lon="-96.60103">
        <ele>303.6</ele>
      </trkpt>
      <trkpt lat="36.59945" lon="-96.60102">
        <ele>302.8</ele>
      </trkpt>
      <trkpt lat="36.59865" lon="-96.60102">
        <ele>302.1</ele>
      </trkpt>
      <trkpt lat="36.59786" lon="-96.60101">
        <ele>301.2</ele>
      </trkpt>
      <trkpt lat="36.59707" lon="-96.60101">
        <ele>300.2</ele>
      </trkpt>
      <trkpt lat="36.59627" lon="-96.601">
        <ele>299.5</ele>
      </trkpt>
      <trkpt lat="36.5954" lon="-96.60104">
        <ele>298.3</ele>
      </trkpt>
      <trkpt lat="36.59452" lon="-96.60108">
        <ele>296.1</ele>
      </trkpt>
      <trkpt lat="36.59364" lon="-96.60112">
        <ele>300.5</ele>
      </trkpt>
      <trkpt lat="36.59355" lon="-96.6012">
        <ele>300.4</ele>
      </trkpt>
      <trkpt lat="36.59352" lon="-96.60196">
        <ele>296.6</ele>
      </trkpt>
      <trkpt lat="36.59349" lon="-96.60272">
        <ele>295.0</ele>
      </trkpt>
      <trkpt lat="36.59346" lon="-96.60347">
        <ele>296.4</ele>
      </trkpt>
      <trkpt lat="36.59346" lon="-96.60453">
        <ele>297.1</ele>
      </trkpt>
      <trkpt lat="36.59346" lon="-96.60558">
        <ele>295.8</ele>
      </trkpt>
      <trkpt lat="36.59346" lon="-96.60663">
        <ele>293.1</ele>
      </trkpt>
      <trkpt lat="36.59347" lon="-96.60768">
        <ele>292.4</ele>
      </trkpt>
      <trkpt lat="36.59347" lon="-96.60874">
        <ele>293.0</ele>
      </trkpt>
      <trkpt lat="36.59347" lon="-96.60979">
        <ele>293.7</ele>
      </trkpt>
      <trkpt lat="36.59347" lon="-96.61084">
        <ele>293.3</ele>
      </trkpt>
      <trkpt lat="36.59347" lon="-96.6119">
        <ele>293.8</ele>
      </trkpt>
      <trkpt lat="36.59348" lon="-96.61295">
        <ele>296.4</ele>
      </trkpt>
      <trkpt lat="36.59348" lon="-96.61398">
        <ele>296.0</ele>
      </trkpt>
      <trkpt lat="36.59348" lon="-96.61501">
        <ele>295.8</ele>
      </trkpt>
      <trkpt lat="36.59349" lon="-96.61604">
        <ele>295.8</ele>
      </trkpt>
      <trkpt lat="36.59349" lon="-96.61707">
        <ele>296.4</ele>
      </trkpt>
      <trkpt lat="36.59349" lon="-96.61811">
        <ele>297.8</ele>
      </trkpt>
      <trkpt lat="36.5935" lon="-96.61914">
        <ele>298.6</ele>
      </trkpt>
      <trkpt lat="36.59349" lon="-96.61999">
        <ele>298.7</ele>
      </trkpt>
      <trkpt lat="36.59347" lon="-96.62084">
        <ele>298.0</ele>
      </trkpt>
      <trkpt lat="36.59324" lon="-96.62104">
        <ele>296.7</ele>
      </trkpt>
      <trkpt lat="36.59243" lon="-96.62105">
        <ele>296.5</ele>
      </trkpt>
      <trkpt lat="36.59162" lon="-96.62106">
        <ele>297.3</ele>
      </trkpt>
      <trkpt lat="36.59081" lon="-96.62107">
        <ele>298.3</ele>
      </trkpt>
      <trkpt lat="36.59" lon="-96.62108">
        <ele>295.6</ele>
      </trkpt>
      <trkpt lat="36.58919" lon="-96.62109">
        <ele>298.3</ele>
      </trkpt>
      <trkpt lat="36.58832" lon="-96.62118">
        <ele>299.3</ele>
      </trkpt>
      <trkpt lat="36.58747" lon="-96.62119">
        <ele>297.7</ele>
      </trkpt>
      <trkpt lat="36.58662" lon="-96.62119">
        <ele>299.0</ele>
      </trkpt>
      <trkpt lat="36.58576" lon="-96.6212">
        <ele>301.1</ele>
      </trkpt>
      <trkpt lat="36.58491" lon="-96.62121">
        <ele>302.3</ele>
      </trkpt>
      <trkpt lat="36.58406" lon="-96.62122">
        <ele>302.4</ele>
      </trkpt>
      <trkpt lat="36.5832" lon="-96.62123">
        <ele>300.5</ele>
      </trkpt>
      <trkpt lat="36.58235" lon="-96.62123">
        <ele>297.5</ele>
      </trkpt>
      <trkpt lat="36.58149" lon="-96.62124">
        <ele>295.0</ele>
      </trkpt>
      <trkpt lat="36.58064" lon="-96.62125">
        <ele>293.3</ele>
      </trkpt>
      <trkpt lat="36.57979" lon="-96.62126">
        <ele>293.2</ele>
      </trkpt>
      <trkpt lat="36.57977" lon="-96.62227">
        <ele>292.0</ele>
      </trkpt>
      <trkpt lat="36.57976" lon="-96.62328">
        <ele>290.2</ele>
      </trkpt>
      <trkpt lat="36.57974" lon="-96.62429">
        <ele>290.7</ele>
      </trkpt>
      <trkpt lat="36.57973" lon="-96.62531">
        <ele>292.0</ele>
      </trkpt>
      <trkpt lat="36.57972" lon="-96.62627">
        <ele>293.0</ele>
      </trkpt>
      <trkpt lat="36.5797" lon="-96.62724">
        <ele>294.9</ele>
      </trkpt>
      <trkpt lat="36.57969" lon="-96.62821">
        <ele>295.6</ele>
      </trkpt>
      <trkpt lat="36.57968" lon="-96.62917">
        <ele>294.0</ele>
      </trkpt>
      <trkpt lat="36.57967" lon="-96.63014">
        <ele>296.4</ele>
      </trkpt>
      <trkpt lat="36.57966" lon="-96.63111">
        <ele>298.8</ele>
      </trkpt>
      <trkpt lat="36.57965" lon="-96.63208">
        <ele>299.4</ele>
      </trkpt>
      <trkpt lat="36.57965" lon="-96.63317">
        <ele>295.5</ele>
      </trkpt>
      <trkpt lat="36.57965" lon="-96.63426">
        <ele>292.3</ele>
      </trkpt>
      <trkpt lat="36.57965" lon="-96.63535">
        <ele>290.5</ele>
      </trkpt>
      <trkpt lat="36.57965" lon="-96.63644">
        <ele>291.1</ele>
      </trkpt>
      <trkpt lat="36.57965" lon="-96.63753">
        <ele>292.7</ele>
      </trkpt>
      <trkpt lat="36.57965" lon="-96.63862">
        <ele>296.1</ele>
      </trkpt>
      <trkpt lat="36.57965" lon="-96.63971">
        <ele>298.8</ele>
      </trkpt>
      <trkpt lat="36.57965" lon="-96.6408">
        <ele>299.6</ele>
      </trkpt>
      <trkpt lat="36.57965" lon="-96.6408">
        <ele>299.6</ele>
      </trkpt>
      <trkpt lat="36.57965" lon="-96.64166">
        <ele>298.5</ele>
      </trkpt>
      <trkpt lat="36.57965" lon="-96.64251">
        <ele>298.8</ele>
      </trkpt>
      <trkpt lat="36.57965" lon="-96.64337">
        <ele>298.1</ele>
      </trkpt>
      <trkpt lat="36.57979" lon="-96.64398">
        <ele>296.1</ele>
      </trkpt>
      <trkpt lat="36.57993" lon="-96.64459">
        <ele>294.6</ele>
      </trkpt>
      <trkpt lat="36.58009" lon="-96.6451">
        <ele>293.6</ele>
      </trkpt>
      <trkpt lat="36.58041" lon="-96.64601">
        <ele>294.9</ele>
      </trkpt>
      <trkpt lat="36.58071" lon="-96.64693">
        <ele>292.9</ele>
      </trkpt>
      <trkpt lat="36.58102" lon="-96.64785">
        <ele>290.5</ele>
      </trkpt>
      <trkpt lat="36.58132" lon="-96.64878">
        <ele>288.4</ele>
      </trkpt>
      <trkpt lat="36.58162" lon="-96.6497">
        <ele>287.7</ele>
      </trkpt>
      <trkpt lat="36.58183" lon="-96.65066">
        <ele>288.5</ele>
      </trkpt>
      <trkpt lat="36.58176" lon="-96.65122">
        <ele>287.5</ele>
      </trkpt>
      <trkpt lat="36.58169" lon="-96.65177">
        <ele>286.2</ele>
      </trkpt>
      <trkpt lat="36.58149" lon="-96.65271">
        <ele>285.3</ele>
      </trkpt>
      <trkpt lat="36.58128" lon="-96.65366">
        <ele>285.6</ele>
      </trkpt>
      <trkpt lat="36.58107" lon="-96.6546">
        <ele>283.9</ele>
      </trkpt>
      <trkpt lat="36.58087" lon="-96.65554">
        <ele>283.3</ele>
      </trkpt>
      <trkpt lat="36.58074" lon="-96.65656">
        <ele>283.2</ele>
      </trkpt>
      <trkpt lat="36.58061" lon="-96.65758">
        <ele>281.5</ele>
      </trkpt>
      <trkpt lat="36.58048" lon="-96.65859">
        <ele>280.3</ele>
      </trkpt>
      <trkpt lat="36.58035" lon="-96.65961">
        <ele>278.9</ele>
      </trkpt>
      <trkpt lat="36.58022" lon="-96.66063">
        <ele>278.3</ele>
      </trkpt>
      <trkpt lat="36.58006" lon="-96.66152">
        <ele>277.0</ele>
      </trkpt>
      <trkpt lat="36.57991" lon="-96.66241">
        <ele>275.7</ele>
      </trkpt>
      <trkpt lat="36.57975" lon="-96.6633">
        <ele>275.7</ele>
      </trkpt>
      <trkpt lat="36.5796" lon="-96.6642">
        <ele>276.3</ele>
      </trkpt>
      <trkpt lat="36.57946" lon="-96.66527">
        <ele>275.4</ele>
      </trkpt>
      <trkpt lat="36.57931" lon="-96.66634">
        <ele>272.9</ele>
      </trkpt>
      <trkpt lat="36.57917" lon="-96.66741">
        <ele>271.2</ele>
      </trkpt>
      <trkpt lat="36.57902" lon="-96.66834">
        <ele>272.1</ele>
      </trkpt>
      <trkpt lat="36.57888" lon="-96.66927">
        <ele>269.4</ele>
      </trkpt>
      <trkpt lat="36.57874" lon="-96.67021">
        <ele>265.9</ele>
      </trkpt>
      <trkpt lat="36.57859" lon="-96.67114">
        <ele>257.1</ele>
      </trkpt>
      <trkpt lat="36.57867" lon="-96.67155">
        <ele>250.2</ele>
      </trkpt>
      <trkpt lat="36.57876" lon="-96.67184">
        <ele>248.7</ele>
      </trkpt>
      <trkpt lat="36.57885" lon="-96.6721">
        <ele>249.9</ele>
      </trkpt>
      <trkpt lat="36.57932" lon="-96.67254">
        <ele>257.5</ele>
      </trkpt>
      <trkpt lat="36.57955" lon="-96.67289">
        <ele>261.1</ele>
      </trkpt>
      <trkpt lat="36.5796" lon="-96.67314">
        <ele>263.5</ele>
      </trkpt>
      <trkpt lat="36.57958" lon="-96.67395">
        <ele>268.3</ele>
      </trkpt>
      <trkpt lat="36.57957" lon="-96.67476">
        <ele>271.6</ele>
      </trkpt>
      <trkpt lat="36.57957" lon="-96.67576">
        <ele>267.8</ele>
      </trkpt>
      <trkpt lat="36.57957" lon="-96.67676">
        <ele>269.9</ele>
      </trkpt>
      <trkpt lat="36.57957" lon="-96.67777">
        <ele>271.0</ele>
      </trkpt>
      <trkpt lat="36.57957" lon="-96.67877">
        <ele>267.0</ele>
      </trkpt>
      <trkpt lat="36.57957" lon="-96.67977">
        <ele>259.7</ele>
      </trkpt>
      <trkpt lat="36.57957" lon="-96.68077">
        <ele>255.2</ele>
      </trkpt>
      <trkpt lat="36.57956" lon="-96.68162">
        <ele>253.2</ele>
      </trkpt>
      <trkpt lat="36.57955" lon="-96.68247">
        <ele>253.1</ele>
      </trkpt>
      <trkpt lat="36.57955" lon="-96.68329">
        <ele>254.9</ele>
      </trkpt>
      <trkpt lat="36.57955" lon="-96.68412">
        <ele>258.4</ele>
      </trkpt>
      <trkpt lat="36.57943" lon="-96.68469">
        <ele>259.0</ele>
      </trkpt>
      <trkpt lat="36.57901" lon="-96.68547">
        <ele>255.9</ele>
      </trkpt>
      <trkpt lat="36.57858" lon="-96.68625">
        <ele>253.5</ele>
      </trkpt>
      <trkpt lat="36.57849" lon="-96.68631">
        <ele>254.0</ele>
      </trkpt>
      <trkpt lat="36.57802" lon="-96.68722">
        <ele>252.4</ele>
      </trkpt>
      <trkpt lat="36.57788" lon="-96.6879">
        <ele>252.1</ele>
      </trkpt>
      <trkpt lat="36.57811" lon="-96.68855">
        <ele>252.2</ele>
      </trkpt>
      <trkpt lat="36.57852" lon="-96.68927">
        <ele>251.5</ele>
      </trkpt>
      <trkpt lat="36.57892" lon="-96.68999">
        <ele>251.0</ele>
      </trkpt>
      <trkpt lat="36.57933" lon="-96.69071">
        <ele>250.8</ele>
      </trkpt>
      <trkpt lat="36.57949" lon="-96.69119">
        <ele>250.6</ele>
      </trkpt>
      <trkpt lat="36.5795" lon="-96.69207">
        <ele>250.5</ele>
      </trkpt>
      <trkpt lat="36.57951" lon="-96.69295">
        <ele>250.2</ele>
      </trkpt>
      <trkpt lat="36.57951" lon="-96.69383">
        <ele>249.7</ele>
      </trkpt>
      <trkpt lat="36.57952" lon="-96.69471">
        <ele>248.4</ele>
      </trkpt>
      <trkpt lat="36.57952" lon="-96.69544">
        <ele>246.5</ele>
      </trkpt>
      <trkpt lat="36.57951" lon="-96.69617">
        <ele>250.2</ele>
      </trkpt>
      <trkpt lat="36.57949" lon="-96.69721">
        <ele>251.0</ele>
      </trkpt>
      <trkpt lat="36.57946" lon="-96.69824">
        <ele>251.6</ele>
      </trkpt>
      <trkpt lat="36.57946" lon="-96.69824">
        <ele>251.6</ele>
      </trkpt>
      <trkpt lat="36.57945" lon="-96.69924">
        <ele>251.4</ele>
      </trkpt>
      <trkpt lat="36.57944" lon="-96.70023">
        <ele>250.8</ele>
      </trkpt>
      <trkpt lat="36.57943" lon="-96.70123">
        <ele>250.9</ele>
      </trkpt>
      <trkpt lat="36.57871" lon="-96.7012">
        <ele>251.9</ele>
      </trkpt>
      <trkpt lat="36.57823" lon="-96.70106">
        <ele>252.6</ele>
      </trkpt>
      <trkpt lat="36.57796" lon="-96.70102">
        <ele>253.0</ele>
      </trkpt>
      <trkpt lat="36.57783" lon="-96.70104">
        <ele>253.5</ele>
      </trkpt>
      <trkpt lat="36.57732" lon="-96.70144">
        <ele>253.8</ele>
      </trkpt>
      <trkpt lat="36.57681" lon="-96.70185">
        <ele>254.2</ele>
      </trkpt>
      <trkpt lat="36.57648" lon="-96.70197">
        <ele>254.8</ele>
      </trkpt>
      <trkpt lat="36.57629" lon="-96.70201">
        <ele>255.0</ele>
      </trkpt>
      <trkpt lat="36.57629" lon="-96.70201">
        <ele>255.0</ele>
      </trkpt>
      <trkpt lat="36.57584" lon="-96.70211">
        <ele>255.6</ele>
      </trkpt>
      <trkpt lat="36.57581" lon="-96.70285">
        <ele>255.7</ele>
      </trkpt>
      <trkpt lat="36.57582" lon="-96.70351">
        <ele>255.8</ele>
      </trkpt>
      <trkpt lat="36.57582" lon="-96.70417">
        <ele>256.3</ele>
      </trkpt>
      <trkpt lat="36.5755" lon="-96.70425">
        <ele>257.3</ele>
      </trkpt>
      <trkpt lat="36.5755" lon="-96.70425">
        <ele>257.3</ele>
      </trkpt>
      <trkpt lat="36.57514" lon="-96.70435">
        <ele>258.2</ele>
      </trkpt>
      <trkpt lat="36.57478" lon="-96.70436">
        <ele>258.8</ele>
      </trkpt>
      <trkpt lat="36.57407" lon="-96.70434">
        <ele>260.1</ele>
      </trkpt>
      <trkpt lat="36.57407" lon="-96.70434">
        <ele>260.1</ele>
      </trkpt>
      <trkpt lat="36.57332" lon="-96.70433">
        <ele>259.4</ele>
      </trkpt>
      <trkpt lat="36.57256" lon="-96.70432">
        <ele>258.1</ele>
      </trkpt>
      <trkpt lat="36.57256" lon="-96.70432">
        <ele>258.1</ele>
      </trkpt>
      <trkpt lat="36.57205" lon="-96.70431">
        <ele>257.5</ele>
      </trkpt>
      <trkpt lat="36.57155" lon="-96.7043">
        <ele>256.5</ele>
      </trkpt>
      <trkpt lat="36.57081" lon="-96.7043">
        <ele>255.5</ele>
      </trkpt>
      <trkpt lat="36.57008" lon="-96.70429">
        <ele>256.2</ele>
      </trkpt>
      <trkpt lat="36.57008" lon="-96.70429">
        <ele>256.2</ele>
      </trkpt>
      <trkpt lat="36.56954" lon="-96.70428">
        <ele>257.8</ele>
      </trkpt>
      <trkpt lat="36.56899" lon="-96.70428">
        <ele>259.2</ele>
      </trkpt>
      <trkpt lat="36.56879" lon="-96.7043">
        <ele>259.8</ele>
      </trkpt>
      <trkpt lat="36.56859" lon="-96.70435">
        <ele>260.1</ele>
      </trkpt>
      <trkpt lat="36.56859" lon="-96.70407">
        <ele>259.9</ele>
      </trkpt>
      <trkpt lat="36.56859" lon="-96.70407">
        <ele>259.9</ele>
      </trkpt>
      <trkpt lat="36.5686" lon="-96.70305">
        <ele>257.3</ele>
      </trkpt>
      <trkpt lat="36.5686" lon="-96.70203">
        <ele>254.8</ele>
      </trkpt>
      <trkpt lat="36.5683" lon="-96.70203">
        <ele>254.9</ele>
      </trkpt>
      <trkpt lat="36.5683" lon="-96.70203">
        <ele>254.9</ele>
      </trkpt>
      <trkpt lat="36.56745" lon="-96.70203">
        <ele>254.6</ele>
      </trkpt>
      <trkpt lat="36.56661" lon="-96.70203">
        <ele>254.1</ele>
      </trkpt>
      <trkpt lat="36.56661" lon="-96.70203">
        <ele>254.1</ele>
      </trkpt>
      <trkpt lat="36.56607" lon="-96.70202">
        <ele>253.4</ele>
      </trkpt>
      <trkpt lat="36.56553" lon="-96.70202">
        <ele>251.7</ele>
      </trkpt>
      <trkpt lat="36.56553" lon="-96.70202">
        <ele>251.7</ele>
      </trkpt>
      <trkpt lat="36.56491" lon="-96.70202">
        <ele>249.9</ele>
      </trkpt>
      <trkpt lat="36.56491" lon="-96.70101">
        <ele>249.7</ele>
      </trkpt>
      <trkpt lat="36.56492" lon="-96.69999">
        <ele>249.3</ele>
      </trkpt>
      <trkpt lat="36.56492" lon="-96.69897">
        <ele>248.3</ele>
      </trkpt>
      <trkpt lat="36.56493" lon="-96.69796">
        <ele>247.7</ele>
      </trkpt>
      <trkpt lat="36.56493" lon="-96.69796">
        <ele>247.7</ele>
      </trkpt>
      <trkpt lat="36.56493" lon="-96.69693">
        <ele>247.2</ele>
      </trkpt>
      <trkpt lat="36.56494" lon="-96.69589">
        <ele>247.3</ele>
      </trkpt>
      <trkpt lat="36.56494" lon="-96.69486">
        <ele>247.3</ele>
      </trkpt>
      <trkpt lat="36.56495" lon="-96.69382">
        <ele>247.4</ele>
      </trkpt>
      <trkpt lat="36.56495" lon="-96.69279">
        <ele>247.3</ele>
      </trkpt>
      <trkpt lat="36.56496" lon="-96.69175">
        <ele>246.9</ele>
      </trkpt>
      <trkpt lat="36.56497" lon="-96.69072">
        <ele>247.0</ele>
      </trkpt>
      <trkpt lat="36.56497" lon="-96.68993">
        <ele>247.2</ele>
      </trkpt>
      <trkpt lat="36.56497" lon="-96.68886">
        <ele>247.4</ele>
      </trkpt>
      <trkpt lat="36.56498" lon="-96.6878">
        <ele>248.0</ele>
      </trkpt>
      <trkpt lat="36.56499" lon="-96.68673">
        <ele>249.2</ele>
      </trkpt>
      <trkpt lat="36.565" lon="-96.68567">
        <ele>250.7</ele>
      </trkpt>
      <trkpt lat="36.565" lon="-96.6846">
        <ele>252.9</ele>
      </trkpt>
      <trkpt lat="36.56501" lon="-96.68354">
        <ele>260.8</ele>
      </trkpt>
      <trkpt lat="36.56502" lon="-96.68247">
        <ele>266.6</ele>
      </trkpt>
      <trkpt lat="36.56503" lon="-96.6814">
        <ele>272.7</ele>
      </trkpt>
      <trkpt lat="36.56503" lon="-96.68034">
        <ele>275.1</ele>
      </trkpt>
      <trkpt lat="36.56504" lon="-96.67927">
        <ele>275.9</ele>
      </trkpt>
      <trkpt lat="36.56505" lon="-96.67821">
        <ele>274.8</ele>
      </trkpt>
      <trkpt lat="36.56506" lon="-96.67714">
        <ele>267.2</ele>
      </trkpt>
      <trkpt lat="36.56503" lon="-96.67684">
        <ele>264.9</ele>
      </trkpt>
      <trkpt lat="36.56496" lon="-96.67648">
        <ele>262.2</ele>
      </trkpt>
      <trkpt lat="36.56484" lon="-96.67616">
        <ele>259.3</ele>
      </trkpt>
      <trkpt lat="36.56469" lon="-96.6759">
        <ele>258.5</ele>
      </trkpt>
      <trkpt lat="36.5645" lon="-96.67565">
        <ele>258.4</ele>
      </trkpt>
      <trkpt lat="36.56431" lon="-96.67546">
        <ele>258.8</ele>
      </trkpt>
      <trkpt lat="36.56411" lon="-96.67534">
        <ele>259.8</ele>
      </trkpt>
      <trkpt lat="36.56384" lon="-96.6752">
        <ele>261.9</ele>
      </trkpt>
      <trkpt lat="36.56359" lon="-96.67516">
        <ele>263.8</ele>
      </trkpt>
      <trkpt lat="36.56283" lon="-96.67515">
        <ele>266.7</ele>
      </trkpt>
      <trkpt lat="36.56206" lon="-96.67514">
        <ele>268.3</ele>
      </trkpt>
      <trkpt lat="36.5613" lon="-96.67513">
        <ele>270.0</ele>
      </trkpt>
      <trkpt lat="36.5613" lon="-96.67513">
        <ele>270.0</ele>
      </trkpt>
      <trkpt lat="36.56061" lon="-96.67512">
        <ele>271.1</ele>
      </trkpt>
      <trkpt lat="36.55992" lon="-96.67511">
        <ele>273.5</ele>
      </trkpt>
      <trkpt lat="36.55937" lon="-96.67512">
        <ele>274.5</ele>
      </trkpt>
      <trkpt lat="36.55882" lon="-96.67513">
        <ele>276.7</ele>
      </trkpt>
      <trkpt lat="36.55882" lon="-96.67585">
        <ele>279.3</ele>
      </trkpt>
      <trkpt lat="36.55877" lon="-96.67612">
        <ele>281.3</ele>
      </trkpt>
      <trkpt lat="36.55868" lon="-96.67634">
        <ele>282.3</ele>
      </trkpt>
      <trkpt lat="36.55821" lon="-96.67697">
        <ele>283.1</ele>
      </trkpt>
      <trkpt lat="36.55775" lon="-96.67761">
        <ele>280.3</ele>
      </trkpt>
      <trkpt lat="36.55729" lon="-96.67825">
        <ele>274.3</ele>
      </trkpt>
      <trkpt lat="36.55673" lon="-96.67879">
        <ele>271.8</ele>
      </trkpt>
      <trkpt lat="36.55618" lon="-96.67933">
        <ele>269.4</ele>
      </trkpt>
      <trkpt lat="36.55563" lon="-96.67987">
        <ele>263.8</ele>
      </trkpt>
      <trkpt lat="36.55516" lon="-96.68026">
        <ele>266.3</ele>
      </trkpt>
      <trkpt lat="36.55469" lon="-96.68065">
        <ele>269.4</ele>
      </trkpt>
      <trkpt lat="36.55469" lon="-96.68065">
        <ele>269.4</ele>
      </trkpt>
      <trkpt lat="36.5546" lon="-96.68072">
        <ele>269.6</ele>
      </trkpt>
      <trkpt lat="36.55387" lon="-96.68123">
        <ele>270.3</ele>
      </trkpt>
      <trkpt lat="36.55314" lon="-96.68174">
        <ele>269.5</ele>
      </trkpt>
      <trkpt lat="36.55247" lon="-96.68209">
        <ele>269.8</ele>
      </trkpt>
      <trkpt lat="36.55181" lon="-96.68244">
        <ele>268.9</ele>
      </trkpt>
      <trkpt lat="36.55115" lon="-96.68279">
        <ele>266.6</ele>
      </trkpt>
      <trkpt lat="36.55078" lon="-96.68295">
        <ele>264.9</ele>
      </trkpt>
      <trkpt lat="36.55057" lon="-96.68331">
        <ele>263.5</ele>
      </trkpt>
      <trkpt lat="36.55056" lon="-96.68431">
        <ele>259.9</ele>
      </trkpt>
      <trkpt lat="36.55054" lon="-96.6853">
        <ele>258.4</ele>
      </trkpt>
      <trkpt lat="36.55052" lon="-96.6863">
        <ele>256.1</ele>
      </trkpt>
      <trkpt lat="36.5505" lon="-96.68729">
        <ele>254.2</ele>
      </trkpt>
      <trkpt lat="36.55049" lon="-96.68829">
        <ele>251.5</ele>
      </trkpt>
      <trkpt lat="36.55047" lon="-96.68929">
        <ele>250.7</ele>
      </trkpt>
      <trkpt lat="36.55045" lon="-96.69028">
        <ele>248.9</ele>
      </trkpt>
      <trkpt lat="36.55044" lon="-96.69128">
        <ele>251.0</ele>
      </trkpt>
      <trkpt lat="36.55042" lon="-96.69228">
        <ele>251.0</ele>
      </trkpt>
      <trkpt lat="36.5503" lon="-96.69269">
        <ele>250.3</ele>
      </trkpt>
      <trkpt lat="36.54996" lon="-96.69289">
        <ele>250.4</ele>
      </trkpt>
      <trkpt lat="36.54931" lon="-96.69299">
        <ele>249.8</ele>
      </trkpt>
      <trkpt lat="36.54869" lon="-96.69299">
        <ele>249.9</ele>
      </trkpt>
      <trkpt lat="36.54807" lon="-96.69298">
        <ele>252.0</ele>
      </trkpt>
      <trkpt lat="36.54807" lon="-96.69298">
        <ele>252.0</ele>
      </trkpt>
      <trkpt lat="36.54725" lon="-96.69297">
        <ele>253.4</ele>
      </trkpt>
      <trkpt lat="36.54643" lon="-96.69297">
        <ele>254.8</ele>
      </trkpt>
      <trkpt lat="36.54561" lon="-96.69296">
        <ele>251.2</ele>
      </trkpt>
      <trkpt lat="36.54479" lon="-96.69295">
        <ele>251.5</ele>
      </trkpt>
      <trkpt lat="36.54397" lon="-96.69294">
        <ele>253.2</ele>
      </trkpt>
      <trkpt lat="36.54315" lon="-96.69293">
        <ele>250.9</ele>
      </trkpt>
      <trkpt lat="36.54234" lon="-96.69293">
        <ele>252.8</ele>
      </trkpt>
      <trkpt lat="36.54152" lon="-96.69292">
        <ele>254.9</ele>
      </trkpt>
      <trkpt lat="36.5407" lon="-96.69291">
        <ele>258.8</ele>
      </trkpt>
      <trkpt lat="36.53988" lon="-96.6929">
        <ele>256.4</ele>
      </trkpt>
      <trkpt lat="36.53906" lon="-96.6929">
        <ele>251.7</ele>
      </trkpt>
      <trkpt lat="36.53844" lon="-96.69317">
        <ele>251.7</ele>
      </trkpt>
      <trkpt lat="36.53786" lon="-96.69278">
        <ele>251.9</ele>
      </trkpt>
      <trkpt lat="36.53728" lon="-96.69298">
        <ele>255.6</ele>
      </trkpt>
      <trkpt lat="36.53647" lon="-96.69295">
        <ele>257.6</ele>
      </trkpt>
      <trkpt lat="36.53566" lon="-96.69292">
        <ele>263.1</ele>
      </trkpt>
      <trkpt lat="36.53485" lon="-96.69289">
        <ele>267.8</ele>
      </trkpt>
      <trkpt lat="36.534" lon="-96.69288">
        <ele>264.8</ele>
      </trkpt>
      <trkpt lat="36.53316" lon="-96.69287">
        <ele>266.6</ele>
      </trkpt>
      <trkpt lat="36.53231" lon="-96.69287">
        <ele>269.4</ele>
      </trkpt>
      <trkpt lat="36.53146" lon="-96.69286">
        <ele>267.2</ele>
      </trkpt>
      <trkpt lat="36.53061" lon="-96.69285">
        <ele>265.4</ele>
      </trkpt>
      <trkpt lat="36.52977" lon="-96.69284">
        <ele>272.8</ele>
      </trkpt>
      <trkpt lat="36.52892" lon="-96.69284">
        <ele>276.4</ele>
      </trkpt>
      <trkpt lat="36.52807" lon="-96.69283">
        <ele>276.5</ele>
      </trkpt>
      <trkpt lat="36.52807" lon="-96.69283">
        <ele>276.5</ele>
      </trkpt>
      <trkpt lat="36.52725" lon="-96.69282">
        <ele>273.8</ele>
      </trkpt>
      <trkpt lat="36.52644" lon="-96.69282">
        <ele>270.6</ele>
      </trkpt>
      <trkpt lat="36.52562" lon="-96.69281">
        <ele>267.5</ele>
      </trkpt>
      <trkpt lat="36.5248" lon="-96.6928">
        <ele>265.6</ele>
      </trkpt>
      <trkpt lat="36.52398" lon="-96.69279">
        <ele>264.5</ele>
      </trkpt>
      <trkpt lat="36.52317" lon="-96.69279">
        <ele>264.6</ele>
      </trkpt>
      <trkpt lat="36.52235" lon="-96.69278">
        <ele>265.6</ele>
      </trkpt>
      <trkpt lat="36.52153" lon="-96.69277">
        <ele>265.6</ele>
      </trkpt>
      <trkpt lat="36.52072" lon="-96.69277">
        <ele>264.0</ele>
      </trkpt>
      <trkpt lat="36.51991" lon="-96.69277">
        <ele>261.8</ele>
      </trkpt>
      <trkpt lat="36.5191" lon="-96.69277">
        <ele>261.2</ele>
      </trkpt>
      <trkpt lat="36.51829" lon="-96.69276">
        <ele>260.7</ele>
      </trkpt>
      <trkpt lat="36.51748" lon="-96.69276">
        <ele>260.2</ele>
      </trkpt>
      <trkpt lat="36.51667" lon="-96.69276">
        <ele>259.7</ele>
      </trkpt>
      <trkpt lat="36.51586" lon="-96.69275">
        <ele>258.5</ele>
      </trkpt>
      <trkpt lat="36.51505" lon="-96.69275">
        <ele>258.2</ele>
      </trkpt>
      <trkpt lat="36.51424" lon="-96.69275">
        <ele>257.0</ele>
      </trkpt>
      <trkpt lat="36.51343" lon="-96.69275">
        <ele>254.8</ele>
      </trkpt>
      <trkpt lat="36.51263" lon="-96.69274">
        <ele>253.7</ele>
      </trkpt>
      <trkpt lat="36.51184" lon="-96.69273">
        <ele>250.0</ele>
      </trkpt>
      <trkpt lat="36.51104" lon="-96.69272">
        <ele>251.6</ele>
      </trkpt>
      <trkpt lat="36.51025" lon="-96.69272">
        <ele>254.7</ele>
      </trkpt>
      <trkpt lat="36.50945" lon="-96.69271">
        <ele>255.3</ele>
      </trkpt>
      <trkpt lat="36.50866" lon="-96.6927">
        <ele>255.1</ele>
      </trkpt>
      <trkpt lat="36.50786" lon="-96.6927">
        <ele>256.0</ele>
      </trkpt>
      <trkpt lat="36.50707" lon="-96.69269">
        <ele>255.0</ele>
      </trkpt>
      <trkpt lat="36.50707" lon="-96.69371">
        <ele>257.4</ele>
      </trkpt>
      <trkpt lat="36.50706" lon="-96.69474">
        <ele>261.1</ele>
      </trkpt>
      <trkpt lat="36.50706" lon="-96.69576">
        <ele>263.6</ele>
      </trkpt>
      <trkpt lat="36.50706" lon="-96.69678">
        <ele>267.1</ele>
      </trkpt>
      <trkpt lat="36.50706" lon="-96.69678">
        <ele>267.1</ele>
      </trkpt>
      <trkpt lat="36.50706" lon="-96.69776">
        <ele>269.9</ele>
      </trkpt>
      <trkpt lat="36.50706" lon="-96.69874">
        <ele>272.5</ele>
      </trkpt>
      <trkpt lat="36.50705" lon="-96.69972">
        <ele>277.8</ele>
      </trkpt>
      <trkpt lat="36.50705" lon="-96.7007">
        <ele>280.2</ele>
      </trkpt>
      <trkpt lat="36.50705" lon="-96.70168">
        <ele>280.6</ele>
      </trkpt>
      <trkpt lat="36.50705" lon="-96.70266">
        <ele>281.0</ele>
      </trkpt>
      <trkpt lat="36.50705" lon="-96.70364">
        <ele>281.9</ele>
      </trkpt>
      <trkpt lat="36.50704" lon="-96.70462">
        <ele>281.4</ele>
      </trkpt>
      <trkpt lat="36.507" lon="-96.70492">
        <ele>281.0</ele>
      </trkpt>
      <trkpt lat="36.50696" lon="-96.70506">
        <ele>280.8</ele>
      </trkpt>
      <trkpt lat="36.50691" lon="-96.70519">
        <ele>280.8</ele>
      </trkpt>
      <trkpt lat="36.50692" lon="-96.70576">
        <ele>280.8</ele>
      </trkpt>
      <trkpt lat="36.50692" lon="-96.7062">
        <ele>281.2</ele>
      </trkpt>
      <trkpt lat="36.50691" lon="-96.70726">
        <ele>281.1</ele>
      </trkpt>
      <trkpt lat="36.5069" lon="-96.70832">
        <ele>280.7</ele>
      </trkpt>
      <trkpt lat="36.50688" lon="-96.70938">
        <ele>278.0</ele>
      </trkpt>
      <trkpt lat="36.50687" lon="-96.71044">
        <ele>273.2</ele>
      </trkpt>
      <trkpt lat="36.50686" lon="-96.7115">
        <ele>270.5</ele>
      </trkpt>
      <trkpt lat="36.50686" lon="-96.71237">
        <ele>268.0</ele>
      </trkpt>
      <trkpt lat="36.50686" lon="-96.71324">
        <ele>263.9</ele>
      </trkpt>
      <trkpt lat="36.5069" lon="-96.71419">
        <ele>258.9</ele>
      </trkpt>
      <trkpt lat="36.50695" lon="-96.71487">
        <ele>255.8</ele>
      </trkpt>
      <trkpt lat="36.50702" lon="-96.71557">
        <ele>252.4</ele>
      </trkpt>
      <trkpt lat="36.50711" lon="-96.71618">
        <ele>249.9</ele>
      </trkpt>
      <trkpt lat="36.50719" lon="-96.71679">
        <ele>248.3</ele>
      </trkpt>
      <trkpt lat="36.50729" lon="-96.71744">
        <ele>246.9</ele>
      </trkpt>
      <trkpt lat="36.5074" lon="-96.71801">
        <ele>245.1</ele>
      </trkpt>
      <trkpt lat="36.50752" lon="-96.71857">
        <ele>242.6</ele>
      </trkpt>
      <trkpt lat="36.50762" lon="-96.71903">
        <ele>242.1</ele>
      </trkpt>
      <trkpt lat="36.50786" lon="-96.71985">
        <ele>247.3</ele>
      </trkpt>
      <trkpt lat="36.50759" lon="-96.72001">
        <ele>247.1</ele>
      </trkpt>
      <trkpt lat="36.50742" lon="-96.72012">
        <ele>247.2</ele>
      </trkpt>
      <trkpt lat="36.50724" lon="-96.72025">
        <ele>247.4</ele>
      </trkpt>
      <trkpt lat="36.50701" lon="-96.72043">
        <ele>247.9</ele>
      </trkpt>
      <trkpt lat="36.50683" lon="-96.72061">
        <ele>248.2</ele>
      </trkpt>
      <trkpt lat="36.5066" lon="-96.72085">
        <ele>248.8</ele>
      </trkpt>
      <trkpt lat="36.50641" lon="-96.7211">
        <ele>249.2</ele>
      </trkpt>
      <trkpt lat="36.50633" lon="-96.72121">
        <ele>249.0</ele>
      </trkpt>
      <trkpt lat="36.50618" lon="-96.72143">
        <ele>248.6</ele>
      </trkpt>
      <trkpt lat="36.50598" lon="-96.72176">
        <ele>247.0</ele>
      </trkpt>
      <trkpt lat="36.50581" lon="-96.72211">
        <ele>245.6</ele>
      </trkpt>
      <trkpt lat="36.50561" lon="-96.72261">
        <ele>244.8</ele>
      </trkpt>
      <trkpt lat="36.50561" lon="-96.72261">
        <ele>244.8</ele>
      </trkpt>
      <trkpt lat="36.5055" lon="-96.72295">
        <ele>244.8</ele>
      </trkpt>
      <trkpt lat="36.50535" lon="-96.72346">
        <ele>245.2</ele>
      </trkpt>
      <trkpt lat="36.5051" lon="-96.72432">
        <ele>245.9</ele>
      </trkpt>
      <trkpt lat="36.50484" lon="-96.72519">
        <ele>246.7</ele>
      </trkpt>
      <trkpt lat="36.50459" lon="-96.72606">
        <ele>247.4</ele>
      </trkpt>
      <trkpt lat="36.50434" lon="-96.72692">
        <ele>248.2</ele>
      </trkpt>
      <trkpt lat="36.50408" lon="-96.72779">
        <ele>248.9</ele>
      </trkpt>
      <trkpt lat="36.50402" lon="-96.72803">
        <ele>249.2</ele>
      </trkpt>
      <trkpt lat="36.50398" lon="-96.72827">
        <ele>249.4</ele>
      </trkpt>
      <trkpt lat="36.50395" lon="-96.72851">
        <ele>249.6</ele>
      </trkpt>
      <trkpt lat="36.50345" lon="-96.72846">
        <ele>249.2</ele>
      </trkpt>
      <trkpt lat="36.50309" lon="-96.72837">
        <ele>251.0</ele>
      </trkpt>
      <trkpt lat="36.50269" lon="-96.72837">
        <ele>253.3</ele>
      </trkpt>
      <trkpt lat="36.50198" lon="-96.72836">
        <ele>254.5</ele>
      </trkpt>
      <trkpt lat="36.50127" lon="-96.72835">
        <ele>255.1</ele>
      </trkpt>
      <trkpt lat="36.50057" lon="-96.72834">
        <ele>255.3</ele>
      </trkpt>
      <trkpt lat="36.49986" lon="-96.72833">
        <ele>255.5</ele>
      </trkpt>
      <trkpt lat="36.49911" lon="-96.72834">
        <ele>255.8</ele>
      </trkpt>
      <trkpt lat="36.49835" lon="-96.72835">
        <ele>256.3</ele>
      </trkpt>
      <trkpt lat="36.49759" lon="-96.72836">
        <ele>256.4</ele>
      </trkpt>
      <trkpt lat="36.49683" lon="-96.72837">
        <ele>256.1</ele>
      </trkpt>
      <trkpt lat="36.49608" lon="-96.72838">
        <ele>255.0</ele>
      </trkpt>
      <trkpt lat="36.49532" lon="-96.72839">
        <ele>254.6</ele>
      </trkpt>
      <trkpt lat="36.49532" lon="-96.72839">
        <ele>254.6</ele>
      </trkpt>
      <trkpt lat="36.49452" lon="-96.72839">
        <ele>254.7</ele>
      </trkpt>
      <trkpt lat="36.49371" lon="-96.7284">
        <ele>254.9</ele>
      </trkpt>
      <trkpt lat="36.49315" lon="-96.7284">
        <ele>254.1</ele>
      </trkpt>
      <trkpt lat="36.49259" lon="-96.72841">
        <ele>253.0</ele>
      </trkpt>
      <trkpt lat="36.49175" lon="-96.7284">
        <ele>253.0</ele>
      </trkpt>
      <trkpt lat="36.49092" lon="-96.72839">
        <ele>253.0</ele>
      </trkpt>
      <trkpt lat="36.49009" lon="-96.72839">
        <ele>252.7</ele>
      </trkpt>
      <trkpt lat="36.48925" lon="-96.72838">
        <ele>252.8</ele>
      </trkpt>
      <trkpt lat="36.48842" lon="-96.72837">
        <ele>255.1</ele>
      </trkpt>
      <trkpt lat="36.48759" lon="-96.72837">
        <ele>256.0</ele>
      </trkpt>
      <trkpt lat="36.48675" lon="-96.72836">
        <ele>256.2</ele>
      </trkpt>
      <trkpt lat="36.48589" lon="-96.72836">
        <ele>256.3</ele>
      </trkpt>
      <trkpt lat="36.48504" lon="-96.72836">
        <ele>257.4</ele>
      </trkpt>
      <trkpt lat="36.48418" lon="-96.72836">
        <ele>259.0</ele>
      </trkpt>
      <trkpt lat="36.48332" lon="-96.72836">
        <ele>260.7</ele>
      </trkpt>
      <trkpt lat="36.48246" lon="-96.72836">
        <ele>260.7</ele>
      </trkpt>
      <trkpt lat="36.48161" lon="-96.72836">
        <ele>261.4</ele>
      </trkpt>
      <trkpt lat="36.48075" lon="-96.72836">
        <ele>263.3</ele>
      </trkpt>
      <trkpt lat="36.47989" lon="-96.72836">
        <ele>263.7</ele>
      </trkpt>
      <trkpt lat="36.47903" lon="-96.72836">
        <ele>264.1</ele>
      </trkpt>
      <trkpt lat="36.47818" lon="-96.72836">
        <ele>264.0</ele>
      </trkpt>
      <trkpt lat="36.4773" lon="-96.72836">
        <ele>266.5</ele>
      </trkpt>
      <trkpt lat="36.47643" lon="-96.72836">
        <ele>266.6</ele>
      </trkpt>
      <trkpt lat="36.47556" lon="-96.72837">
        <ele>263.5</ele>
      </trkpt>
      <trkpt lat="36.47468" lon="-96.72837">
        <ele>260.2</ele>
      </trkpt>
      <trkpt lat="36.47381" lon="-96.72837">
        <ele>258.0</ele>
      </trkpt>
      <trkpt lat="36.47294" lon="-96.72838">
        <ele>255.9</ele>
      </trkpt>
      <trkpt lat="36.47207" lon="-96.72838">
        <ele>253.6</ele>
      </trkpt>
      <trkpt lat="36.47119" lon="-96.72839">
        <ele>253.3</ele>
      </trkpt>
      <trkpt lat="36.47032" lon="-96.72839">
        <ele>255.7</ele>
      </trkpt>
      <trkpt lat="36.46945" lon="-96.72839">
        <ele>258.4</ele>
      </trkpt>
      <trkpt lat="36.46858" lon="-96.7284">
        <ele>258.3</ele>
      </trkpt>
      <trkpt lat="36.4677" lon="-96.7284">
        <ele>256.6</ele>
      </trkpt>
      <trkpt lat="36.46683" lon="-96.72841">
        <ele>254.3</ele>
      </trkpt>
      <trkpt lat="36.46596" lon="-96.72841">
        <ele>252.1</ele>
      </trkpt>
      <trkpt lat="36.46509" lon="-96.72841">
        <ele>250.9</ele>
      </trkpt>
      <trkpt lat="36.46421" lon="-96.72842">
        <ele>250.7</ele>
      </trkpt>
      <trkpt lat="36.46334" lon="-96.72842">
        <ele>250.1</ele>
      </trkpt>
      <trkpt lat="36.46247" lon="-96.72842">
        <ele>247.0</ele>
      </trkpt>
      <trkpt lat="36.4616" lon="-96.72843">
        <ele>251.4</ele>
      </trkpt>
      <trkpt lat="36.46072" lon="-96.72843">
        <ele>254.9</ele>
      </trkpt>
      <trkpt lat="36.45985" lon="-96.72844">
        <ele>255.7</ele>
      </trkpt>
      <trkpt lat="36.45898" lon="-96.72844">
        <ele>254.8</ele>
      </trkpt>
      <trkpt lat="36.45811" lon="-96.72844">
        <ele>253.9</ele>
      </trkpt>
      <trkpt lat="36.45723" lon="-96.72845">
        <ele>253.5</ele>
      </trkpt>
      <trkpt lat="36.45636" lon="-96.72845">
        <ele>253.5</ele>
      </trkpt>
      <trkpt lat="36.45591" lon="-96.72848">
        <ele>253.6</ele>
      </trkpt>
      <trkpt lat="36.45507" lon="-96.72848">
        <ele>253.1</ele>
      </trkpt>
      <trkpt lat="36.45423" lon="-96.72848">
        <ele>252.2</ele>
      </trkpt>
      <trkpt lat="36.45339" lon="-96.72848">
        <ele>250.9</ele>
      </trkpt>
      <trkpt lat="36.45256" lon="-96.72848">
        <ele>249.5</ele>
      </trkpt>
      <trkpt lat="36.45172" lon="-96.72848">
        <ele>247.8</ele>
      </trkpt>
      <trkpt lat="36.45088" lon="-96.72848">
        <ele>245.8</ele>
      </trkpt>
      <trkpt lat="36.45004" lon="-96.72848">
        <ele>242.1</ele>
      </trkpt>
      <trkpt lat="36.4492" lon="-96.72848">
        <ele>241.4</ele>
      </trkpt>
      <trkpt lat="36.44921" lon="-96.72893">
        <ele>238.3</ele>
      </trkpt>
      <trkpt lat="36.44921" lon="-96.73002">
        <ele>241.9</ele>
      </trkpt>
      <trkpt lat="36.44921" lon="-96.73111">
        <ele>241.1</ele>
      </trkpt>
      <trkpt lat="36.44921" lon="-96.7322">
        <ele>241.4</ele>
      </trkpt>
      <trkpt lat="36.44921" lon="-96.73329">
        <ele>242.3</ele>
      </trkpt>
      <trkpt lat="36.44921" lon="-96.73438">
        <ele>243.8</ele>
      </trkpt>
      <trkpt lat="36.44921" lon="-96.73547">
        <ele>244.8</ele>
      </trkpt>
      <trkpt lat="36.44921" lon="-96.73656">
        <ele>246.8</ele>
      </trkpt>
      <trkpt lat="36.44921" lon="-96.73765">
        <ele>247.7</ele>
      </trkpt>
      <trkpt lat="36.44921" lon="-96.73875">
        <ele>248.7</ele>
      </trkpt>
      <trkpt lat="36.44921" lon="-96.73875">
        <ele>248.7</ele>
      </trkpt>
      <trkpt lat="36.44921" lon="-96.7398">
        <ele>248.0</ele>
      </trkpt>
      <trkpt lat="36.44921" lon="-96.74085">
        <ele>246.9</ele>
      </trkpt>
      <trkpt lat="36.44921" lon="-96.7419">
        <ele>248.2</ele>
      </trkpt>
      <trkpt lat="36.44921" lon="-96.74295">
        <ele>249.7</ele>
      </trkpt>
      <trkpt lat="36.44921" lon="-96.74401">
        <ele>250.9</ele>
      </trkpt>
      <trkpt lat="36.44921" lon="-96.74506">
        <ele>250.1</ele>
      </trkpt>
      <trkpt lat="36.44921" lon="-96.74611">
        <ele>250.3</ele>
      </trkpt>
      <trkpt lat="36.44921" lon="-96.74716">
        <ele>254.2</ele>
      </trkpt>
      <trkpt lat="36.44921" lon="-96.74821">
        <ele>255.2</ele>
      </trkpt>
      <trkpt lat="36.44921" lon="-96.74926">
        <ele>257.5</ele>
      </trkpt>
      <trkpt lat="36.44921" lon="-96.75031">
        <ele>258.8</ele>
      </trkpt>
      <trkpt lat="36.44922" lon="-96.75121">
        <ele>256.2</ele>
      </trkpt>
      <trkpt lat="36.44923" lon="-96.75212">
        <ele>254.8</ele>
      </trkpt>
      <trkpt lat="36.44923" lon="-96.75302">
        <ele>251.0</ele>
      </trkpt>
      <trkpt lat="36.44924" lon="-96.75392">
        <ele>250.0</ele>
      </trkpt>
      <trkpt lat="36.44925" lon="-96.75482">
        <ele>249.2</ele>
      </trkpt>
      <trkpt lat="36.44934" lon="-96.75593">
        <ele>248.3</ele>
      </trkpt>
      <trkpt lat="36.44943" lon="-96.75703">
        <ele>251.1</ele>
      </trkpt>
      <trkpt lat="36.44952" lon="-96.75814">
        <ele>253.1</ele>
      </trkpt>
      <trkpt lat="36.44962" lon="-96.75924">
        <ele>256.1</ele>
      </trkpt>
      <trkpt lat="36.44958" lon="-96.75995">
        <ele>251.8</ele>
      </trkpt>
      <trkpt lat="36.44955" lon="-96.76066">
        <ele>257.5</ele>
      </trkpt>
      <trkpt lat="36.44941" lon="-96.76121">
        <ele>261.9</ele>
      </trkpt>
      <trkpt lat="36.44927" lon="-96.76176">
        <ele>265.2</ele>
      </trkpt>
      <trkpt lat="36.44927" lon="-96.7626">
        <ele>268.2</ele>
      </trkpt>
      <trkpt lat="36.44926" lon="-96.76344">
        <ele>266.2</ele>
      </trkpt>
      <trkpt lat="36.44925" lon="-96.76428">
        <ele>265.6</ele>
      </trkpt>
      <trkpt lat="36.44846" lon="-96.76429">
        <ele>264.3</ele>
      </trkpt>
      <trkpt lat="36.44767" lon="-96.7643">
        <ele>262.7</ele>
      </trkpt>
      <trkpt lat="36.44688" lon="-96.76431">
        <ele>261.9</ele>
      </trkpt>
      <trkpt lat="36.44609" lon="-96.76431">
        <ele>260.7</ele>
      </trkpt>
      <trkpt lat="36.4453" lon="-96.76432">
        <ele>258.0</ele>
      </trkpt>
      <trkpt lat="36.44451" lon="-96.76433">
        <ele>253.5</ele>
      </trkpt>
      <trkpt lat="36.44372" lon="-96.76434">
        <ele>247.3</ele>
      </trkpt>
      <trkpt lat="36.44294" lon="-96.76434">
        <ele>252.4</ele>
      </trkpt>
      <trkpt lat="36.44264" lon="-96.76423">
        <ele>253.6</ele>
      </trkpt>
      <trkpt lat="36.44182" lon="-96.76425">
        <ele>254.1</ele>
      </trkpt>
      <trkpt lat="36.441" lon="-96.76427">
        <ele>261.3</ele>
      </trkpt>
      <trkpt lat="36.441" lon="-96.76427">
        <ele>261.3</ele>
      </trkpt>
      <trkpt lat="36.44044" lon="-96.76429">
        <ele>263.4</ele>
      </trkpt>
      <trkpt lat="36.43958" lon="-96.76428">
        <ele>266.1</ele>
      </trkpt>
      <trkpt lat="36.43872" lon="-96.76428">
        <ele>262.7</ele>
      </trkpt>
      <trkpt lat="36.43786" lon="-96.76427">
        <ele>255.1</ele>
      </trkpt>
      <trkpt lat="36.437" lon="-96.76427">
        <ele>265.3</ele>
      </trkpt>
      <trkpt lat="36.43614" lon="-96.76426">
        <ele>268.4</ele>
      </trkpt>
      <trkpt lat="36.43528" lon="-96.76426">
        <ele>270.0</ele>
      </trkpt>
      <trkpt lat="36.43442" lon="-96.76425">
        <ele>271.6</ele>
      </trkpt>
      <trkpt lat="36.43356" lon="-96.76425">
        <ele>274.1</ele>
      </trkpt>
      <trkpt lat="36.4327" lon="-96.76424">
        <ele>271.8</ele>
      </trkpt>
      <trkpt lat="36.43183" lon="-96.76424">
        <ele>271.3</ele>
      </trkpt>
      <trkpt lat="36.43097" lon="-96.76423">
        <ele>277.0</ele>
      </trkpt>
      <trkpt lat="36.43011" lon="-96.76423">
        <ele>273.7</ele>
      </trkpt>
      <trkpt lat="36.42925" lon="-96.76422">
        <ele>273.0</ele>
      </trkpt>
      <trkpt lat="36.42839" lon="-96.76422">
        <ele>270.2</ele>
      </trkpt>
      <trkpt lat="36.42753" lon="-96.76421">
        <ele>273.9</ele>
      </trkpt>
      <trkpt lat="36.42673" lon="-96.76421">
        <ele>278.1</ele>
      </trkpt>
      <trkpt lat="36.42592" lon="-96.76421">
        <ele>280.2</ele>
      </trkpt>
      <trkpt lat="36.42512" lon="-96.76421">
        <ele>282.6</ele>
      </trkpt>
      <trkpt lat="36.42432" lon="-96.7642">
        <ele>283.5</ele>
      </trkpt>
      <trkpt lat="36.42351" lon="-96.7642">
        <ele>285.7</ele>
      </trkpt>
      <trkpt lat="36.42271" lon="-96.7642">
        <ele>286.1</ele>
      </trkpt>
      <trkpt lat="36.42191" lon="-96.76419">
        <ele>282.3</ele>
      </trkpt>
      <trkpt lat="36.4211" lon="-96.76419">
        <ele>281.8</ele>
      </trkpt>
      <trkpt lat="36.4203" lon="-96.76419">
        <ele>283.9</ele>
      </trkpt>
      <trkpt lat="36.41943" lon="-96.76419">
        <ele>288.1</ele>
      </trkpt>
      <trkpt lat="36.41856" lon="-96.7642">
        <ele>292.4</ele>
      </trkpt>
      <trkpt lat="36.41769" lon="-96.76421">
        <ele>296.5</ele>
      </trkpt>
      <trkpt lat="36.41682" lon="-96.76421">
        <ele>298.6</ele>
      </trkpt>
      <trkpt lat="36.41595" lon="-96.76422">
        <ele>301.2</ele>
      </trkpt>
      <trkpt lat="36.41508" lon="-96.76422">
        <ele>300.9</ele>
      </trkpt>
      <trkpt lat="36.41421" lon="-96.76423">
        <ele>298.8</ele>
      </trkpt>
      <trkpt lat="36.41334" lon="-96.76424">
        <ele>295.6</ele>
      </trkpt>
      <trkpt lat="36.41247" lon="-96.76424">
        <ele>293.6</ele>
      </trkpt>
      <trkpt lat="36.4116" lon="-96.76425">
        <ele>295.4</ele>
      </trkpt>
      <trkpt lat="36.41073" lon="-96.76425">
        <ele>296.5</ele>
      </trkpt>
      <trkpt lat="36.40986" lon="-96.76426">
        <ele>295.3</ele>
      </trkpt>
      <trkpt lat="36.40899" lon="-96.76427">
        <ele>298.2</ele>
      </trkpt>
      <trkpt lat="36.40812" lon="-96.76427">
        <ele>301.5</ele>
      </trkpt>
      <trkpt lat="36.40725" lon="-96.76428">
        <ele>308.1</ele>
      </trkpt>
      <trkpt lat="36.40638" lon="-96.76428">
        <ele>313.6</ele>
      </trkpt>
      <trkpt lat="36.40581" lon="-96.7642">
        <ele>307.6</ele>
      </trkpt>
      <trkpt lat="36.40504" lon="-96.76424">
        <ele>302.1</ele>
      </trkpt>
      <trkpt lat="36.40427" lon="-96.76429">
        <ele>299.5</ele>
      </trkpt>
      <trkpt lat="36.4035" lon="-96.76434">
        <ele>298.2</ele>
      </trkpt>
      <trkpt lat="36.40261" lon="-96.76434">
        <ele>296.3</ele>
      </trkpt>
      <trkpt lat="36.40173" lon="-96.76435">
        <ele>295.4</ele>
      </trkpt>
      <trkpt lat="36.40084" lon="-96.76435">
        <ele>294.9</ele>
      </trkpt>
      <trkpt lat="36.39996" lon="-96.76436">
        <ele>296.7</ele>
      </trkpt>
      <trkpt lat="36.39908" lon="-96.76437">
        <ele>295.5</ele>
      </trkpt>
      <trkpt lat="36.39819" lon="-96.76437">
        <ele>291.8</ele>
      </trkpt>
      <trkpt lat="36.39731" lon="-96.76438">
        <ele>292.3</ele>
      </trkpt>
      <trkpt lat="36.39642" lon="-96.76438">
        <ele>293.8</ele>
      </trkpt>
      <trkpt lat="36.39554" lon="-96.76439">
        <ele>292.2</ele>
      </trkpt>
      <trkpt lat="36.39465" lon="-96.7644">
        <ele>289.5</ele>
      </trkpt>
      <trkpt lat="36.39377" lon="-96.7644">
        <ele>287.3</ele>
      </trkpt>
      <trkpt lat="36.39288" lon="-96.76441">
        <ele>286.5</ele>
      </trkpt>
      <trkpt lat="36.39207" lon="-96.76435">
        <ele>287.5</ele>
      </trkpt>
      <trkpt lat="36.39126" lon="-96.76429">
        <ele>289.9</ele>
      </trkpt>
      <trkpt lat="36.39043" lon="-96.7643">
        <ele>292.0</ele>
      </trkpt>
      <trkpt lat="36.3896" lon="-96.76431">
        <ele>293.3</ele>
      </trkpt>
      <trkpt lat="36.38877" lon="-96.76431">
        <ele>293.3</ele>
      </trkpt>
      <trkpt lat="36.38794" lon="-96.76432">
        <ele>294.7</ele>
      </trkpt>
      <trkpt lat="36.38711" lon="-96.76433">
        <ele>296.2</ele>
      </trkpt>
      <trkpt lat="36.38711" lon="-96.76433">
        <ele>296.2</ele>
      </trkpt>
      <trkpt lat="36.38625" lon="-96.76433">
        <ele>296.0</ele>
      </trkpt>
      <trkpt lat="36.3854" lon="-96.76434">
        <ele>296.3</ele>
      </trkpt>
      <trkpt lat="36.38454" lon="-96.76435">
        <ele>296.6</ele>
      </trkpt>
      <trkpt lat="36.38369" lon="-96.76436">
        <ele>297.5</ele>
      </trkpt>
      <trkpt lat="36.38283" lon="-96.76436">
        <ele>296.8</ele>
      </trkpt>
      <trkpt lat="36.38197" lon="-96.76437">
        <ele>295.4</ele>
      </trkpt>
      <trkpt lat="36.38112" lon="-96.76438">
        <ele>294.3</ele>
      </trkpt>
      <trkpt lat="36.38026" lon="-96.76439">
        <ele>293.0</ele>
      </trkpt>
      <trkpt lat="36.37941" lon="-96.76439">
        <ele>290.4</ele>
      </trkpt>
      <trkpt lat="36.37855" lon="-96.7644">
        <ele>288.6</ele>
      </trkpt>
      <trkpt lat="36.37769" lon="-96.76441">
        <ele>290.0</ele>
      </trkpt>
      <trkpt lat="36.37684" lon="-96.76441">
        <ele>289.1</ele>
      </trkpt>
      <trkpt lat="36.37684" lon="-96.76546">
        <ele>286.9</ele>
      </trkpt>
      <trkpt lat="36.37684" lon="-96.76651">
        <ele>283.9</ele>
      </trkpt>
      <trkpt lat="36.37684" lon="-96.76755">
        <ele>282.1</ele>
      </trkpt>
      <trkpt lat="36.37684" lon="-96.7686">
        <ele>280.6</ele>
      </trkpt>
      <trkpt lat="36.37685" lon="-96.76965">
        <ele>279.7</ele>
      </trkpt>
      <trkpt lat="36.37685" lon="-96.76965">
        <ele>279.7</ele>
      </trkpt>
      <trkpt lat="36.37685" lon="-96.77055">
        <ele>277.8</ele>
      </trkpt>
      <trkpt lat="36.37684" lon="-96.77162">
        <ele>277.4</ele>
      </trkpt>
      <trkpt lat="36.37682" lon="-96.77268">
        <ele>278.3</ele>
      </trkpt>
      <trkpt lat="36.37681" lon="-96.77375">
        <ele>279.6</ele>
      </trkpt>
      <trkpt lat="36.3768" lon="-96.77482">
        <ele>281.3</ele>
      </trkpt>
      <trkpt lat="36.37679" lon="-96.77588">
        <ele>279.0</ele>
      </trkpt>
      <trkpt lat="36.37678" lon="-96.77695">
        <ele>279.1</ele>
      </trkpt>
      <trkpt lat="36.37677" lon="-96.77802">
        <ele>279.0</ele>
      </trkpt>
      <trkpt lat="36.37676" lon="-96.77909">
        <ele>283.3</ele>
      </trkpt>
      <trkpt lat="36.37675" lon="-96.78015">
        <ele>288.2</ele>
      </trkpt>
      <trkpt lat="36.37674" lon="-96.78122">
        <ele>292.4</ele>
      </trkpt>
      <trkpt lat="36.37673" lon="-96.78229">
        <ele>289.1</ele>
      </trkpt>
      <trkpt lat="36.37592" lon="-96.78229">
        <ele>286.3</ele>
      </trkpt>
      <trkpt lat="36.37512" lon="-96.7823">
        <ele>283.4</ele>
      </trkpt>
      <trkpt lat="36.37431" lon="-96.78231">
        <ele>283.0</ele>
      </trkpt>
      <trkpt lat="36.3735" lon="-96.78231">
        <ele>283.3</ele>
      </trkpt>
      <trkpt lat="36.37269" lon="-96.78232">
        <ele>285.7</ele>
      </trkpt>
      <trkpt lat="36.37189" lon="-96.78233">
        <ele>284.3</ele>
      </trkpt>
      <trkpt lat="36.37116" lon="-96.78232">
        <ele>281.7</ele>
      </trkpt>
      <trkpt lat="36.37043" lon="-96.78232">
        <ele>278.1</ele>
      </trkpt>
      <trkpt lat="36.36971" lon="-96.78232">
        <ele>281.9</ele>
      </trkpt>
      <trkpt lat="36.36898" lon="-96.78232">
        <ele>286.2</ele>
      </trkpt>
      <trkpt lat="36.36898" lon="-96.78232">
        <ele>286.2</ele>
      </trkpt>
      <trkpt lat="36.36813" lon="-96.78232">
        <ele>289.3</ele>
      </trkpt>
      <trkpt lat="36.36728" lon="-96.78232">
        <ele>288.6</ele>
      </trkpt>
      <trkpt lat="36.36644" lon="-96.78232">
        <ele>287.5</ele>
      </trkpt>
      <trkpt lat="36.36559" lon="-96.78232">
        <ele>284.3</ele>
      </trkpt>
      <trkpt lat="36.36474" lon="-96.78232">
        <ele>280.2</ele>
      </trkpt>
      <trkpt lat="36.36389" lon="-96.78232">
        <ele>277.3</ele>
      </trkpt>
      <trkpt lat="36.36304" lon="-96.78232">
        <ele>275.1</ele>
      </trkpt>
      <trkpt lat="36.3622" lon="-96.78232">
        <ele>273.4</ele>
      </trkpt>
      <trkpt lat="36.36131" lon="-96.7823">
        <ele>272.0</ele>
      </trkpt>
      <trkpt lat="36.36041" lon="-96.78229">
        <ele>270.8</ele>
      </trkpt>
      <trkpt lat="36.35952" lon="-96.78228">
        <ele>270.1</ele>
      </trkpt>
      <trkpt lat="36.35863" lon="-96.78227">
        <ele>271.3</ele>
      </trkpt>
      <trkpt lat="36.35774" lon="-96.78226">
        <ele>271.7</ele>
      </trkpt>
      <trkpt lat="36.35685" lon="-96.78225">
        <ele>270.5</ele>
      </trkpt>
      <trkpt lat="36.35596" lon="-96.78223">
        <ele>269.1</ele>
      </trkpt>
      <trkpt lat="36.35507" lon="-96.78222">
        <ele>268.0</ele>
      </trkpt>
      <trkpt lat="36.35433" lon="-96.78223">
        <ele>267.5</ele>
      </trkpt>
      <trkpt lat="36.35359" lon="-96.78223">
        <ele>266.6</ele>
      </trkpt>
      <trkpt lat="36.35285" lon="-96.78223">
        <ele>265.7</ele>
      </trkpt>
      <trkpt lat="36.35211" lon="-96.78223">
        <ele>264.6</ele>
      </trkpt>
      <trkpt lat="36.35137" lon="-96.78224">
        <ele>261.4</ele>
      </trkpt>
      <trkpt lat="36.35137" lon="-96.78224">
        <ele>261.4</ele>
      </trkpt>
      <trkpt lat="36.35137" lon="-96.78224">
        <ele>261.4</ele>
      </trkpt>
      <trkpt lat="36.350423" lon="-96.78224">
        <ele>262.9</ele>
      </trkpt>
      <trkpt lat="36.349475" lon="-96.782241">
        <ele>263.0</ele>
      </trkpt>
      <trkpt lat="36.348528" lon="-96.782241">
        <ele>263.2</ele>
      </trkpt>
      <trkpt lat="36.34809" lon="-96.78225">
        <ele>263.2</ele>
      </trkpt>
      <trkpt lat="36.34786" lon="-96.78231">
        <ele>262.9</ele>
      </trkpt>
      <trkpt lat="36.34786" lon="-96.7829">
        <ele>260.6</ele>
      </trkpt>
      <trkpt lat="36.34786" lon="-96.7829">
        <ele>260.6</ele>
      </trkpt>
      <trkpt lat="36.34786" lon="-96.78376">
        <ele>257.4</ele>
      </trkpt>
      <trkpt lat="36.34783" lon="-96.78461">
        <ele>261.9</ele>
      </trkpt>
      <trkpt lat="36.34781" lon="-96.78547">
        <ele>263.2</ele>
      </trkpt>
      <trkpt lat="36.34779" lon="-96.78633">
        <ele>262.0</ele>
      </trkpt>
      <trkpt lat="36.34781" lon="-96.78729">
        <ele>259.2</ele>
      </trkpt>
      <trkpt lat="36.34784" lon="-96.78825">
        <ele>256.9</ele>
      </trkpt>
      <trkpt lat="36.34711" lon="-96.78851">
        <ele>256.5</ele>
      </trkpt>
      <trkpt lat="36.34691" lon="-96.7886">
        <ele>256.4</ele>
      </trkpt>
      <trkpt lat="36.34691" lon="-96.7886">
        <ele>256.4</ele>
      </trkpt>
      <trkpt lat="36.3463" lon="-96.78888">
        <ele>255.5</ele>
      </trkpt>
      <trkpt lat="36.3457" lon="-96.78917">
        <ele>254.0</ele>
      </trkpt>
      <trkpt lat="36.34492" lon="-96.78955">
        <ele>254.0</ele>
      </trkpt>
      <trkpt lat="36.34435" lon="-96.78982">
        <ele>255.7</ele>
      </trkpt>
      <trkpt lat="36.34379" lon="-96.79009">
        <ele>256.2</ele>
      </trkpt>
      <trkpt lat="36.34312" lon="-96.79052">
        <ele>256.9</ele>
      </trkpt>
      <trkpt lat="36.34245" lon="-96.79094">
        <ele>257.0</ele>
      </trkpt>
      <trkpt lat="36.34245" lon="-96.79094">
        <ele>257.0</ele>
      </trkpt>
      <trkpt lat="36.34185" lon="-96.79132">
        <ele>257.0</ele>
      </trkpt>
      <trkpt lat="36.34125" lon="-96.7917">
        <ele>256.7</ele>
      </trkpt>
      <trkpt lat="36.34065" lon="-96.79208">
        <ele>256.4</ele>
      </trkpt>
      <trkpt lat="36.34012" lon="-96.79243">
        <ele>255.5</ele>
      </trkpt>
      <trkpt lat="36.33959" lon="-96.79278">
        <ele>255.2</ele>
      </trkpt>
      <trkpt lat="36.33906" lon="-96.79314">
        <ele>254.8</ele>
      </trkpt>
      <trkpt lat="36.33906" lon="-96.79314">
        <ele>254.8</ele>
      </trkpt>
      <trkpt lat="36.33872" lon="-96.79336">
        <ele>254.5</ele>
      </trkpt>
      <trkpt lat="36.33805" lon="-96.79376">
        <ele>253.9</ele>
      </trkpt>
      <trkpt lat="36.33804" lon="-96.79432">
        <ele>252.8</ele>
      </trkpt>
      <trkpt lat="36.33803" lon="-96.79489">
        <ele>251.8</ele>
      </trkpt>
      <trkpt lat="36.33803" lon="-96.79489">
        <ele>251.8</ele>
      </trkpt>
      <trkpt lat="36.33802" lon="-96.79564">
        <ele>251.4</ele>
      </trkpt>
      <trkpt lat="36.33801" lon="-96.79658">
        <ele>251.0</ele>
      </trkpt>
      <trkpt lat="36.338" lon="-96.79768">
        <ele>250.5</ele>
      </trkpt>
      <trkpt lat="36.338" lon="-96.79879">
        <ele>251.4</ele>
      </trkpt>
      <trkpt lat="36.33799" lon="-96.79989">
        <ele>252.8</ele>
      </trkpt>
      <trkpt lat="36.33799" lon="-96.80074">
        <ele>255.1</ele>
      </trkpt>
      <trkpt lat="36.33781" lon="-96.80074">
        <ele>255.0</ele>
      </trkpt>
      <trkpt lat="36.33769" lon="-96.80073">
        <ele>254.9</ele>
      </trkpt>
      <trkpt lat="36.33724" lon="-96.80073">
        <ele>255.6</ele>
      </trkpt>
      <trkpt lat="36.33679" lon="-96.80073">
        <ele>258.2</ele>
      </trkpt>
      <trkpt lat="36.33621" lon="-96.80071">
        <ele>263.8</ele>
      </trkpt>
      <trkpt lat="36.33563" lon="-96.8007">
        <ele>264.5</ele>
      </trkpt>
      <trkpt lat="36.33506" lon="-96.80069">
        <ele>264.8</ele>
      </trkpt>
      <trkpt lat="36.33448" lon="-96.80069">
        <ele>267.4</ele>
      </trkpt>
      <trkpt lat="36.3339" lon="-96.80065">
        <ele>272.2</ele>
      </trkpt>
      <trkpt lat="36.33332" lon="-96.80062">
        <ele>276.6</ele>
      </trkpt>
      <trkpt lat="36.33332" lon="-96.8009">
        <ele>276.9</ele>
      </trkpt>
      <trkpt lat="36.33259" lon="-96.80088">
        <ele>288.0</ele>
      </trkpt>
      <trkpt lat="36.33187" lon="-96.80086">
        <ele>295.2</ele>
      </trkpt>
      <trkpt lat="36.33114" lon="-96.80085">
        <ele>295.2</ele>
      </trkpt>
      <trkpt lat="36.33042" lon="-96.80083">
        <ele>294.9</ele>
      </trkpt>
      <trkpt lat="36.32969" lon="-96.80082">
        <ele>296.3</ele>
      </trkpt>
      <trkpt lat="36.3297" lon="-96.8002">
        <ele>298.3</ele>
      </trkpt>
      <trkpt lat="36.32888" lon="-96.8002">
        <ele>297.4</ele>
      </trkpt>
      <trkpt lat="36.32806" lon="-96.80019">
        <ele>297.2</ele>
      </trkpt>
      <trkpt lat="36.32723" lon="-96.80019">
        <ele>297.2</ele>
      </trkpt>
      <trkpt lat="36.32641" lon="-96.80019">
        <ele>295.7</ele>
      </trkpt>
      <trkpt lat="36.32559" lon="-96.80019">
        <ele>294.4</ele>
      </trkpt>
      <trkpt lat="36.32477" lon="-96.80019">
        <ele>296.7</ele>
      </trkpt>
      <trkpt lat="36.32395" lon="-96.80019">
        <ele>298.4</ele>
      </trkpt>
      <trkpt lat="36.32313" lon="-96.80019">
        <ele>298.3</ele>
      </trkpt>
      <trkpt lat="36.3223" lon="-96.80019">
        <ele>296.5</ele>
      </trkpt>
      <trkpt lat="36.32159" lon="-96.80016">
        <ele>294.1</ele>
      </trkpt>
      <trkpt lat="36.32087" lon="-96.80014">
        <ele>296.4</ele>
      </trkpt>
      <trkpt lat="36.32025" lon="-96.80015">
        <ele>299.8</ele>
      </trkpt>
      <trkpt lat="36.31962" lon="-96.80016">
        <ele>302.0</ele>
      </trkpt>
      <trkpt lat="36.31899" lon="-96.80017">
        <ele>302.8</ele>
      </trkpt>
      <trkpt lat="36.31845" lon="-96.80017">
        <ele>303.2</ele>
      </trkpt>
      <trkpt lat="36.31757" lon="-96.80016">
        <ele>304.3</ele>
      </trkpt>
      <trkpt lat="36.31669" lon="-96.80016">
        <ele>304.4</ele>
      </trkpt>
      <trkpt lat="36.31581" lon="-96.80016">
        <ele>304.3</ele>
      </trkpt>
      <trkpt lat="36.31493" lon="-96.80015">
        <ele>305.4</ele>
      </trkpt>
      <trkpt lat="36.31405" lon="-96.80015">
        <ele>305.5</ele>
      </trkpt>
      <trkpt lat="36.31317" lon="-96.80015">
        <ele>306.0</ele>
      </trkpt>
      <trkpt lat="36.31229" lon="-96.80014">
        <ele>304.9</ele>
      </trkpt>
      <trkpt lat="36.31141" lon="-96.80014">
        <ele>301.7</ele>
      </trkpt>
      <trkpt lat="36.31053" lon="-96.80014">
        <ele>299.6</ele>
      </trkpt>
      <trkpt lat="36.30965" lon="-96.80013">
        <ele>298.7</ele>
      </trkpt>
      <trkpt lat="36.30877" lon="-96.80013">
        <ele>297.4</ele>
      </trkpt>
      <trkpt lat="36.30789" lon="-96.80013">
        <ele>295.6</ele>
      </trkpt>
      <trkpt lat="36.30701" lon="-96.80012">
        <ele>291.2</ele>
      </trkpt>
      <trkpt lat="36.30613" lon="-96.80012">
        <ele>287.1</ele>
      </trkpt>
      <trkpt lat="36.30526" lon="-96.80012">
        <ele>284.2</ele>
      </trkpt>
      <trkpt lat="36.30438" lon="-96.80012">
        <ele>279.7</ele>
      </trkpt>
      <trkpt lat="36.30438" lon="-96.80031">
        <ele>279.9</ele>
      </trkpt>
      <trkpt lat="36.30437" lon="-96.80139">
        <ele>284.0</ele>
      </trkpt>
      <trkpt lat="36.30436" lon="-96.80247">
        <ele>285.1</ele>
      </trkpt>
      <trkpt lat="36.30437" lon="-96.80356">
        <ele>280.5</ele>
      </trkpt>
      <trkpt lat="36.30438" lon="-96.80466">
        <ele>276.6</ele>
      </trkpt>
      <trkpt lat="36.30438" lon="-96.80576">
        <ele>276.8</ele>
      </trkpt>
      <trkpt lat="36.30438" lon="-96.80685">
        <ele>281.9</ele>
      </trkpt>
      <trkpt lat="36.30438" lon="-96.80795">
        <ele>285.7</ele>
      </trkpt>
      <trkpt lat="36.30438" lon="-96.80905">
        <ele>290.5</ele>
      </trkpt>
      <trkpt lat="36.30438" lon="-96.81015">
        <ele>293.6</ele>
      </trkpt>
      <trkpt lat="36.30438" lon="-96.81125">
        <ele>297.5</ele>
      </trkpt>
      <trkpt lat="36.30438" lon="-96.81235">
        <ele>301.3</ele>
      </trkpt>
      <trkpt lat="36.30438" lon="-96.81345">
        <ele>300.5</ele>
      </trkpt>
      <trkpt lat="36.30438" lon="-96.81455">
        <ele>300.8</ele>
      </trkpt>
      <trkpt lat="36.30438" lon="-96.81565">
        <ele>305.2</ele>
      </trkpt>
      <trkpt lat="36.30438" lon="-96.81675">
        <ele>304.7</ele>
      </trkpt>
      <trkpt lat="36.30438" lon="-96.81785">
        <ele>301.6</ele>
      </trkpt>
      <trkpt lat="36.30362" lon="-96.81784">
        <ele>301.1</ele>
      </trkpt>
      <trkpt lat="36.30287" lon="-96.81784">
        <ele>300.3</ele>
      </trkpt>
      <trkpt lat="36.30215" lon="-96.81784">
        <ele>298.8</ele>
      </trkpt>
      <trkpt lat="36.30143" lon="-96.81784">
        <ele>296.0</ele>
      </trkpt>
      <trkpt lat="36.30072" lon="-96.81784">
        <ele>292.5</ele>
      </trkpt>
      <trkpt lat="36.3" lon="-96.81784">
        <ele>289.4</ele>
      </trkpt>
      <trkpt lat="36.29919" lon="-96.81785">
        <ele>290.7</ele>
      </trkpt>
      <trkpt lat="36.29839" lon="-96.81785">
        <ele>294.5</ele>
      </trkpt>
      <trkpt lat="36.29759" lon="-96.81786">
        <ele>295.9</ele>
      </trkpt>
      <trkpt lat="36.29678" lon="-96.81787">
        <ele>293.6</ele>
      </trkpt>
      <trkpt lat="36.29598" lon="-96.81788">
        <ele>293.9</ele>
      </trkpt>
      <trkpt lat="36.29518" lon="-96.81789">
        <ele>293.0</ele>
      </trkpt>
      <trkpt lat="36.29437" lon="-96.81789">
        <ele>297.0</ele>
      </trkpt>
      <trkpt lat="36.29357" lon="-96.8179">
        <ele>299.2</ele>
      </trkpt>
      <trkpt lat="36.29277" lon="-96.81791">
        <ele>301.5</ele>
      </trkpt>
      <trkpt lat="36.29212" lon="-96.81791">
        <ele>302.1</ele>
      </trkpt>
      <trkpt lat="36.29148" lon="-96.81791">
        <ele>302.2</ele>
      </trkpt>
      <trkpt lat="36.29084" lon="-96.81791">
        <ele>303.6</ele>
      </trkpt>
      <trkpt lat="36.28998" lon="-96.81791">
        <ele>305.1</ele>
      </trkpt>
      <trkpt lat="36.28911" lon="-96.81792">
        <ele>303.7</ele>
      </trkpt>
      <trkpt lat="36.28825" lon="-96.81792">
        <ele>302.7</ele>
      </trkpt>
      <trkpt lat="36.28739" lon="-96.81793">
        <ele>302.9</ele>
      </trkpt>
      <trkpt lat="36.28653" lon="-96.81793">
        <ele>303.2</ele>
      </trkpt>
      <trkpt lat="36.28566" lon="-96.81793">
        <ele>302.8</ele>
      </trkpt>
      <trkpt lat="36.2848" lon="-96.81794">
        <ele>300.9</ele>
      </trkpt>
      <trkpt lat="36.28394" lon="-96.81794">
        <ele>298.3</ele>
      </trkpt>
      <trkpt lat="36.28308" lon="-96.81795">
        <ele>297.1</ele>
      </trkpt>
      <trkpt lat="36.28222" lon="-96.81795">
        <ele>296.9</ele>
      </trkpt>
      <trkpt lat="36.2815" lon="-96.81795">
        <ele>296.0</ele>
      </trkpt>
      <trkpt lat="36.28078" lon="-96.81795">
        <ele>293.2</ele>
      </trkpt>
      <trkpt lat="36.28006" lon="-96.81794">
        <ele>290.3</ele>
      </trkpt>
      <trkpt lat="36.27934" lon="-96.81794">
        <ele>286.6</ele>
      </trkpt>
      <trkpt lat="36.27934" lon="-96.81794">
        <ele>286.6</ele>
      </trkpt>
      <trkpt lat="36.27867" lon="-96.81794">
        <ele>285.1</ele>
      </trkpt>
      <trkpt lat="36.27799" lon="-96.81793">
        <ele>283.4</ele>
      </trkpt>
      <trkpt lat="36.27732" lon="-96.81793">
        <ele>276.1</ele>
      </trkpt>
      <trkpt lat="36.27669" lon="-96.81792">
        <ele>279.4</ele>
      </trkpt>
      <trkpt lat="36.27607" lon="-96.81791">
        <ele>283.6</ele>
      </trkpt>
      <trkpt lat="36.27545" lon="-96.8179">
        <ele>284.3</ele>
      </trkpt>
      <trkpt lat="36.27456" lon="-96.8179">
        <ele>282.6</ele>
      </trkpt>
      <trkpt lat="36.27368" lon="-96.8179">
        <ele>278.2</ele>
      </trkpt>
      <trkpt lat="36.2728" lon="-96.81789">
        <ele>281.8</ele>
      </trkpt>
      <trkpt lat="36.27191" lon="-96.81789">
        <ele>281.8</ele>
      </trkpt>
      <trkpt lat="36.27103" lon="-96.81789">
        <ele>281.8</ele>
      </trkpt>
      <trkpt lat="36.27015" lon="-96.81788">
        <ele>280.6</ele>
      </trkpt>
      <trkpt lat="36.26926" lon="-96.81788">
        <ele>279.8</ele>
      </trkpt>
      <trkpt lat="36.26838" lon="-96.81788">
        <ele>277.1</ele>
      </trkpt>
      <trkpt lat="36.26749" lon="-96.81788">
        <ele>275.0</ele>
      </trkpt>
      <trkpt lat="36.26661" lon="-96.81787">
        <ele>278.9</ele>
      </trkpt>
      <trkpt lat="36.26608" lon="-96.81825">
        <ele>278.1</ele>
      </trkpt>
      <trkpt lat="36.26556" lon="-96.81864">
        <ele>276.8</ele>
      </trkpt>
      <trkpt lat="36.26503" lon="-96.81866">
        <ele>275.6</ele>
      </trkpt>
      <trkpt lat="36.26469" lon="-96.81861">
        <ele>274.6</ele>
      </trkpt>
      <trkpt lat="36.26448" lon="-96.81813">
        <ele>275.3</ele>
      </trkpt>
      <trkpt lat="36.2643" lon="-96.8179">
        <ele>277.0</ele>
      </trkpt>
      <trkpt lat="36.26348" lon="-96.81788">
        <ele>280.2</ele>
      </trkpt>
      <trkpt lat="36.26265" lon="-96.81786">
        <ele>277.4</ele>
      </trkpt>
      <trkpt lat="36.26183" lon="-96.81784">
        <ele>280.7</ele>
      </trkpt>
      <trkpt lat="36.261" lon="-96.81782">
        <ele>282.0</ele>
      </trkpt>
      <trkpt lat="36.26027" lon="-96.81782">
        <ele>282.5</ele>
      </trkpt>
      <trkpt lat="36.25953" lon="-96.81782">
        <ele>282.2</ele>
      </trkpt>
      <trkpt lat="36.2588" lon="-96.81782">
        <ele>281.8</ele>
      </trkpt>
      <trkpt lat="36.25806" lon="-96.81782">
        <ele>281.6</ele>
      </trkpt>
      <trkpt lat="36.25806" lon="-96.81794">
        <ele>281.4</ele>
      </trkpt>
      <trkpt lat="36.25777" lon="-96.81794">
        <ele>281.5</ele>
      </trkpt>
      <trkpt lat="36.25719" lon="-96.81783">
        <ele>281.9</ele>
      </trkpt>
      <trkpt lat="36.25716" lon="-96.81783">
        <ele>281.9</ele>
      </trkpt>
      <trkpt lat="36.25701" lon="-96.81778">
        <ele>282.2</ele>
      </trkpt>
      <trkpt lat="36.25688" lon="-96.81774">
        <ele>282.3</ele>
      </trkpt>
      <trkpt lat="36.25684" lon="-96.81774">
        <ele>282.2</ele>
      </trkpt>
      <trkpt lat="36.25671" lon="-96.81773">
        <ele>281.6</ele>
      </trkpt>
      <trkpt lat="36.25666" lon="-96.81773">
        <ele>281.2</ele>
      </trkpt>
      <trkpt lat="36.25655" lon="-96.81773">
        <ele>280.6</ele>
      </trkpt>
      <trkpt lat="36.25639" lon="-96.81779">
        <ele>280.0</ele>
      </trkpt>
      <trkpt lat="36.25624" lon="-96.81787">
        <ele>279.5</ele>
      </trkpt>
      <trkpt lat="36.25614" lon="-96.81788">
        <ele>279.4</ele>
      </trkpt>
      <trkpt lat="36.25586" lon="-96.81793">
        <ele>277.7</ele>
      </trkpt>
      <trkpt lat="36.25578" lon="-96.81793">
        <ele>277.2</ele>
      </trkpt>
      <trkpt lat="36.25542" lon="-96.81793">
        <ele>276.4</ele>
      </trkpt>
      <trkpt lat="36.25452" lon="-96.81791">
        <ele>283.1</ele>
      </trkpt>
      <trkpt lat="36.25416" lon="-96.81791">
        <ele>286.5</ele>
      </trkpt>
      <trkpt lat="36.2538" lon="-96.8179">
        <ele>288.4</ele>
      </trkpt>
      <trkpt lat="36.25343" lon="-96.81788">
        <ele>289.0</ele>
      </trkpt>
      <trkpt lat="36.25308" lon="-96.81788">
        <ele>290.2</ele>
      </trkpt>
      <trkpt lat="36.252" lon="-96.81788">
        <ele>293.2</ele>
      </trkpt>
      <trkpt lat="36.25182" lon="-96.81789">
        <ele>293.6</ele>
      </trkpt>
      <trkpt lat="36.25128" lon="-96.81789">
        <ele>294.7</ele>
      </trkpt>
      <trkpt lat="36.25092" lon="-96.81789">
        <ele>295.4</ele>
      </trkpt>
      <trkpt lat="36.25002" lon="-96.81789">
        <ele>296.1</ele>
      </trkpt>
      <trkpt lat="36.24733" lon="-96.81791">
        <ele>300.1</ele>
      </trkpt>
      <trkpt lat="36.24715" lon="-96.81791">
        <ele>300.3</ele>
      </trkpt>
      <trkpt lat="36.2469" lon="-96.81791">
        <ele>300.6</ele>
      </trkpt>
      <trkpt lat="36.24649" lon="-96.81795">
        <ele>300.6</ele>
      </trkpt>
      <trkpt lat="36.24641" lon="-96.81796">
        <ele>300.6</ele>
      </trkpt>
      <trkpt lat="36.24623" lon="-96.81827">
        <ele>299.4</ele>
      </trkpt>
      <trkpt lat="36.24602" lon="-96.81861">
        <ele>299.2</ele>
      </trkpt>
      <trkpt lat="36.24601" lon="-96.81862">
        <ele>299.2</ele>
      </trkpt>
      <trkpt lat="36.24587" lon="-96.81879">
        <ele>299.6</ele>
      </trkpt>
      <trkpt lat="36.24577" lon="-96.81889">
        <ele>299.9</ele>
      </trkpt>
      <trkpt lat="36.24568" lon="-96.81892">
        <ele>300.2</ele>
      </trkpt>
      <trkpt lat="36.24556" lon="-96.81892">
        <ele>300.5</ele>
      </trkpt>
      <trkpt lat="36.24497" lon="-96.8189">
        <ele>302.3</ele>
      </trkpt>
      <trkpt lat="36.2447" lon="-96.81888">
        <ele>303.3</ele>
      </trkpt>
      <trkpt lat="36.24452" lon="-96.81887">
        <ele>303.8</ele>
      </trkpt>
      <trkpt lat="36.24389" lon="-96.81883">
        <ele>305.5</ele>
      </trkpt>
      <trkpt lat="36.2436" lon="-96.81882">
        <ele>306.1</ele>
      </trkpt>
      <trkpt lat="36.2436" lon="-96.81882">
        <ele>306.1</ele>
      </trkpt>
      <trkpt lat="36.2429" lon="-96.81879">
        <ele>307.1</ele>
      </trkpt>
      <trkpt lat="36.24284" lon="-96.81879">
        <ele>307.2</ele>
      </trkpt>
      <trkpt lat="36.24272" lon="-96.81878">
        <ele>307.6</ele>
      </trkpt>
      <trkpt lat="36.2418" lon="-96.81873">
        <ele>309.6</ele>
      </trkpt>
      <trkpt lat="36.24093" lon="-96.81871">
        <ele>311.0</ele>
      </trkpt>
      <trkpt lat="36.24075" lon="-96.8187">
        <ele>311.4</ele>
      </trkpt>
      <trkpt lat="36.24047" lon="-96.8187">
        <ele>311.6</ele>
      </trkpt>
      <trkpt lat="36.24021" lon="-96.81868">
        <ele>311.7</ele>
      </trkpt>
      <trkpt lat="36.24003" lon="-96.81867">
        <ele>311.7</ele>
      </trkpt>
      <trkpt lat="36.23967" lon="-96.81865">
        <ele>311.3</ele>
      </trkpt>
      <trkpt lat="36.23952" lon="-96.81864">
        <ele>311.1</ele>
      </trkpt>
      <trkpt lat="36.23949" lon="-96.81864">
        <ele>311.0</ele>
      </trkpt>
      <trkpt lat="36.23931" lon="-96.81864">
        <ele>310.3</ele>
      </trkpt>
      <trkpt lat="36.23838" lon="-96.81863">
        <ele>307.5</ele>
      </trkpt>
      <trkpt lat="36.23805" lon="-96.81861">
        <ele>305.8</ele>
      </trkpt>
      <trkpt lat="36.23787" lon="-96.8186">
        <ele>305.0</ele>
      </trkpt>
      <trkpt lat="36.23715" lon="-96.81856">
        <ele>301.6</ele>
      </trkpt>
      <trkpt lat="36.23643" lon="-96.81853">
        <ele>298.6</ele>
      </trkpt>
      <trkpt lat="36.23625" lon="-96.81852">
        <ele>297.7</ele>
      </trkpt>
      <trkpt lat="36.23607" lon="-96.81851">
        <ele>296.8</ele>
      </trkpt>
      <trkpt lat="36.23604" lon="-96.81851">
        <ele>296.6</ele>
      </trkpt>
      <trkpt lat="36.23571" lon="-96.8185">
        <ele>294.2</ele>
      </trkpt>
      <trkpt lat="36.23517" lon="-96.81849">
        <ele>296.7</ele>
      </trkpt>
      <trkpt lat="36.23465" lon="-96.81848">
        <ele>299.9</ele>
      </trkpt>
      <trkpt lat="36.23409" lon="-96.81846">
        <ele>304.6</ele>
      </trkpt>
      <trkpt lat="36.23373" lon="-96.81845">
        <ele>305.6</ele>
      </trkpt>
      <trkpt lat="36.23338" lon="-96.81843">
        <ele>304.9</ele>
      </trkpt>
      <trkpt lat="36.2332" lon="-96.81842">
        <ele>304.1</ele>
      </trkpt>
      <trkpt lat="36.23248" lon="-96.81839">
        <ele>300.8</ele>
      </trkpt>
      <trkpt lat="36.2323" lon="-96.81839">
        <ele>299.9</ele>
      </trkpt>
      <trkpt lat="36.23212" lon="-96.81838">
        <ele>299.0</ele>
      </trkpt>
      <trkpt lat="36.23211" lon="-96.81838">
        <ele>299.0</ele>
      </trkpt>
      <trkpt lat="36.23194" lon="-96.81838">
        <ele>298.2</ele>
      </trkpt>
      <trkpt lat="36.23155" lon="-96.81837">
        <ele>297.8</ele>
      </trkpt>
      <trkpt lat="36.23103" lon="-96.81836">
        <ele>297.7</ele>
      </trkpt>
      <trkpt lat="36.23087" lon="-96.81835">
        <ele>297.7</ele>
      </trkpt>
      <trkpt lat="36.23083" lon="-96.81835">
        <ele>297.7</ele>
      </trkpt>
      <trkpt lat="36.23065" lon="-96.81836">
        <ele>297.6</ele>
      </trkpt>
      <trkpt lat="36.22996" lon="-96.81837">
        <ele>296.8</ele>
      </trkpt>
      <trkpt lat="36.22993" lon="-96.81837">
        <ele>296.7</ele>
      </trkpt>
      <trkpt lat="36.22966" lon="-96.81838">
        <ele>295.9</ele>
      </trkpt>
      <trkpt lat="36.2293" lon="-96.81841">
        <ele>297.7</ele>
      </trkpt>
      <trkpt lat="36.22913" lon="-96.81842">
        <ele>299.4</ele>
      </trkpt>
      <trkpt lat="36.22895" lon="-96.81844">
        <ele>300.7</ele>
      </trkpt>
      <trkpt lat="36.22888" lon="-96.81844">
        <ele>301.1</ele>
      </trkpt>
      <trkpt lat="36.22877" lon="-96.81845">
        <ele>302.0</ele>
      </trkpt>
      <trkpt lat="36.22859" lon="-96.81845">
        <ele>303.9</ele>
      </trkpt>
      <trkpt lat="36.22841" lon="-96.81846">
        <ele>305.8</ele>
      </trkpt>
      <trkpt lat="36.22823" lon="-96.81847">
        <ele>307.8</ele>
      </trkpt>
      <trkpt lat="36.22805" lon="-96.81847">
        <ele>308.6</ele>
      </trkpt>
      <trkpt lat="36.22691" lon="-96.81853">
        <ele>310.6</ele>
      </trkpt>
      <trkpt lat="36.22666" lon="-96.81858">
        <ele>311.3</ele>
      </trkpt>
      <trkpt lat="36.22661" lon="-96.81859">
        <ele>311.4</ele>
      </trkpt>
      <trkpt lat="36.22644" lon="-96.81865">
        <ele>311.5</ele>
      </trkpt>
      <trkpt lat="36.22635" lon="-96.81868">
        <ele>311.6</ele>
      </trkpt>
      <trkpt lat="36.22632" lon="-96.81869">
        <ele>311.7</ele>
      </trkpt>
      <trkpt lat="36.22632" lon="-96.81869">
        <ele>311.7</ele>
      </trkpt>
      <trkpt lat="36.22627" lon="-96.8187">
        <ele>311.7</ele>
      </trkpt>
      <trkpt lat="36.22603" lon="-96.81878">
        <ele>312.2</ele>
      </trkpt>
      <trkpt lat="36.22581" lon="-96.81885">
        <ele>313.3</ele>
      </trkpt>
      <trkpt lat="36.22554" lon="-96.81892">
        <ele>314.3</ele>
      </trkpt>
      <trkpt lat="36.22504" lon="-96.81893">
        <ele>313.6</ele>
      </trkpt>
      <trkpt lat="36.22486" lon="-96.81893">
        <ele>313.3</ele>
      </trkpt>
      <trkpt lat="36.22476" lon="-96.81893">
        <ele>313.3</ele>
      </trkpt>
      <trkpt lat="36.22468" lon="-96.81893">
        <ele>313.2</ele>
      </trkpt>
      <trkpt lat="36.22449" lon="-96.81892">
        <ele>313.2</ele>
      </trkpt>
      <trkpt lat="36.22413" lon="-96.81892">
        <ele>313.1</ele>
      </trkpt>
      <trkpt lat="36.22365" lon="-96.81892">
        <ele>313.0</ele>
      </trkpt>
      <trkpt lat="36.2236" lon="-96.81892">
        <ele>312.6</ele>
      </trkpt>
      <trkpt lat="36.22324" lon="-96.81887">
        <ele>311.6</ele>
      </trkpt>
      <trkpt lat="36.22295" lon="-96.81878">
        <ele>307.2</ele>
      </trkpt>
      <trkpt lat="36.22279" lon="-96.81872">
        <ele>306.2</ele>
      </trkpt>
      <trkpt lat="36.22273" lon="-96.81871">
        <ele>306.1</ele>
      </trkpt>
      <trkpt lat="36.22247" lon="-96.81864">
        <ele>305.6</ele>
      </trkpt>
      <trkpt lat="36.22237" lon="-96.81863">
        <ele>305.2</ele>
      </trkpt>
      <trkpt lat="36.22215" lon="-96.81862">
        <ele>301.8</ele>
      </trkpt>
      <trkpt lat="36.22203" lon="-96.81862">
        <ele>302.3</ele>
      </trkpt>
      <trkpt lat="36.22179" lon="-96.81862">
        <ele>305.0</ele>
      </trkpt>
      <trkpt lat="36.22143" lon="-96.81863">
        <ele>307.2</ele>
      </trkpt>
      <trkpt lat="36.22125" lon="-96.81864">
        <ele>308.2</ele>
      </trkpt>
      <trkpt lat="36.22107" lon="-96.81864">
        <ele>308.4</ele>
      </trkpt>
      <trkpt lat="36.22093" lon="-96.81864">
        <ele>308.6</ele>
      </trkpt>
      <trkpt lat="36.22089" lon="-96.81865">
        <ele>308.7</ele>
      </trkpt>
      <trkpt lat="36.22017" lon="-96.81868">
        <ele>308.5</ele>
      </trkpt>
      <trkpt lat="36.21981" lon="-96.81869">
        <ele>308.3</ele>
      </trkpt>
      <trkpt lat="36.21963" lon="-96.81869">
        <ele>308.3</ele>
      </trkpt>
      <trkpt lat="36.21877" lon="-96.81868">
        <ele>308.6</ele>
      </trkpt>
      <trkpt lat="36.21793" lon="-96.8187">
        <ele>310.0</ele>
      </trkpt>
      <trkpt lat="36.21715" lon="-96.81872">
        <ele>310.3</ele>
      </trkpt>
      <trkpt lat="36.21687" lon="-96.81871">
        <ele>310.4</ele>
      </trkpt>
      <trkpt lat="36.21687" lon="-96.81871">
        <ele>310.4</ele>
      </trkpt>
      <trkpt lat="36.21687" lon="-96.81916">
        <ele>310.7</ele>
      </trkpt>
      <trkpt lat="36.21687" lon="-96.82005">
        <ele>311.6</ele>
      </trkpt>
      <trkpt lat="36.21687" lon="-96.82027">
        <ele>311.9</ele>
      </trkpt>
      <trkpt lat="36.21687" lon="-96.82072">
        <ele>312.4</ele>
      </trkpt>
      <trkpt lat="36.21687" lon="-96.82094">
        <ele>312.6</ele>
      </trkpt>
      <trkpt lat="36.21687" lon="-96.82115">
        <ele>312.6</ele>
      </trkpt>
      <trkpt lat="36.21687" lon="-96.82115">
        <ele>312.6</ele>
      </trkpt>
      <trkpt lat="36.21688" lon="-96.82206">
        <ele>311.5</ele>
      </trkpt>
      <trkpt lat="36.21688" lon="-96.82228">
        <ele>311.6</ele>
      </trkpt>
      <trkpt lat="36.2169" lon="-96.82429">
        <ele>312.3</ele>
      </trkpt>
      <trkpt lat="36.21691" lon="-96.8254">
        <ele>314.8</ele>
      </trkpt>
      <trkpt lat="36.21693" lon="-96.82674">
        <ele>317.4</ele>
      </trkpt>
      <trkpt lat="36.21693" lon="-96.82741">
        <ele>317.9</ele>
      </trkpt>
      <trkpt lat="36.21697" lon="-96.83075">
        <ele>315.7</ele>
      </trkpt>
      <trkpt lat="36.21697" lon="-96.83097">
        <ele>315.5</ele>
      </trkpt>
      <trkpt lat="36.21697" lon="-96.8312">
        <ele>315.2</ele>
      </trkpt>
      <trkpt lat="36.21697" lon="-96.83143">
        <ele>314.9</ele>
      </trkpt>
      <trkpt lat="36.21698" lon="-96.83209">
        <ele>314.6</ele>
      </trkpt>
      <trkpt lat="36.217" lon="-96.83326">
        <ele>314.8</ele>
      </trkpt>
      <trkpt lat="36.21699" lon="-96.83379">
        <ele>314.5</ele>
      </trkpt>
      <trkpt lat="36.217" lon="-96.8343">
        <ele>314.1</ele>
      </trkpt>
      <trkpt lat="36.21701" lon="-96.83532">
        <ele>312.1</ele>
      </trkpt>
      <trkpt lat="36.21701" lon="-96.83542">
        <ele>311.9</ele>
      </trkpt>
      <trkpt lat="36.21704" lon="-96.83653">
        <ele>309.4</ele>
      </trkpt>
      <trkpt lat="36.21704" lon="-96.83689">
        <ele>308.6</ele>
      </trkpt>
      <trkpt lat="36.21705" lon="-96.83732">
        <ele>307.8</ele>
      </trkpt>
      <trkpt lat="36.21705" lon="-96.83778">
        <ele>307.2</ele>
      </trkpt>
      <trkpt lat="36.21706" lon="-96.83801">
        <ele>306.8</ele>
      </trkpt>
      <trkpt lat="36.21706" lon="-96.83812">
        <ele>306.6</ele>
      </trkpt>
      <trkpt lat="36.21706" lon="-96.8389">
        <ele>305.1</ele>
      </trkpt>
      <trkpt lat="36.21707" lon="-96.83941">
        <ele>305.2</ele>
      </trkpt>
      <trkpt lat="36.21707" lon="-96.84027">
        <ele>305.1</ele>
      </trkpt>
      <trkpt lat="36.21707" lon="-96.8403">
        <ele>305.1</ele>
      </trkpt>
      <trkpt lat="36.21708" lon="-96.84075">
        <ele>304.5</ele>
      </trkpt>
      <trkpt lat="36.21708" lon="-96.84097">
        <ele>304.1</ele>
      </trkpt>
      <trkpt lat="36.21709" lon="-96.84142">
        <ele>303.3</ele>
      </trkpt>
      <trkpt lat="36.21709" lon="-96.84164">
        <ele>303.0</ele>
      </trkpt>
      <trkpt lat="36.2171" lon="-96.84186">
        <ele>302.7</ele>
      </trkpt>
      <trkpt lat="36.21711" lon="-96.84286">
        <ele>300.8</ele>
      </trkpt>
      <trkpt lat="36.21712" lon="-96.8432">
        <ele>299.6</ele>
      </trkpt>
      <trkpt lat="36.21712" lon="-96.84387">
        <ele>298.9</ele>
      </trkpt>
      <trkpt lat="36.21713" lon="-96.84498">
        <ele>299.5</ele>
      </trkpt>
      <trkpt lat="36.21714" lon="-96.84622">
        <ele>298.7</ele>
      </trkpt>
      <trkpt lat="36.21714" lon="-96.84766">
        <ele>296.7</ele>
      </trkpt>
      <trkpt lat="36.21714" lon="-96.8477">
        <ele>296.6</ele>
      </trkpt>
      <trkpt lat="36.21714" lon="-96.84788">
        <ele>296.4</ele>
      </trkpt>
      <trkpt lat="36.21715" lon="-96.84828">
        <ele>294.3</ele>
      </trkpt>
      <trkpt lat="36.21715" lon="-96.84877">
        <ele>296.2</ele>
      </trkpt>
      <trkpt lat="36.21716" lon="-96.84899">
        <ele>296.6</ele>
      </trkpt>
      <trkpt lat="36.21716" lon="-96.84938">
        <ele>297.3</ele>
      </trkpt>
      <trkpt lat="36.21716" lon="-96.84988">
        <ele>298.1</ele>
      </trkpt>
      <trkpt lat="36.21717" lon="-96.85078">
        <ele>299.6</ele>
      </trkpt>
      <trkpt lat="36.21717" lon="-96.85101">
        <ele>299.7</ele>
      </trkpt>
      <trkpt lat="36.21717" lon="-96.85123">
        <ele>299.7</ele>
      </trkpt>
      <trkpt lat="36.21717" lon="-96.85145">
        <ele>299.6</ele>
      </trkpt>
      <trkpt lat="36.21717" lon="-96.8519">
        <ele>299.2</ele>
      </trkpt>
      <trkpt lat="36.21717" lon="-96.85231">
        <ele>298.2</ele>
      </trkpt>
      <trkpt lat="36.21719" lon="-96.85346">
        <ele>295.2</ele>
      </trkpt>
      <trkpt lat="36.21719" lon="-96.85368">
        <ele>294.7</ele>
      </trkpt>
      <trkpt lat="36.21719" lon="-96.85391">
        <ele>294.3</ele>
      </trkpt>
      <trkpt lat="36.21721" lon="-96.85435">
        <ele>293.5</ele>
      </trkpt>
      <trkpt lat="36.21722" lon="-96.85479">
        <ele>293.2</ele>
      </trkpt>
      <trkpt lat="36.21723" lon="-96.85546">
        <ele>290.4</ele>
      </trkpt>
      <trkpt lat="36.21724" lon="-96.85562">
        <ele>289.4</ele>
      </trkpt>
      <trkpt lat="36.21724" lon="-96.85569">
        <ele>289.1</ele>
      </trkpt>
      <trkpt lat="36.21724" lon="-96.8557">
        <ele>289.1</ele>
      </trkpt>
      <trkpt lat="36.21726" lon="-96.85702">
        <ele>293.2</ele>
      </trkpt>
      <trkpt lat="36.21726" lon="-96.8572">
        <ele>293.5</ele>
      </trkpt>
      <trkpt lat="36.21728" lon="-96.85791">
        <ele>295.1</ele>
      </trkpt>
      <trkpt lat="36.2173" lon="-96.85899">
        <ele>296.8</ele>
      </trkpt>
      <trkpt lat="36.21733" lon="-96.86058">
        <ele>299.3</ele>
      </trkpt>
      <trkpt lat="36.21737" lon="-96.86234">
        <ele>303.0</ele>
      </trkpt>
      <trkpt lat="36.21737" lon="-96.86237">
        <ele>303.0</ele>
      </trkpt>
      <trkpt lat="36.2174" lon="-96.86391">
        <ele>304.8</ele>
      </trkpt>
      <trkpt lat="36.2174" lon="-96.86393">
        <ele>304.8</ele>
      </trkpt>
      <trkpt lat="36.21741" lon="-96.86438">
        <ele>305.7</ele>
      </trkpt>
      <trkpt lat="36.21742" lon="-96.8646">
        <ele>306.1</ele>
      </trkpt>
      <trkpt lat="36.21742" lon="-96.86482">
        <ele>306.5</ele>
      </trkpt>
      <trkpt lat="36.21743" lon="-96.86505">
        <ele>306.7</ele>
      </trkpt>
      <trkpt lat="36.21746" lon="-96.86638">
        <ele>305.4</ele>
      </trkpt>
      <trkpt lat="36.21747" lon="-96.86661">
        <ele>304.9</ele>
      </trkpt>
      <trkpt lat="36.21749" lon="-96.86739">
        <ele>304.2</ele>
      </trkpt>
      <trkpt lat="36.21749" lon="-96.8675">
        <ele>304.0</ele>
      </trkpt>
      <trkpt lat="36.21749" lon="-96.86772">
        <ele>303.7</ele>
      </trkpt>
      <trkpt lat="36.21751" lon="-96.86883">
        <ele>302.0</ele>
      </trkpt>
      <trkpt lat="36.21751" lon="-96.86906">
        <ele>300.8</ele>
      </trkpt>
      <trkpt lat="36.21751" lon="-96.86928">
        <ele>297.7</ele>
      </trkpt>
      <trkpt lat="36.21751" lon="-96.86931">
        <ele>297.2</ele>
      </trkpt>
      <trkpt lat="36.21752" lon="-96.86995">
        <ele>299.2</ele>
      </trkpt>
      <trkpt lat="36.21752" lon="-96.87017">
        <ele>299.6</ele>
      </trkpt>
      <trkpt lat="36.21752" lon="-96.8704">
        <ele>300.3</ele>
      </trkpt>
      <trkpt lat="36.21753" lon="-96.87097">
        <ele>302.0</ele>
      </trkpt>
      <trkpt lat="36.21754" lon="-96.87173">
        <ele>302.3</ele>
      </trkpt>
      <trkpt lat="36.21754" lon="-96.87213">
        <ele>302.5</ele>
      </trkpt>
      <trkpt lat="36.21755" lon="-96.87257">
        <ele>302.8</ele>
      </trkpt>
      <trkpt lat="36.21756" lon="-96.87302">
        <ele>303.5</ele>
      </trkpt>
      <trkpt lat="36.21757" lon="-96.87357">
        <ele>304.3</ele>
      </trkpt>
      <trkpt lat="36.21757" lon="-96.87357">
        <ele>304.3</ele>
      </trkpt>
      <trkpt lat="36.21757" lon="-96.87369">
        <ele>304.5</ele>
      </trkpt>
      <trkpt lat="36.21758" lon="-96.87394">
        <ele>304.9</ele>
      </trkpt>
      <trkpt lat="36.2176" lon="-96.8748">
        <ele>305.9</ele>
      </trkpt>
      <trkpt lat="36.2176" lon="-96.87501">
        <ele>306.0</ele>
      </trkpt>
      <trkpt lat="36.2176" lon="-96.87503">
        <ele>306.0</ele>
      </trkpt>
      <trkpt lat="36.21761" lon="-96.87525">
        <ele>306.0</ele>
      </trkpt>
      <trkpt lat="36.21762" lon="-96.87592">
        <ele>305.9</ele>
      </trkpt>
      <trkpt lat="36.21762" lon="-96.87614">
        <ele>305.9</ele>
      </trkpt>
      <trkpt lat="36.21763" lon="-96.87659">
        <ele>305.9</ele>
      </trkpt>
      <trkpt lat="36.21763" lon="-96.87681">
        <ele>305.7</ele>
      </trkpt>
      <trkpt lat="36.21765" lon="-96.87792">
        <ele>304.2</ele>
      </trkpt>
      <trkpt lat="36.21765" lon="-96.87815">
        <ele>304.2</ele>
      </trkpt>
      <trkpt lat="36.21767" lon="-96.87938">
        <ele>304.4</ele>
      </trkpt>
      <trkpt lat="36.21768" lon="-96.87983">
        <ele>304.6</ele>
      </trkpt>
      <trkpt lat="36.21768" lon="-96.88005">
        <ele>304.8</ele>
      </trkpt>
      <trkpt lat="36.2177" lon="-96.88125">
        <ele>305.7</ele>
      </trkpt>
      <trkpt lat="36.2177" lon="-96.88139">
        <ele>306.0</ele>
      </trkpt>
      <trkpt lat="36.21773" lon="-96.88251">
        <ele>307.6</ele>
      </trkpt>
      <trkpt lat="36.21776" lon="-96.88381">
        <ele>309.4</ele>
      </trkpt>
      <trkpt lat="36.21778" lon="-96.88509">
        <ele>311.3</ele>
      </trkpt>
      <trkpt lat="36.21782" lon="-96.88732">
        <ele>315.9</ele>
      </trkpt>
      <trkpt lat="36.21782" lon="-96.88754">
        <ele>316.5</ele>
      </trkpt>
      <trkpt lat="36.21782" lon="-96.88776">
        <ele>316.9</ele>
      </trkpt>
      <trkpt lat="36.21783" lon="-96.88799">
        <ele>317.4</ele>
      </trkpt>
      <trkpt lat="36.21784" lon="-96.88866">
        <ele>320.1</ele>
      </trkpt>
      <trkpt lat="36.21784" lon="-96.88899">
        <ele>320.8</ele>
      </trkpt>
      <trkpt lat="36.21785" lon="-96.88947">
        <ele>321.5</ele>
      </trkpt>
      <trkpt lat="36.21787" lon="-96.88985">
        <ele>321.9</ele>
      </trkpt>
      <trkpt lat="36.21787" lon="-96.88985">
        <ele>321.9</ele>
      </trkpt>
      <trkpt lat="36.2184" lon="-96.88986">
        <ele>320.9</ele>
      </trkpt>
      <trkpt lat="36.21876" lon="-96.88986">
        <ele>320.1</ele>
      </trkpt>
      <trkpt lat="36.21894" lon="-96.88986">
        <ele>319.9</ele>
      </trkpt>
      <trkpt lat="36.21941" lon="-96.88986">
        <ele>319.1</ele>
      </trkpt>
      <trkpt lat="36.21948" lon="-96.88986">
        <ele>318.8</ele>
      </trkpt>
      <trkpt lat="36.21986" lon="-96.88987">
        <ele>317.7</ele>
      </trkpt>
      <trkpt lat="36.22036" lon="-96.88987">
        <ele>316.2</ele>
      </trkpt>
      <trkpt lat="36.22108" lon="-96.88987">
        <ele>317.8</ele>
      </trkpt>
      <trkpt lat="36.22121" lon="-96.88987">
        <ele>318.4</ele>
      </trkpt>
      <trkpt lat="36.22144" lon="-96.88987">
        <ele>319.4</ele>
      </trkpt>
      <trkpt lat="36.22147" lon="-96.88987">
        <ele>319.5</ele>
      </trkpt>
      <trkpt lat="36.22147" lon="-96.88987">
        <ele>319.5</ele>
      </trkpt>
      <trkpt lat="36.22197" lon="-96.88988">
        <ele>320.2</ele>
      </trkpt>
      <trkpt lat="36.22283" lon="-96.8899">
        <ele>322.4</ele>
      </trkpt>
      <trkpt lat="36.22326" lon="-96.8899">
        <ele>322.7</ele>
      </trkpt>
      <trkpt lat="36.22372" lon="-96.8899">
        <ele>322.2</ele>
      </trkpt>
      <trkpt lat="36.22395" lon="-96.8899">
        <ele>322.1</ele>
      </trkpt>
      <trkpt lat="36.22426" lon="-96.88991">
        <ele>322.8</ele>
      </trkpt>
      <trkpt lat="36.22426" lon="-96.88991">
        <ele>322.8</ele>
      </trkpt>
      <trkpt lat="36.22427" lon="-96.8908">
        <ele>321.4</ele>
      </trkpt>
      <trkpt lat="36.22427" lon="-96.89102">
        <ele>321.4</ele>
      </trkpt>
      <trkpt lat="36.22428" lon="-96.89174">
        <ele>321.6</ele>
      </trkpt>
      <trkpt lat="36.22428" lon="-96.89174">
        <ele>321.6</ele>
      </trkpt>
      <trkpt lat="36.22428" lon="-96.89177">
        <ele>321.6</ele>
      </trkpt>
      <trkpt lat="36.22431" lon="-96.89258">
        <ele>322.4</ele>
      </trkpt>
      <trkpt lat="36.22432" lon="-96.8928">
        <ele>322.6</ele>
      </trkpt>
      <trkpt lat="36.22432" lon="-96.89283">
        <ele>322.6</ele>
      </trkpt>
      <trkpt lat="36.22435" lon="-96.89325">
        <ele>322.7</ele>
      </trkpt>
      <trkpt lat="36.2244" lon="-96.89383">
        <ele>322.2</ele>
      </trkpt>
      <trkpt lat="36.22443" lon="-96.89413">
        <ele>321.8</ele>
      </trkpt>
      <trkpt lat="36.22445" lon="-96.89436">
        <ele>321.4</ele>
      </trkpt>
      <trkpt lat="36.22449" lon="-96.89478">
        <ele>320.6</ele>
      </trkpt>
      <trkpt lat="36.22461" lon="-96.89585">
        <ele>320.1</ele>
      </trkpt>
      <trkpt lat="36.22464" lon="-96.89612">
        <ele>320.2</ele>
      </trkpt>
      <trkpt lat="36.22467" lon="-96.89634">
        <ele>320.2</ele>
      </trkpt>
      <trkpt lat="36.22471" lon="-96.89656">
        <ele>320.2</ele>
      </trkpt>
      <trkpt lat="36.22473" lon="-96.89671">
        <ele>320.2</ele>
      </trkpt>
      <trkpt lat="36.22498" lon="-96.89825">
        <ele>317.1</ele>
      </trkpt>
      <trkpt lat="36.22503" lon="-96.89853">
        <ele>317.1</ele>
      </trkpt>
      <trkpt lat="36.22515" lon="-96.89918">
        <ele>316.9</ele>
      </trkpt>
      <trkpt lat="36.22516" lon="-96.8992">
        <ele>316.9</ele>
      </trkpt>
      <trkpt lat="36.22519" lon="-96.8994">
        <ele>316.8</ele>
      </trkpt>
      <trkpt lat="36.22519" lon="-96.89945">
        <ele>316.7</ele>
      </trkpt>
      <trkpt lat="36.22521" lon="-96.89962">
        <ele>316.7</ele>
      </trkpt>
      <trkpt lat="36.22524" lon="-96.89992">
        <ele>316.6</ele>
      </trkpt>
      <trkpt lat="36.22525" lon="-96.90096">
        <ele>317.2</ele>
      </trkpt>
      <trkpt lat="36.22526" lon="-96.90118">
        <ele>317.1</ele>
      </trkpt>
      <trkpt lat="36.22528" lon="-96.90318">
        <ele>314.4</ele>
      </trkpt>
      <trkpt lat="36.22528" lon="-96.90341">
        <ele>314.1</ele>
      </trkpt>
      <trkpt lat="36.2253" lon="-96.90497">
        <ele>314.6</ele>
      </trkpt>
      <trkpt lat="36.22531" lon="-96.90519">
        <ele>314.5</ele>
      </trkpt>
      <trkpt lat="36.22531" lon="-96.90564">
        <ele>313.6</ele>
      </trkpt>
      <trkpt lat="36.22532" lon="-96.90586">
        <ele>312.4</ele>
      </trkpt>
      <trkpt lat="36.22533" lon="-96.9072">
        <ele>307.9</ele>
      </trkpt>
      <trkpt lat="36.22534" lon="-96.90742">
        <ele>307.6</ele>
      </trkpt>
      <trkpt lat="36.22534" lon="-96.90776">
        <ele>306.5</ele>
      </trkpt>
      <trkpt lat="36.22536" lon="-96.90909">
        <ele>302.1</ele>
      </trkpt>
      <trkpt lat="36.22536" lon="-96.90919">
        <ele>302.0</ele>
      </trkpt>
      <trkpt lat="36.22536" lon="-96.90954">
        <ele>300.7</ele>
      </trkpt>
      <trkpt lat="36.22535" lon="-96.91008">
        <ele>298.0</ele>
      </trkpt>
      <trkpt lat="36.22535" lon="-96.91075">
        <ele>302.6</ele>
      </trkpt>
      <trkpt lat="36.22535" lon="-96.91118">
        <ele>304.2</ele>
      </trkpt>
      <trkpt lat="36.22535" lon="-96.91128">
        <ele>304.5</ele>
      </trkpt>
      <trkpt lat="36.22535" lon="-96.91259">
        <ele>308.7</ele>
      </trkpt>
      <trkpt lat="36.22535" lon="-96.91328">
        <ele>309.8</ele>
      </trkpt>
      <trkpt lat="36.22534" lon="-96.91462">
        <ele>311.5</ele>
      </trkpt>
      <trkpt lat="36.22534" lon="-96.91484">
        <ele>311.6</ele>
      </trkpt>
      <trkpt lat="36.22534" lon="-96.91486">
        <ele>311.6</ele>
      </trkpt>
      <trkpt lat="36.22534" lon="-96.91618">
        <ele>313.2</ele>
      </trkpt>
      <trkpt lat="36.22534" lon="-96.9164">
        <ele>313.6</ele>
      </trkpt>
      <trkpt lat="36.22534" lon="-96.91752">
        <ele>316.3</ele>
      </trkpt>
      <trkpt lat="36.22535" lon="-96.91796">
        <ele>317.0</ele>
      </trkpt>
      <trkpt lat="36.22535" lon="-96.91864">
        <ele>319.3</ele>
      </trkpt>
      <trkpt lat="36.22536" lon="-96.91943">
        <ele>320.2</ele>
      </trkpt>
      <trkpt lat="36.22536" lon="-96.91975">
        <ele>320.4</ele>
      </trkpt>
      <trkpt lat="36.22536" lon="-96.92017">
        <ele>320.7</ele>
      </trkpt>
      <trkpt lat="36.22535" lon="-96.92031">
        <ele>320.8</ele>
      </trkpt>
      <trkpt lat="36.22535" lon="-96.92117">
        <ele>321.3</ele>
      </trkpt>
      <trkpt lat="36.22535" lon="-96.92129">
        <ele>321.3</ele>
      </trkpt>
      <trkpt lat="36.22535" lon="-96.92218">
        <ele>320.1</ele>
      </trkpt>
      <trkpt lat="36.22535" lon="-96.92239">
        <ele>320.0</ele>
      </trkpt>
      <trkpt lat="36.22535" lon="-96.9224">
        <ele>319.9</ele>
      </trkpt>
      <trkpt lat="36.22535" lon="-96.92266">
        <ele>319.5</ele>
      </trkpt>
      <trkpt lat="36.22535" lon="-96.92266">
        <ele>319.5</ele>
      </trkpt>
      <trkpt lat="36.22535" lon="-96.92347">
        <ele>318.5</ele>
      </trkpt>
      <trkpt lat="36.22534" lon="-96.92396">
        <ele>318.7</ele>
      </trkpt>
      <trkpt lat="36.22534" lon="-96.92412">
        <ele>319.0</ele>
      </trkpt>
      <trkpt lat="36.22533" lon="-96.92473">
        <ele>320.4</ele>
      </trkpt>
      <trkpt lat="36.22531" lon="-96.92538">
        <ele>322.7</ele>
      </trkpt>
      <trkpt lat="36.22531" lon="-96.92543">
        <ele>322.8</ele>
      </trkpt>
      <trkpt lat="36.2253" lon="-96.92566">
        <ele>323.4</ele>
      </trkpt>
      <trkpt lat="36.2253" lon="-96.92566">
        <ele>323.4</ele>
      </trkpt>
      <trkpt lat="36.22547" lon="-96.92566">
        <ele>323.5</ele>
      </trkpt>
      <trkpt lat="36.22562" lon="-96.92566">
        <ele>323.6</ele>
      </trkpt>
      <trkpt lat="36.2261" lon="-96.92567">
        <ele>323.9</ele>
      </trkpt>
      <trkpt lat="36.22661" lon="-96.92568">
        <ele>323.8</ele>
      </trkpt>
      <trkpt lat="36.22661" lon="-96.92568">
        <ele>323.8</ele>
      </trkpt>
      <trkpt lat="36.22666" lon="-96.92568">
        <ele>323.9</ele>
      </trkpt>
      <trkpt lat="36.2267" lon="-96.92568">
        <ele>323.9</ele>
      </trkpt>
      <trkpt lat="36.22752" lon="-96.9257">
        <ele>324.2</ele>
      </trkpt>
      <trkpt lat="36.22764" lon="-96.9257">
        <ele>324.3</ele>
      </trkpt>
      <trkpt lat="36.22816" lon="-96.9257">
        <ele>325.6</ele>
      </trkpt>
      <trkpt lat="36.22828" lon="-96.9257">
        <ele>325.8</ele>
      </trkpt>
      <trkpt lat="36.22847" lon="-96.92571">
        <ele>326.1</ele>
      </trkpt>
      <trkpt lat="36.22852" lon="-96.92571">
        <ele>326.2</ele>
      </trkpt>
      <trkpt lat="36.22865" lon="-96.92571">
        <ele>326.4</ele>
      </trkpt>
      <trkpt lat="36.22865" lon="-96.92571">
        <ele>326.4</ele>
      </trkpt>
      <trkpt lat="36.22915" lon="-96.92572">
        <ele>326.7</ele>
      </trkpt>
      <trkpt lat="36.22964" lon="-96.92572">
        <ele>326.9</ele>
      </trkpt>
      <trkpt lat="36.22964" lon="-96.92572">
        <ele>326.9</ele>
      </trkpt>
      <trkpt lat="36.22963" lon="-96.92581">
        <ele>326.8</ele>
      </trkpt>
      <trkpt lat="36.22963" lon="-96.92596">
        <ele>326.6</ele>
      </trkpt>
      <trkpt lat="36.22963" lon="-96.92596">
        <ele>326.6</ele>
      </trkpt>
      <trkpt lat="36.22964" lon="-96.9263">
        <ele>326.3</ele>
      </trkpt>
      <trkpt lat="36.22965" lon="-96.92697">
        <ele>325.7</ele>
      </trkpt>
      <trkpt lat="36.22965" lon="-96.92819">
        <ele>322.5</ele>
      </trkpt>
      <trkpt lat="36.22965" lon="-96.9287">
        <ele>321.2</ele>
      </trkpt>
      <trkpt lat="36.22965" lon="-96.92936">
        <ele>319.9</ele>
      </trkpt>
      <trkpt lat="36.22965" lon="-96.92936">
        <ele>319.9</ele>
      </trkpt>
      <trkpt lat="36.22962" lon="-96.92942">
        <ele>319.8</ele>
      </trkpt>
      <trkpt lat="36.22958" lon="-96.92945">
        <ele>319.7</ele>
      </trkpt>
      <trkpt lat="36.22952" lon="-96.92946">
        <ele>319.6</ele>
      </trkpt>
      <trkpt lat="36.22952" lon="-96.92946">
        <ele>319.6</ele>
      </trkpt>
      <trkpt lat="36.22932" lon="-96.92947">
        <ele>319.4</ele>
      </trkpt>
      <trkpt lat="36.22924" lon="-96.92948">
        <ele>319.4</ele>
      </trkpt>
      <trkpt lat="36.22914" lon="-96.92947">
        <ele>319.5</ele>
      </trkpt>
      <trkpt lat="36.22867" lon="-96.92946">
        <ele>319.9</ele>
      </trkpt>
      <trkpt lat="36.22867" lon="-96.92946">
        <ele>319.9</ele>
      </trkpt>
      <trkpt lat="36.22868" lon="-96.92977">
        <ele>319.7</ele>
      </trkpt>
      <trkpt lat="36.22868" lon="-96.92977">
        <ele>319.7</ele>
      </trkpt>
      <trkpt lat="36.22868" lon="-96.93075">
        <ele>318.6</ele>
      </trkpt>
      <trkpt lat="36.2287" lon="-96.93092">
        <ele>318.2</ele>
      </trkpt>
      <trkpt lat="36.22872" lon="-96.93112">
        <ele>317.9</ele>
      </trkpt>
      <trkpt lat="36.22873" lon="-96.93124">
        <ele>317.7</ele>
      </trkpt>
      <trkpt lat="36.22877" lon="-96.93165">
        <ele>317.5</ele>
      </trkpt>
      <trkpt lat="36.22877" lon="-96.93165">
        <ele>317.5</ele>
      </trkpt>
      <trkpt lat="36.22881" lon="-96.93158">
        <ele>317.3</ele>
      </trkpt>
      <trkpt lat="36.22884" lon="-96.93152">
        <ele>317.2</ele>
      </trkpt>
      <trkpt lat="36.22892" lon="-96.93155">
        <ele>316.9</ele>
      </trkpt>
      <trkpt lat="36.22898" lon="-96.93156">
        <ele>316.7</ele>
      </trkpt>
      <trkpt lat="36.2291" lon="-96.93153">
        <ele>316.2</ele>
      </trkpt>
      <trkpt lat="36.22931" lon="-96.93142">
        <ele>315.1</ele>
      </trkpt>
      <trkpt lat="36.22948" lon="-96.93123">
        <ele>313.9</ele>
      </trkpt>
      <trkpt lat="36.22952" lon="-96.93118">
        <ele>313.8</ele>
      </trkpt>
      <trkpt lat="36.2297" lon="-96.93096">
        <ele>314.1</ele>
      </trkpt>
      <trkpt lat="36.22977" lon="-96.93087">
        <ele>315.2</ele>
      </trkpt>
      <trkpt lat="36.22977" lon="-96.93087">
        <ele>315.2</ele>
      </trkpt>
      <trkpt lat="36.22988" lon="-96.9307">
        <ele>317.1</ele>
      </trkpt>
      <trkpt lat="36.22998" lon="-96.93056">
        <ele>317.5</ele>
      </trkpt>
      <trkpt lat="36.2301" lon="-96.93034">
        <ele>317.7</ele>
      </trkpt>
      <trkpt lat="36.23015" lon="-96.93025">
        <ele>318.1</ele>
      </trkpt>
      <trkpt lat="36.23022" lon="-96.93016">
        <ele>318.6</ele>
      </trkpt>
      <trkpt lat="36.23024" lon="-96.93013">
        <ele>318.8</ele>
      </trkpt>
      <trkpt lat="36.23032" lon="-96.93007">
        <ele>319.1</ele>
      </trkpt>
      <trkpt lat="36.23037" lon="-96.93006">
        <ele>319.1</ele>
      </trkpt>
      <trkpt lat="36.2304" lon="-96.93005">
        <ele>319.1</ele>
      </trkpt>
      <trkpt lat="36.23051" lon="-96.93011">
        <ele>319.0</ele>
      </trkpt>
      <trkpt lat="36.23072" lon="-96.93031">
        <ele>318.8</ele>
      </trkpt>
      <trkpt lat="36.23082" lon="-96.9304">
        <ele>318.7</ele>
      </trkpt>
      <trkpt lat="36.23086" lon="-96.93043">
        <ele>318.7</ele>
      </trkpt>
      <trkpt lat="36.23099" lon="-96.93047">
        <ele>318.8</ele>
      </trkpt>
      <trkpt lat="36.23112" lon="-96.93052">
        <ele>318.7</ele>
      </trkpt>
      <trkpt lat="36.23127" lon="-96.93058">
        <ele>318.7</ele>
      </trkpt>
      <trkpt lat="36.23134" lon="-96.93064">
        <ele>318.6</ele>
      </trkpt>
      <trkpt lat="36.23139" lon="-96.93075">
        <ele>318.3</ele>
      </trkpt>
      <trkpt lat="36.2314" lon="-96.93082">
        <ele>318.1</ele>
      </trkpt>
      <trkpt lat="36.23142" lon="-96.93092">
        <ele>317.8</ele>
      </trkpt>
      <trkpt lat="36.23145" lon="-96.93115">
        <ele>317.3</ele>
      </trkpt>
      <trkpt lat="36.23145" lon="-96.93115">
        <ele>317.3</ele>
      </trkpt>
      <trkpt lat="36.23147" lon="-96.93128">
        <ele>317.0</ele>
      </trkpt>
      <trkpt lat="36.23153" lon="-96.93152">
        <ele>316.3</ele>
      </trkpt>
      <trkpt lat="36.23156" lon="-96.93168">
        <ele>315.8</ele>
      </trkpt>
      <trkpt lat="36.23158" lon="-96.93213">
        <ele>314.4</ele>
      </trkpt>
      <trkpt lat="36.23158" lon="-96.9322">
        <ele>314.2</ele>
      </trkpt>
      <trkpt lat="36.23161" lon="-96.93234">
        <ele>313.7</ele>
      </trkpt>
      <trkpt lat="36.23161" lon="-96.93235">
        <ele>313.7</ele>
      </trkpt>
      <trkpt lat="36.23163" lon="-96.93241">
        <ele>313.4</ele>
      </trkpt>
      <trkpt lat="36.23168" lon="-96.9325">
        <ele>313.0</ele>
      </trkpt>
      <trkpt lat="36.23172" lon="-96.93252">
        <ele>313.1</ele>
      </trkpt>
      <trkpt lat="36.23192" lon="-96.9327">
        <ele>312.7</ele>
      </trkpt>
      <trkpt lat="36.23212" lon="-96.93281">
        <ele>312.6</ele>
      </trkpt>
      <trkpt lat="36.23251" lon="-96.93299">
        <ele>312.4</ele>
      </trkpt>
      <trkpt lat="36.23261" lon="-96.9331">
        <ele>312.3</ele>
      </trkpt>
      <trkpt lat="36.23261" lon="-96.9331">
        <ele>312.3</ele>
      </trkpt>
      <trkpt lat="36.23262" lon="-96.93344">
        <ele>311.4</ele>
      </trkpt>
      <trkpt lat="36.23262" lon="-96.93344">
        <ele>311.4</ele>
      </trkpt>
      <trkpt lat="36.23263" lon="-96.93399">
        <ele>308.9</ele>
      </trkpt>
      <trkpt lat="36.23263" lon="-96.93418">
        <ele>307.5</ele>
      </trkpt>
      <trkpt lat="36.23263" lon="-96.93433">
        <ele>305.7</ele>
      </trkpt>
      <trkpt lat="36.23262" lon="-96.93456">
        <ele>305.3</ele>
      </trkpt>
      <trkpt lat="36.23265" lon="-96.93545">
        <ele>305.3</ele>
      </trkpt>
      <trkpt lat="36.23265" lon="-96.93546">
        <ele>305.4</ele>
      </trkpt>
      <trkpt lat="36.23265" lon="-96.9359">
        <ele>306.2</ele>
      </trkpt>
      <trkpt lat="36.23266" lon="-96.93612">
        <ele>306.4</ele>
      </trkpt>
      <trkpt lat="36.23267" lon="-96.93682">
        <ele>303.5</ele>
      </trkpt>
      <trkpt lat="36.23267" lon="-96.93726">
        <ele>305.4</ele>
      </trkpt>
      <trkpt lat="36.23268" lon="-96.93738">
        <ele>305.7</ele>
      </trkpt>
      <trkpt lat="36.23268" lon="-96.93749">
        <ele>306.2</ele>
      </trkpt>
      <trkpt lat="36.23267" lon="-96.93781">
        <ele>307.7</ele>
      </trkpt>
      <trkpt lat="36.23268" lon="-96.93826">
        <ele>309.6</ele>
      </trkpt>
      <trkpt lat="36.23268" lon="-96.93871">
        <ele>311.6</ele>
      </trkpt>
      <trkpt lat="36.2327" lon="-96.93982">
        <ele>315.0</ele>
      </trkpt>
      <trkpt lat="36.23271" lon="-96.94027">
        <ele>315.8</ele>
      </trkpt>
      <trkpt lat="36.23271" lon="-96.94049">
        <ele>316.0</ele>
      </trkpt>
      <trkpt lat="36.23272" lon="-96.94094">
        <ele>315.4</ele>
      </trkpt>
      <trkpt lat="36.23272" lon="-96.94116">
        <ele>314.5</ele>
      </trkpt>
      <trkpt lat="36.23274" lon="-96.9425">
        <ele>311.4</ele>
      </trkpt>
      <trkpt lat="36.23275" lon="-96.94265">
        <ele>310.9</ele>
      </trkpt>
      <trkpt lat="36.23275" lon="-96.94272">
        <ele>310.4</ele>
      </trkpt>
      <trkpt lat="36.23275" lon="-96.94294">
        <ele>309.1</ele>
      </trkpt>
      <trkpt lat="36.23275" lon="-96.94339">
        <ele>309.1</ele>
      </trkpt>
      <trkpt lat="36.23275" lon="-96.9437">
        <ele>308.7</ele>
      </trkpt>
      <trkpt lat="36.23274" lon="-96.94426">
        <ele>307.0</ele>
      </trkpt>
      <trkpt lat="36.23274" lon="-96.94428">
        <ele>306.9</ele>
      </trkpt>
      <trkpt lat="36.23272" lon="-96.94473">
        <ele>305.7</ele>
      </trkpt>
      <trkpt lat="36.23271" lon="-96.94512">
        <ele>304.8</ele>
      </trkpt>
      <trkpt lat="36.23271" lon="-96.9454">
        <ele>305.7</ele>
      </trkpt>
      <trkpt lat="36.2327" lon="-96.9455">
        <ele>306.2</ele>
      </trkpt>
      <trkpt lat="36.2327" lon="-96.94562">
        <ele>306.8</ele>
      </trkpt>
      <trkpt lat="36.2327" lon="-96.94629">
        <ele>309.0</ele>
      </trkpt>
      <trkpt lat="36.2327" lon="-96.94668">
        <ele>310.5</ele>
      </trkpt>
      <trkpt lat="36.2327" lon="-96.94673">
        <ele>310.7</ele>
      </trkpt>
      <trkpt lat="36.23269" lon="-96.94718">
        <ele>312.3</ele>
      </trkpt>
      <trkpt lat="36.23268" lon="-96.9474">
        <ele>313.1</ele>
      </trkpt>
      <trkpt lat="36.23266" lon="-96.94847">
        <ele>317.9</ele>
      </trkpt>
      <trkpt lat="36.23266" lon="-96.94874">
        <ele>319.3</ele>
      </trkpt>
      <trkpt lat="36.23265" lon="-96.94919">
        <ele>320.7</ele>
      </trkpt>
      <trkpt lat="36.23265" lon="-96.94941">
        <ele>321.5</ele>
      </trkpt>
      <trkpt lat="36.23264" lon="-96.94995">
        <ele>322.6</ele>
      </trkpt>
      <trkpt lat="36.23264" lon="-96.94995">
        <ele>322.6</ele>
      </trkpt>
      <trkpt lat="36.23263" lon="-96.95097">
        <ele>324.0</ele>
      </trkpt>
      <trkpt lat="36.23261" lon="-96.95231">
        <ele>327.4</ele>
      </trkpt>
      <trkpt lat="36.2326" lon="-96.95306">
        <ele>328.9</ele>
      </trkpt>
      <trkpt lat="36.2326" lon="-96.9532">
        <ele>329.1</ele>
      </trkpt>
      <trkpt lat="36.23257" lon="-96.9542">
        <ele>328.3</ele>
      </trkpt>
      <trkpt lat="36.23257" lon="-96.95454">
        <ele>327.5</ele>
      </trkpt>
      <trkpt lat="36.23256" lon="-96.95498">
        <ele>326.5</ele>
      </trkpt>
      <trkpt lat="36.23255" lon="-96.95565">
        <ele>324.5</ele>
      </trkpt>
      <trkpt lat="36.23255" lon="-96.95567">
        <ele>324.4</ele>
      </trkpt>
      <trkpt lat="36.23254" lon="-96.95587">
        <ele>323.3</ele>
      </trkpt>
      <trkpt lat="36.23254" lon="-96.9561">
        <ele>323.0</ele>
      </trkpt>
      <trkpt lat="36.23253" lon="-96.95632">
        <ele>322.5</ele>
      </trkpt>
      <trkpt lat="36.23252" lon="-96.95654">
        <ele>320.8</ele>
      </trkpt>
      <trkpt lat="36.23251" lon="-96.95743">
        <ele>313.9</ele>
      </trkpt>
      <trkpt lat="36.23251" lon="-96.95788">
        <ele>311.5</ele>
      </trkpt>
      <trkpt lat="36.23251" lon="-96.95817">
        <ele>309.2</ele>
      </trkpt>
      <trkpt lat="36.2325" lon="-96.95833">
        <ele>310.4</ele>
      </trkpt>
      <trkpt lat="36.23249" lon="-96.95922">
        <ele>313.8</ele>
      </trkpt>
      <trkpt lat="36.23249" lon="-96.95944">
        <ele>314.7</ele>
      </trkpt>
      <trkpt lat="36.23249" lon="-96.95966">
        <ele>315.0</ele>
      </trkpt>
      <trkpt lat="36.23249" lon="-96.95989">
        <ele>314.4</ele>
      </trkpt>
      <trkpt lat="36.23249" lon="-96.96011">
        <ele>313.7</ele>
      </trkpt>
      <trkpt lat="36.23247" lon="-96.96124">
        <ele>311.7</ele>
      </trkpt>
      <trkpt lat="36.23247" lon="-96.96174">
        <ele>310.6</ele>
      </trkpt>
      <trkpt lat="36.23247" lon="-96.9622">
        <ele>309.7</ele>
      </trkpt>
      <trkpt lat="36.23247" lon="-96.96241">
        <ele>309.1</ele>
      </trkpt>
      <trkpt lat="36.23248" lon="-96.96352">
        <ele>304.7</ele>
      </trkpt>
      <trkpt lat="36.23249" lon="-96.96419">
        <ele>302.8</ele>
      </trkpt>
      <trkpt lat="36.2325" lon="-96.96486">
        <ele>301.1</ele>
      </trkpt>
      <trkpt lat="36.23251" lon="-96.96597">
        <ele>296.5</ele>
      </trkpt>
      <trkpt lat="36.23252" lon="-96.9662">
        <ele>295.9</ele>
      </trkpt>
      <trkpt lat="36.23252" lon="-96.96642">
        <ele>295.2</ele>
      </trkpt>
      <trkpt lat="36.23253" lon="-96.96709">
        <ele>291.9</ele>
      </trkpt>
      <trkpt lat="36.23253" lon="-96.96768">
        <ele>293.4</ele>
      </trkpt>
      <trkpt lat="36.23253" lon="-96.9679">
        <ele>293.5</ele>
      </trkpt>
      <trkpt lat="36.23254" lon="-96.96835">
        <ele>293.4</ele>
      </trkpt>
      <trkpt lat="36.23254" lon="-96.96857">
        <ele>293.7</ele>
      </trkpt>
      <trkpt lat="36.23254" lon="-96.96901">
        <ele>294.9</ele>
      </trkpt>
      <trkpt lat="36.23255" lon="-96.96991">
        <ele>301.3</ele>
      </trkpt>
      <trkpt lat="36.23255" lon="-96.97013">
        <ele>302.2</ele>
      </trkpt>
      <trkpt lat="36.23255" lon="-96.97058">
        <ele>303.4</ele>
      </trkpt>
      <trkpt lat="36.23256" lon="-96.97115">
        <ele>303.2</ele>
      </trkpt>
      <trkpt lat="36.23254" lon="-96.97186">
        <ele>305.1</ele>
      </trkpt>
      <trkpt lat="36.23253" lon="-96.97191">
        <ele>305.4</ele>
      </trkpt>
      <trkpt lat="36.23252" lon="-96.97204">
        <ele>306.2</ele>
      </trkpt>
      <trkpt lat="36.23249" lon="-96.97213">
        <ele>306.7</ele>
      </trkpt>
      <trkpt lat="36.23245" lon="-96.97226">
        <ele>307.2</ele>
      </trkpt>
      <trkpt lat="36.23223" lon="-96.97274">
        <ele>309.1</ele>
      </trkpt>
      <trkpt lat="36.23192" lon="-96.97326">
        <ele>310.3</ele>
      </trkpt>
      <trkpt lat="36.2317" lon="-96.97361">
        <ele>310.3</ele>
      </trkpt>
      <trkpt lat="36.23168" lon="-96.97366">
        <ele>310.3</ele>
      </trkpt>
      <trkpt lat="36.23161" lon="-96.97382">
        <ele>310.3</ele>
      </trkpt>
      <trkpt lat="36.23161" lon="-96.97382">
        <ele>310.3</ele>
      </trkpt>
      <trkpt lat="36.23154" lon="-96.97401">
        <ele>310.6</ele>
      </trkpt>
      <trkpt lat="36.23152" lon="-96.97406">
        <ele>311.1</ele>
      </trkpt>
      <trkpt lat="36.23148" lon="-96.97422">
        <ele>312.7</ele>
      </trkpt>
      <trkpt lat="36.23146" lon="-96.9743">
        <ele>313.1</ele>
      </trkpt>
      <trkpt lat="36.23141" lon="-96.97458">
        <ele>312.4</ele>
      </trkpt>
      <trkpt lat="36.2314" lon="-96.97488">
        <ele>311.6</ele>
      </trkpt>
      <trkpt lat="36.2314" lon="-96.97501">
        <ele>311.3</ele>
      </trkpt>
      <trkpt lat="36.23141" lon="-96.97529">
        <ele>311.1</ele>
      </trkpt>
      <trkpt lat="36.23145" lon="-96.97554">
        <ele>311.1</ele>
      </trkpt>
      <trkpt lat="36.23147" lon="-96.97566">
        <ele>311.1</ele>
      </trkpt>
      <trkpt lat="36.23151" lon="-96.97576">
        <ele>311.1</ele>
      </trkpt>
      <trkpt lat="36.2316" lon="-96.97594">
        <ele>311.1</ele>
      </trkpt>
      <trkpt lat="36.23162" lon="-96.97599">
        <ele>311.1</ele>
      </trkpt>
      <trkpt lat="36.23172" lon="-96.97618">
        <ele>311.4</ele>
      </trkpt>
      <trkpt lat="36.23193" lon="-96.97654">
        <ele>309.8</ele>
      </trkpt>
      <trkpt lat="36.23198" lon="-96.97662">
        <ele>309.4</ele>
      </trkpt>
      <trkpt lat="36.232" lon="-96.97666">
        <ele>309.2</ele>
      </trkpt>
      <trkpt lat="36.23204" lon="-96.97672">
        <ele>309.0</ele>
      </trkpt>
      <trkpt lat="36.23207" lon="-96.97678">
        <ele>308.8</ele>
      </trkpt>
      <trkpt lat="36.23215" lon="-96.9769">
        <ele>308.4</ele>
      </trkpt>
      <trkpt lat="36.23224" lon="-96.97706">
        <ele>307.9</ele>
      </trkpt>
      <trkpt lat="36.23233" lon="-96.97723">
        <ele>307.4</ele>
      </trkpt>
      <trkpt lat="36.23235" lon="-96.97726">
        <ele>307.4</ele>
      </trkpt>
      <trkpt lat="36.23242" lon="-96.97743">
        <ele>306.6</ele>
      </trkpt>
      <trkpt lat="36.23243" lon="-96.97745">
        <ele>306.5</ele>
      </trkpt>
      <trkpt lat="36.23248" lon="-96.97764">
        <ele>305.6</ele>
      </trkpt>
      <trkpt lat="36.23251" lon="-96.97777">
        <ele>305.2</ele>
      </trkpt>
      <trkpt lat="36.23252" lon="-96.97785">
        <ele>305.1</ele>
      </trkpt>
      <trkpt lat="36.23254" lon="-96.97804">
        <ele>304.8</ele>
      </trkpt>
      <trkpt lat="36.23254" lon="-96.97808">
        <ele>304.8</ele>
      </trkpt>
      <trkpt lat="36.23254" lon="-96.97833">
        <ele>303.2</ele>
      </trkpt>
      <trkpt lat="36.23254" lon="-96.97868">
        <ele>300.1</ele>
      </trkpt>
      <trkpt lat="36.23254" lon="-96.97874">
        <ele>299.7</ele>
      </trkpt>
      <trkpt lat="36.23253" lon="-96.97897">
        <ele>298.0</ele>
      </trkpt>
      <trkpt lat="36.23253" lon="-96.97912">
        <ele>297.0</ele>
      </trkpt>
      <trkpt lat="36.23253" lon="-96.97919">
        <ele>296.6</ele>
      </trkpt>
      <trkpt lat="36.23253" lon="-96.97964">
        <ele>295.4</ele>
      </trkpt>
      <trkpt lat="36.23253" lon="-96.98004">
        <ele>294.3</ele>
      </trkpt>
      <trkpt lat="36.23253" lon="-96.98048">
        <ele>293.8</ele>
      </trkpt>
      <trkpt lat="36.23253" lon="-96.98134">
        <ele>292.4</ele>
      </trkpt>
      <trkpt lat="36.23252" lon="-96.98193">
        <ele>291.3</ele>
      </trkpt>
      <trkpt lat="36.23252" lon="-96.98219">
        <ele>290.6</ele>
      </trkpt>
      <trkpt lat="36.2325" lon="-96.98266">
        <ele>289.1</ele>
      </trkpt>
      <trkpt lat="36.2325" lon="-96.98308">
        <ele>286.3</ele>
      </trkpt>
      <trkpt lat="36.23249" lon="-96.98364">
        <ele>288.2</ele>
      </trkpt>
      <trkpt lat="36.23249" lon="-96.98397">
        <ele>288.8</ele>
      </trkpt>
      <trkpt lat="36.23251" lon="-96.98484">
        <ele>289.4</ele>
      </trkpt>
      <trkpt lat="36.23251" lon="-96.98497">
        <ele>289.5</ele>
      </trkpt>
      <trkpt lat="36.2325" lon="-96.98551">
        <ele>289.5</ele>
      </trkpt>
      <trkpt lat="36.2325" lon="-96.98573">
        <ele>290.4</ele>
      </trkpt>
      <trkpt lat="36.2325" lon="-96.98595">
        <ele>291.3</ele>
      </trkpt>
      <trkpt lat="36.2325" lon="-96.98707">
        <ele>292.7</ele>
      </trkpt>
      <trkpt lat="36.23249" lon="-96.98818">
        <ele>295.7</ele>
      </trkpt>
      <trkpt lat="36.2325" lon="-96.99041">
        <ele>299.1</ele>
      </trkpt>
      <trkpt lat="36.2325" lon="-96.99066">
        <ele>300.1</ele>
      </trkpt>
      <trkpt lat="36.23249" lon="-96.99086">
        <ele>300.7</ele>
      </trkpt>
      <trkpt lat="36.23249" lon="-96.99131">
        <ele>301.4</ele>
      </trkpt>
      <trkpt lat="36.23248" lon="-96.99246">
        <ele>302.2</ele>
      </trkpt>
      <trkpt lat="36.23248" lon="-96.99288">
        <ele>303.0</ele>
      </trkpt>
      <trkpt lat="36.23248" lon="-96.99288">
        <ele>303.0</ele>
      </trkpt>
      <trkpt lat="36.23248" lon="-96.99328">
        <ele>303.1</ele>
      </trkpt>
      <trkpt lat="36.23248" lon="-96.99373">
        <ele>302.6</ele>
      </trkpt>
      <trkpt lat="36.23247" lon="-96.99439">
        <ele>301.4</ele>
      </trkpt>
      <trkpt lat="36.23247" lon="-96.99461">
        <ele>300.3</ele>
      </trkpt>
      <trkpt lat="36.23247" lon="-96.99484">
        <ele>300.1</ele>
      </trkpt>
      <trkpt lat="36.23247" lon="-96.99506">
        <ele>300.8</ele>
      </trkpt>
      <trkpt lat="36.23246" lon="-96.99551">
        <ele>302.6</ele>
      </trkpt>
      <trkpt lat="36.23245" lon="-96.99662">
        <ele>304.9</ele>
      </trkpt>
      <trkpt lat="36.23245" lon="-96.99667">
        <ele>304.9</ele>
      </trkpt>
      <trkpt lat="36.23245" lon="-96.99707">
        <ele>305.3</ele>
      </trkpt>
      <trkpt lat="36.23245" lon="-96.99805">
        <ele>306.2</ele>
      </trkpt>
      <trkpt lat="36.23245" lon="-96.99837">
        <ele>307.0</ele>
      </trkpt>
      <trkpt lat="36.23244" lon="-96.99901">
        <ele>307.5</ele>
      </trkpt>
      <trkpt lat="36.23243" lon="-96.99923">
        <ele>307.4</ele>
      </trkpt>
      <trkpt lat="36.23242" lon="-96.99999">
        <ele>306.4</ele>
      </trkpt>
      <trkpt lat="36.2324" lon="-97.00057">
        <ele>304.3</ele>
      </trkpt>
      <trkpt lat="36.23239" lon="-97.00101">
        <ele>302.9</ele>
      </trkpt>
      <trkpt lat="36.23238" lon="-97.00123">
        <ele>302.6</ele>
      </trkpt>
      <trkpt lat="36.23238" lon="-97.00151">
        <ele>302.8</ele>
      </trkpt>
      <trkpt lat="36.23237" lon="-97.0019">
        <ele>302.3</ele>
      </trkpt>
      <trkpt lat="36.23234" lon="-97.00436">
        <ele>308.9</ele>
      </trkpt>
      <trkpt lat="36.23233" lon="-97.00458">
        <ele>309.5</ele>
      </trkpt>
      <trkpt lat="36.23232" lon="-97.00525">
        <ele>311.9</ele>
      </trkpt>
      <trkpt lat="36.23231" lon="-97.00636">
        <ele>313.8</ele>
      </trkpt>
      <trkpt lat="36.23229" lon="-97.00725">
        <ele>315.6</ele>
      </trkpt>
      <trkpt lat="36.23229" lon="-97.0077">
        <ele>315.2</ele>
      </trkpt>
      <trkpt lat="36.23227" lon="-97.00906">
        <ele>315.4</ele>
      </trkpt>
      <trkpt lat="36.23226" lon="-97.00918">
        <ele>315.3</ele>
      </trkpt>
      <trkpt lat="36.23226" lon="-97.00993">
        <ele>314.4</ele>
      </trkpt>
      <trkpt lat="36.23225" lon="-97.0106">
        <ele>313.7</ele>
      </trkpt>
      <trkpt lat="36.23225" lon="-97.01074">
        <ele>313.5</ele>
      </trkpt>
      <trkpt lat="36.23224" lon="-97.01216">
        <ele>310.9</ele>
      </trkpt>
      <trkpt lat="36.23223" lon="-97.01283">
        <ele>309.8</ele>
      </trkpt>
      <trkpt lat="36.23223" lon="-97.01297">
        <ele>309.6</ele>
      </trkpt>
      <trkpt lat="36.23223" lon="-97.01305">
        <ele>309.5</ele>
      </trkpt>
      <trkpt lat="36.23222" lon="-97.01386">
        <ele>309.0</ele>
      </trkpt>
      <trkpt lat="36.23222" lon="-97.01394">
        <ele>308.9</ele>
      </trkpt>
      <trkpt lat="36.23221" lon="-97.015">
        <ele>310.2</ele>
      </trkpt>
      <trkpt lat="36.23221" lon="-97.015">
        <ele>310.2</ele>
      </trkpt>
      <trkpt lat="36.23132" lon="-97.01501">
        <ele>311.9</ele>
      </trkpt>
      <trkpt lat="36.23087" lon="-97.01501">
        <ele>312.4</ele>
      </trkpt>
      <trkpt lat="36.23087" lon="-97.01501">
        <ele>312.4</ele>
      </trkpt>
      <trkpt lat="36.23078" lon="-97.01501">
        <ele>312.5</ele>
      </trkpt>
      <trkpt lat="36.23024" lon="-97.01502">
        <ele>312.2</ele>
      </trkpt>
      <trkpt lat="36.22916" lon="-97.01502">
        <ele>312.0</ele>
      </trkpt>
      <trkpt lat="36.2281" lon="-97.01503">
        <ele>310.5</ele>
      </trkpt>
      <trkpt lat="36.22756" lon="-97.01502">
        <ele>309.3</ele>
      </trkpt>
      <trkpt lat="36.22738" lon="-97.01502">
        <ele>308.9</ele>
      </trkpt>
      <trkpt lat="36.2272" lon="-97.01502">
        <ele>308.6</ele>
      </trkpt>
      <trkpt lat="36.22716" lon="-97.01502">
        <ele>308.7</ele>
      </trkpt>
      <trkpt lat="36.22648" lon="-97.01502">
        <ele>310.4</ele>
      </trkpt>
      <trkpt lat="36.22612" lon="-97.01502">
        <ele>312.1</ele>
      </trkpt>
      <trkpt lat="36.22504" lon="-97.01502">
        <ele>314.5</ele>
      </trkpt>
      <trkpt lat="36.22468" lon="-97.01503">
        <ele>315.3</ele>
      </trkpt>
      <trkpt lat="36.2245" lon="-97.01503">
        <ele>315.7</ele>
      </trkpt>
      <trkpt lat="36.2236" lon="-97.01503">
        <ele>317.4</ele>
      </trkpt>
      <trkpt lat="36.22342" lon="-97.01503">
        <ele>317.7</ele>
      </trkpt>
      <trkpt lat="36.22307" lon="-97.01503">
        <ele>318.1</ele>
      </trkpt>
      <trkpt lat="36.22189" lon="-97.01504">
        <ele>317.0</ele>
      </trkpt>
      <trkpt lat="36.22171" lon="-97.01504">
        <ele>316.8</ele>
      </trkpt>
      <trkpt lat="36.21956" lon="-97.01505">
        <ele>317.3</ele>
      </trkpt>
      <trkpt lat="36.21892" lon="-97.01504">
        <ele>316.9</ele>
      </trkpt>
      <trkpt lat="36.21856" lon="-97.01504">
        <ele>317.0</ele>
      </trkpt>
      <trkpt lat="36.21838" lon="-97.01504">
        <ele>317.0</ele>
      </trkpt>
      <trkpt lat="36.2182" lon="-97.01504">
        <ele>316.9</ele>
      </trkpt>
      <trkpt lat="36.21802" lon="-97.01505">
        <ele>316.7</ele>
      </trkpt>
      <trkpt lat="36.21779" lon="-97.01505">
        <ele>316.0</ele>
      </trkpt>
      <trkpt lat="36.21774" lon="-97.01505">
        <ele>315.8</ele>
      </trkpt>
      <trkpt lat="36.21763" lon="-97.01505">
        <ele>315.3</ele>
      </trkpt>
      <trkpt lat="36.21761" lon="-97.01505">
        <ele>315.2</ele>
      </trkpt>
      <trkpt lat="36.2176" lon="-97.01505">
        <ele>315.1</ele>
      </trkpt>
      <trkpt lat="36.21743" lon="-97.01505">
        <ele>314.9</ele>
      </trkpt>
      <trkpt lat="36.21725" lon="-97.01505">
        <ele>314.6</ele>
      </trkpt>
      <trkpt lat="36.21722" lon="-97.01505">
        <ele>314.5</ele>
      </trkpt>
      <trkpt lat="36.21671" lon="-97.01508">
        <ele>313.8</ele>
      </trkpt>
      <trkpt lat="36.21655" lon="-97.01509">
        <ele>313.5</ele>
      </trkpt>
      <trkpt lat="36.21653" lon="-97.01509">
        <ele>313.5</ele>
      </trkpt>
      <trkpt lat="36.216" lon="-97.01517">
        <ele>311.8</ele>
      </trkpt>
      <trkpt lat="36.21578" lon="-97.0152">
        <ele>310.6</ele>
      </trkpt>
      <trkpt lat="36.21523" lon="-97.01525">
        <ele>310.2</ele>
      </trkpt>
      <trkpt lat="36.21517" lon="-97.01526">
        <ele>310.1</ele>
      </trkpt>
      <trkpt lat="36.21499" lon="-97.01527">
        <ele>310.0</ele>
      </trkpt>
      <trkpt lat="36.21427" lon="-97.01531">
        <ele>308.2</ele>
      </trkpt>
      <trkpt lat="36.21409" lon="-97.01532">
        <ele>307.7</ele>
      </trkpt>
      <trkpt lat="36.21373" lon="-97.01534">
        <ele>307.4</ele>
      </trkpt>
      <trkpt lat="36.21367" lon="-97.01534">
        <ele>307.4</ele>
      </trkpt>
      <trkpt lat="36.21355" lon="-97.01535">
        <ele>307.3</ele>
      </trkpt>
      <trkpt lat="36.21337" lon="-97.01536">
        <ele>307.1</ele>
      </trkpt>
      <trkpt lat="36.21229" lon="-97.01545">
        <ele>306.4</ele>
      </trkpt>
      <trkpt lat="36.21213" lon="-97.01546">
        <ele>305.8</ele>
      </trkpt>
      <trkpt lat="36.2114" lon="-97.01552">
        <ele>305.9</ele>
      </trkpt>
      <trkpt lat="36.21122" lon="-97.01553">
        <ele>305.8</ele>
      </trkpt>
      <trkpt lat="36.21045" lon="-97.01559">
        <ele>304.8</ele>
      </trkpt>
      <trkpt lat="36.21045" lon="-97.01559">
        <ele>304.8</ele>
      </trkpt>
      <trkpt lat="36.21032" lon="-97.0156">
        <ele>304.7</ele>
      </trkpt>
      <trkpt lat="36.21014" lon="-97.01561">
        <ele>304.7</ele>
      </trkpt>
      <trkpt lat="36.20886" lon="-97.0157">
        <ele>305.4</ele>
      </trkpt>
      <trkpt lat="36.20788" lon="-97.01577">
        <ele>305.8</ele>
      </trkpt>
      <trkpt lat="36.20769" lon="-97.01578">
        <ele>305.8</ele>
      </trkpt>
      <trkpt lat="36.20751" lon="-97.0158">
        <ele>305.4</ele>
      </trkpt>
      <trkpt lat="36.20647" lon="-97.01588">
        <ele>302.2</ele>
      </trkpt>
      <trkpt lat="36.20643" lon="-97.01588">
        <ele>302.1</ele>
      </trkpt>
      <trkpt lat="36.20625" lon="-97.01589">
        <ele>301.9</ele>
      </trkpt>
      <trkpt lat="36.20571" lon="-97.01592">
        <ele>301.4</ele>
      </trkpt>
      <trkpt lat="36.20535" lon="-97.01594">
        <ele>301.2</ele>
      </trkpt>
      <trkpt lat="36.20528" lon="-97.01594">
        <ele>301.2</ele>
      </trkpt>
      <trkpt lat="36.20428" lon="-97.01604">
        <ele>304.1</ele>
      </trkpt>
      <trkpt lat="36.2042" lon="-97.01604">
        <ele>304.1</ele>
      </trkpt>
      <trkpt lat="36.20329" lon="-97.01611">
        <ele>304.5</ele>
      </trkpt>
      <trkpt lat="36.2032" lon="-97.01611">
        <ele>304.8</ele>
      </trkpt>
      <trkpt lat="36.20228" lon="-97.01612">
        <ele>306.7</ele>
      </trkpt>
      <trkpt lat="36.2021" lon="-97.01612">
        <ele>306.6</ele>
      </trkpt>
      <trkpt lat="36.20192" lon="-97.01612">
        <ele>306.4</ele>
      </trkpt>
      <trkpt lat="36.20174" lon="-97.01612">
        <ele>306.2</ele>
      </trkpt>
      <trkpt lat="36.20033" lon="-97.01614">
        <ele>306.5</ele>
      </trkpt>
      <trkpt lat="36.20012" lon="-97.01614">
        <ele>306.5</ele>
      </trkpt>
      <trkpt lat="36.19923" lon="-97.01615">
        <ele>305.8</ele>
      </trkpt>
      <trkpt lat="36.19887" lon="-97.01615">
        <ele>305.3</ele>
      </trkpt>
      <trkpt lat="36.19851" lon="-97.01615">
        <ele>304.8</ele>
      </trkpt>
      <trkpt lat="36.19757" lon="-97.01616">
        <ele>301.8</ele>
      </trkpt>
      <trkpt lat="36.1969" lon="-97.01617">
        <ele>301.3</ele>
      </trkpt>
      <trkpt lat="36.19685" lon="-97.01617">
        <ele>301.2</ele>
      </trkpt>
      <trkpt lat="36.19667" lon="-97.01618">
        <ele>300.8</ele>
      </trkpt>
      <trkpt lat="36.19632" lon="-97.01618">
        <ele>299.8</ele>
      </trkpt>
      <trkpt lat="36.19619" lon="-97.01617">
        <ele>299.6</ele>
      </trkpt>
      <trkpt lat="36.19595" lon="-97.01618">
        <ele>299.5</ele>
      </trkpt>
      <trkpt lat="36.1959" lon="-97.01618">
        <ele>299.5</ele>
      </trkpt>
      <trkpt lat="36.19548" lon="-97.01618">
        <ele>299.8</ele>
      </trkpt>
      <trkpt lat="36.19548" lon="-97.01618">
        <ele>299.8</ele>
      </trkpt>
      <trkpt lat="36.19496" lon="-97.01619">
        <ele>299.5</ele>
      </trkpt>
      <trkpt lat="36.19476" lon="-97.01619">
        <ele>299.7</ele>
      </trkpt>
      <trkpt lat="36.19428" lon="-97.0162">
        <ele>300.4</ele>
      </trkpt>
      <trkpt lat="36.19379" lon="-97.0162">
        <ele>301.2</ele>
      </trkpt>
      <trkpt lat="36.19298" lon="-97.01622">
        <ele>302.6</ele>
      </trkpt>
      <trkpt lat="36.19226" lon="-97.01621">
        <ele>303.7</ele>
      </trkpt>
      <trkpt lat="36.1919" lon="-97.01621">
        <ele>304.4</ele>
      </trkpt>
      <trkpt lat="36.19119" lon="-97.01621">
        <ele>305.1</ele>
      </trkpt>
      <trkpt lat="36.18958" lon="-97.01622">
        <ele>305.0</ele>
      </trkpt>
      <trkpt lat="36.18868" lon="-97.01623">
        <ele>304.6</ele>
      </trkpt>
      <trkpt lat="36.18809" lon="-97.01621">
        <ele>304.1</ele>
      </trkpt>
      <trkpt lat="36.18796" lon="-97.01621">
        <ele>304.0</ele>
      </trkpt>
      <trkpt lat="36.18755" lon="-97.0162">
        <ele>303.4</ele>
      </trkpt>
      <trkpt lat="36.18748" lon="-97.0162">
        <ele>303.4</ele>
      </trkpt>
      <trkpt lat="36.18701" lon="-97.01619">
        <ele>303.9</ele>
      </trkpt>
      <trkpt lat="36.18688" lon="-97.01618">
        <ele>304.1</ele>
      </trkpt>
      <trkpt lat="36.18593" lon="-97.01616">
        <ele>304.6</ele>
      </trkpt>
      <trkpt lat="36.1858" lon="-97.01616">
        <ele>304.5</ele>
      </trkpt>
      <trkpt lat="36.18557" lon="-97.01616">
        <ele>304.3</ele>
      </trkpt>
      <trkpt lat="36.18539" lon="-97.01615">
        <ele>304.2</ele>
      </trkpt>
      <trkpt lat="36.18534" lon="-97.01615">
        <ele>304.2</ele>
      </trkpt>
      <trkpt lat="36.18485" lon="-97.01614">
        <ele>303.8</ele>
      </trkpt>
      <trkpt lat="36.1848" lon="-97.01614">
        <ele>303.7</ele>
      </trkpt>
      <trkpt lat="36.18449" lon="-97.01613">
        <ele>302.6</ele>
      </trkpt>
      <trkpt lat="36.18377" lon="-97.01612">
        <ele>299.4</ele>
      </trkpt>
      <trkpt lat="36.18373" lon="-97.01612">
        <ele>299.1</ele>
      </trkpt>
      <trkpt lat="36.18359" lon="-97.01612">
        <ele>298.7</ele>
      </trkpt>
      <trkpt lat="36.18305" lon="-97.01611">
        <ele>297.6</ele>
      </trkpt>
      <trkpt lat="36.18301" lon="-97.0161">
        <ele>297.4</ele>
      </trkpt>
      <trkpt lat="36.18287" lon="-97.0161">
        <ele>296.7</ele>
      </trkpt>
      <trkpt lat="36.18251" lon="-97.0161">
        <ele>293.9</ele>
      </trkpt>
      <trkpt lat="36.18217" lon="-97.01609">
        <ele>295.1</ele>
      </trkpt>
      <trkpt lat="36.18118" lon="-97.01606">
        <ele>298.5</ele>
      </trkpt>
      <trkpt lat="36.18022" lon="-97.01604">
        <ele>300.3</ele>
      </trkpt>
      <trkpt lat="36.17993" lon="-97.01603">
        <ele>300.7</ele>
      </trkpt>
      <trkpt lat="36.17986" lon="-97.01603">
        <ele>300.7</ele>
      </trkpt>
      <trkpt lat="36.17968" lon="-97.01603">
        <ele>300.7</ele>
      </trkpt>
      <trkpt lat="36.1794" lon="-97.01602">
        <ele>300.4</ele>
      </trkpt>
      <trkpt lat="36.17932" lon="-97.01602">
        <ele>300.3</ele>
      </trkpt>
      <trkpt lat="36.17914" lon="-97.01602">
        <ele>299.7</ele>
      </trkpt>
      <trkpt lat="36.17825" lon="-97.016">
        <ele>295.8</ele>
      </trkpt>
      <trkpt lat="36.17816" lon="-97.01599">
        <ele>295.6</ele>
      </trkpt>
      <trkpt lat="36.17771" lon="-97.01598">
        <ele>293.5</ele>
      </trkpt>
      <trkpt lat="36.17735" lon="-97.01597">
        <ele>292.8</ele>
      </trkpt>
      <trkpt lat="36.17717" lon="-97.01596">
        <ele>292.9</ele>
      </trkpt>
      <trkpt lat="36.17663" lon="-97.01594">
        <ele>294.9</ele>
      </trkpt>
      <trkpt lat="36.17599" lon="-97.01595">
        <ele>293.3</ele>
      </trkpt>
      <trkpt lat="36.17566" lon="-97.01593">
        <ele>291.2</ele>
      </trkpt>
      <trkpt lat="36.17494" lon="-97.01591">
        <ele>290.6</ele>
      </trkpt>
      <trkpt lat="36.17412" lon="-97.0159">
        <ele>294.7</ele>
      </trkpt>
      <trkpt lat="36.1737" lon="-97.01589">
        <ele>294.6</ele>
      </trkpt>
      <trkpt lat="36.17334" lon="-97.01589">
        <ele>294.1</ele>
      </trkpt>
      <trkpt lat="36.17312" lon="-97.01589">
        <ele>294.7</ele>
      </trkpt>
      <trkpt lat="36.17298" lon="-97.01588">
        <ele>295.2</ele>
      </trkpt>
      <trkpt lat="36.17208" lon="-97.01586">
        <ele>299.5</ele>
      </trkpt>
      <trkpt lat="36.17154" lon="-97.01584">
        <ele>299.9</ele>
      </trkpt>
      <trkpt lat="36.17048" lon="-97.01581">
        <ele>299.5</ele>
      </trkpt>
      <trkpt lat="36.17021" lon="-97.01581">
        <ele>299.3</ele>
      </trkpt>
      <trkpt lat="36.16868" lon="-97.01578">
        <ele>296.1</ele>
      </trkpt>
      <trkpt lat="36.16773" lon="-97.01577">
        <ele>293.0</ele>
      </trkpt>
      <trkpt lat="36.16734" lon="-97.01576">
        <ele>293.7</ele>
      </trkpt>
      <trkpt lat="36.16697" lon="-97.01576">
        <ele>294.3</ele>
      </trkpt>
      <trkpt lat="36.1669" lon="-97.01576">
        <ele>294.3</ele>
      </trkpt>
      <trkpt lat="36.1661" lon="-97.01576">
        <ele>292.2</ele>
      </trkpt>
      <trkpt lat="36.16589" lon="-97.01575">
        <ele>292.2</ele>
      </trkpt>
      <trkpt lat="36.16571" lon="-97.01574">
        <ele>292.2</ele>
      </trkpt>
      <trkpt lat="36.16481" lon="-97.01572">
        <ele>287.3</ele>
      </trkpt>
      <trkpt lat="36.16446" lon="-97.0157">
        <ele>286.9</ele>
      </trkpt>
      <trkpt lat="36.16445" lon="-97.0157">
        <ele>286.9</ele>
      </trkpt>
      <trkpt lat="36.16366" lon="-97.0157">
        <ele>287.2</ele>
      </trkpt>
      <trkpt lat="36.16354" lon="-97.0157">
        <ele>286.6</ele>
      </trkpt>
      <trkpt lat="36.16325" lon="-97.01569">
        <ele>286.1</ele>
      </trkpt>
      <trkpt lat="36.16288" lon="-97.01568">
        <ele>283.9</ele>
      </trkpt>
      <trkpt lat="36.16252" lon="-97.01567">
        <ele>283.5</ele>
      </trkpt>
      <trkpt lat="36.16234" lon="-97.01567">
        <ele>283.7</ele>
      </trkpt>
      <trkpt lat="36.16216" lon="-97.01566">
        <ele>284.0</ele>
      </trkpt>
      <trkpt lat="36.16126" lon="-97.01564">
        <ele>288.1</ele>
      </trkpt>
      <trkpt lat="36.16108" lon="-97.01564">
        <ele>288.9</ele>
      </trkpt>
      <trkpt lat="36.16102" lon="-97.01564">
        <ele>289.0</ele>
      </trkpt>
      <trkpt lat="36.1609" lon="-97.01563">
        <ele>289.1</ele>
      </trkpt>
      <trkpt lat="36.16036" lon="-97.01562">
        <ele>286.9</ele>
      </trkpt>
      <trkpt lat="36.16018" lon="-97.01562">
        <ele>286.2</ele>
      </trkpt>
      <trkpt lat="36.15964" lon="-97.01561">
        <ele>287.7</ele>
      </trkpt>
      <trkpt lat="36.15928" lon="-97.01559">
        <ele>289.8</ele>
      </trkpt>
      <trkpt lat="36.15881" lon="-97.01558">
        <ele>292.1</ele>
      </trkpt>
      <trkpt lat="36.15845" lon="-97.01556">
        <ele>293.0</ele>
      </trkpt>
      <trkpt lat="36.15827" lon="-97.01555">
        <ele>293.5</ele>
      </trkpt>
      <trkpt lat="36.15802" lon="-97.01554">
        <ele>293.6</ele>
      </trkpt>
      <trkpt lat="36.15791" lon="-97.01554">
        <ele>293.6</ele>
      </trkpt>
      <trkpt lat="36.15737" lon="-97.01551">
        <ele>292.3</ele>
      </trkpt>
      <trkpt lat="36.15719" lon="-97.0155">
        <ele>291.7</ele>
      </trkpt>
      <trkpt lat="36.15701" lon="-97.01549">
        <ele>290.9</ele>
      </trkpt>
      <trkpt lat="36.15665" lon="-97.01547">
        <ele>289.4</ele>
      </trkpt>
      <trkpt lat="36.15647" lon="-97.01547">
        <ele>288.9</ele>
      </trkpt>
      <trkpt lat="36.15644" lon="-97.01546">
        <ele>288.8</ele>
      </trkpt>
      <trkpt lat="36.15549" lon="-97.01541">
        <ele>287.9</ele>
      </trkpt>
      <trkpt lat="36.15538" lon="-97.0154">
        <ele>287.4</ele>
      </trkpt>
      <trkpt lat="36.15513" lon="-97.01539">
        <ele>286.4</ele>
      </trkpt>
      <trkpt lat="36.15495" lon="-97.01538">
        <ele>285.3</ele>
      </trkpt>
      <trkpt lat="36.15477" lon="-97.01537">
        <ele>284.0</ele>
      </trkpt>
      <trkpt lat="36.15459" lon="-97.01535">
        <ele>284.1</ele>
      </trkpt>
      <trkpt lat="36.15441" lon="-97.01534">
        <ele>285.5</ele>
      </trkpt>
      <trkpt lat="36.15405" lon="-97.01532">
        <ele>287.3</ele>
      </trkpt>
      <trkpt lat="36.15394" lon="-97.01531">
        <ele>288.3</ele>
      </trkpt>
      <trkpt lat="36.15387" lon="-97.01531">
        <ele>288.8</ele>
      </trkpt>
      <trkpt lat="36.15369" lon="-97.0153">
        <ele>289.5</ele>
      </trkpt>
      <trkpt lat="36.15351" lon="-97.01529">
        <ele>290.0</ele>
      </trkpt>
      <trkpt lat="36.15333" lon="-97.01529">
        <ele>290.4</ele>
      </trkpt>
      <trkpt lat="36.15315" lon="-97.01528">
        <ele>290.3</ele>
      </trkpt>
      <trkpt lat="36.15297" lon="-97.01527">
        <ele>290.0</ele>
      </trkpt>
      <trkpt lat="36.15289" lon="-97.01527">
        <ele>289.7</ele>
      </trkpt>
      <trkpt lat="36.15289" lon="-97.01527">
        <ele>289.7</ele>
      </trkpt>
      <trkpt lat="36.15271" lon="-97.01526">
        <ele>289.6</ele>
      </trkpt>
      <trkpt lat="36.15154" lon="-97.01526">
        <ele>287.1</ele>
      </trkpt>
      <trkpt lat="36.15136" lon="-97.01526">
        <ele>286.6</ele>
      </trkpt>
      <trkpt lat="36.15101" lon="-97.01525">
        <ele>285.8</ele>
      </trkpt>
      <trkpt lat="36.15064" lon="-97.01526">
        <ele>284.9</ele>
      </trkpt>
      <trkpt lat="36.15004" lon="-97.01526">
        <ele>283.4</ele>
      </trkpt>
      <trkpt lat="36.14986" lon="-97.01527">
        <ele>283.4</ele>
      </trkpt>
      <trkpt lat="36.14971" lon="-97.01527">
        <ele>283.4</ele>
      </trkpt>
      <trkpt lat="36.14968" lon="-97.01527">
        <ele>283.4</ele>
      </trkpt>
      <trkpt lat="36.14914" lon="-97.01526">
        <ele>283.4</ele>
      </trkpt>
      <trkpt lat="36.14878" lon="-97.01526">
        <ele>283.2</ele>
      </trkpt>
      <trkpt lat="36.1482" lon="-97.01526">
        <ele>283.9</ele>
      </trkpt>
      <trkpt lat="36.1477" lon="-97.01526">
        <ele>284.2</ele>
      </trkpt>
      <trkpt lat="36.14752" lon="-97.01527">
        <ele>284.4</ele>
      </trkpt>
      <trkpt lat="36.14734" lon="-97.01527">
        <ele>284.6</ele>
      </trkpt>
      <trkpt lat="36.14716" lon="-97.01527">
        <ele>284.8</ele>
      </trkpt>
      <trkpt lat="36.14707" lon="-97.01527">
        <ele>284.9</ele>
      </trkpt>
      <trkpt lat="36.14698" lon="-97.01527">
        <ele>284.9</ele>
      </trkpt>
      <trkpt lat="36.1468" lon="-97.01527">
        <ele>285.0</ele>
      </trkpt>
      <trkpt lat="36.14662" lon="-97.01528">
        <ele>285.0</ele>
      </trkpt>
      <trkpt lat="36.14641" lon="-97.01528">
        <ele>284.7</ele>
      </trkpt>
      <trkpt lat="36.14626" lon="-97.01528">
        <ele>284.1</ele>
      </trkpt>
      <trkpt lat="36.14608" lon="-97.01528">
        <ele>283.5</ele>
      </trkpt>
      <trkpt lat="36.14572" lon="-97.01528">
        <ele>282.5</ele>
      </trkpt>
      <trkpt lat="36.14554" lon="-97.01528">
        <ele>281.7</ele>
      </trkpt>
      <trkpt lat="36.14532" lon="-97.01528">
        <ele>280.9</ele>
      </trkpt>
      <trkpt lat="36.14523" lon="-97.01528">
        <ele>280.4</ele>
      </trkpt>
      <trkpt lat="36.14511" lon="-97.01528">
        <ele>279.9</ele>
      </trkpt>
      <trkpt lat="36.14493" lon="-97.01529">
        <ele>279.3</ele>
      </trkpt>
      <trkpt lat="36.14439" lon="-97.0153">
        <ele>278.3</ele>
      </trkpt>
      <trkpt lat="36.14421" lon="-97.0153">
        <ele>277.7</ele>
      </trkpt>
      <trkpt lat="36.14349" lon="-97.01532">
        <ele>275.3</ele>
      </trkpt>
      <trkpt lat="36.14331" lon="-97.01532">
        <ele>274.2</ele>
      </trkpt>
      <trkpt lat="36.14313" lon="-97.01533">
        <ele>273.2</ele>
      </trkpt>
      <trkpt lat="36.14295" lon="-97.01533">
        <ele>272.4</ele>
      </trkpt>
      <trkpt lat="36.14259" lon="-97.01534">
        <ele>270.6</ele>
      </trkpt>
      <trkpt lat="36.14242" lon="-97.01535">
        <ele>271.4</ele>
      </trkpt>
      <trkpt lat="36.14241" lon="-97.01535">
        <ele>271.4</ele>
      </trkpt>
      <trkpt lat="36.14187" lon="-97.01535">
        <ele>272.8</ele>
      </trkpt>
      <trkpt lat="36.14151" lon="-97.01536">
        <ele>273.4</ele>
      </trkpt>
      <trkpt lat="36.14133" lon="-97.01536">
        <ele>273.2</ele>
      </trkpt>
      <trkpt lat="36.14115" lon="-97.01536">
        <ele>272.9</ele>
      </trkpt>
      <trkpt lat="36.14097" lon="-97.01536">
        <ele>273.6</ele>
      </trkpt>
      <trkpt lat="36.14079" lon="-97.01536">
        <ele>275.2</ele>
      </trkpt>
      <trkpt lat="36.14025" lon="-97.01537">
        <ele>279.9</ele>
      </trkpt>
      <trkpt lat="36.14007" lon="-97.01537">
        <ele>280.3</ele>
      </trkpt>
      <trkpt lat="36.13988" lon="-97.01537">
        <ele>280.8</ele>
      </trkpt>
      <trkpt lat="36.13971" lon="-97.01537">
        <ele>281.5</ele>
      </trkpt>
      <trkpt lat="36.13944" lon="-97.01539">
        <ele>281.7</ele>
      </trkpt>
      <trkpt lat="36.13912" lon="-97.0154">
        <ele>281.0</ele>
      </trkpt>
      <trkpt lat="36.13882" lon="-97.01541">
        <ele>280.9</ele>
      </trkpt>
      <trkpt lat="36.13872" lon="-97.01541">
        <ele>280.8</ele>
      </trkpt>
      <trkpt lat="36.13854" lon="-97.01542">
        <ele>280.2</ele>
      </trkpt>
      <trkpt lat="36.13822" lon="-97.01542">
        <ele>279.7</ele>
      </trkpt>
      <trkpt lat="36.13818" lon="-97.01542">
        <ele>279.6</ele>
      </trkpt>
      <trkpt lat="36.13708" lon="-97.01545">
        <ele>276.2</ele>
      </trkpt>
      <trkpt lat="36.13654" lon="-97.01546">
        <ele>273.8</ele>
      </trkpt>
      <trkpt lat="36.13636" lon="-97.01547">
        <ele>273.3</ele>
      </trkpt>
      <trkpt lat="36.13601" lon="-97.01548">
        <ele>272.4</ele>
      </trkpt>
      <trkpt lat="36.13596" lon="-97.01548">
        <ele>272.5</ele>
      </trkpt>
      <trkpt lat="36.13583" lon="-97.01548">
        <ele>272.8</ele>
      </trkpt>
      <trkpt lat="36.13547" lon="-97.01549">
        <ele>273.9</ele>
      </trkpt>
      <trkpt lat="36.13529" lon="-97.0155">
        <ele>274.2</ele>
      </trkpt>
      <trkpt lat="36.13439" lon="-97.01551">
        <ele>277.3</ele>
      </trkpt>
      <trkpt lat="36.13421" lon="-97.01552">
        <ele>277.7</ele>
      </trkpt>
      <trkpt lat="36.13403" lon="-97.01552">
        <ele>278.3</ele>
      </trkpt>
      <trkpt lat="36.13385" lon="-97.01553">
        <ele>278.7</ele>
      </trkpt>
      <trkpt lat="36.13295" lon="-97.01555">
        <ele>277.7</ele>
      </trkpt>
      <trkpt lat="36.13273" lon="-97.01555">
        <ele>277.2</ele>
      </trkpt>
      <trkpt lat="36.13223" lon="-97.01557">
        <ele>276.3</ele>
      </trkpt>
      <trkpt lat="36.13187" lon="-97.01559">
        <ele>276.0</ele>
      </trkpt>
      <trkpt lat="36.13151" lon="-97.0156">
        <ele>276.1</ele>
      </trkpt>
      <trkpt lat="36.13133" lon="-97.01561">
        <ele>276.1</ele>
      </trkpt>
      <trkpt lat="36.13115" lon="-97.01562">
        <ele>275.8</ele>
      </trkpt>
      <trkpt lat="36.13097" lon="-97.01563">
        <ele>275.5</ele>
      </trkpt>
      <trkpt lat="36.13089" lon="-97.01563">
        <ele>275.4</ele>
      </trkpt>
      <trkpt lat="36.13073" lon="-97.01562">
        <ele>275.3</ele>
      </trkpt>
      <trkpt lat="36.13018" lon="-97.01563">
        <ele>275.0</ele>
      </trkpt>
      <trkpt lat="36.12946" lon="-97.01562">
        <ele>272.0</ele>
      </trkpt>
      <trkpt lat="36.12874" lon="-97.01562">
        <ele>268.9</ele>
      </trkpt>
      <trkpt lat="36.12831" lon="-97.01562">
        <ele>267.4</ele>
      </trkpt>
      <trkpt lat="36.12795" lon="-97.01562">
        <ele>266.5</ele>
      </trkpt>
      <trkpt lat="36.12777" lon="-97.01562">
        <ele>266.2</ele>
      </trkpt>
      <trkpt lat="36.1276" lon="-97.01561">
        <ele>265.9</ele>
      </trkpt>
      <trkpt lat="36.12713" lon="-97.01561">
        <ele>264.3</ele>
      </trkpt>
      <trkpt lat="36.12688" lon="-97.0156">
        <ele>263.0</ele>
      </trkpt>
      <trkpt lat="36.12649" lon="-97.01558">
        <ele>263.6</ele>
      </trkpt>
      <trkpt lat="36.12569" lon="-97.01558">
        <ele>265.0</ele>
      </trkpt>
      <trkpt lat="36.12551" lon="-97.01558">
        <ele>265.4</ele>
      </trkpt>
      <trkpt lat="36.12533" lon="-97.01558">
        <ele>265.1</ele>
      </trkpt>
      <trkpt lat="36.12515" lon="-97.01559">
        <ele>264.7</ele>
      </trkpt>
      <trkpt lat="36.12501" lon="-97.01559">
        <ele>264.4</ele>
      </trkpt>
      <trkpt lat="36.12394" lon="-97.01559">
        <ele>264.6</ele>
      </trkpt>
      <trkpt lat="36.12394" lon="-97.01559">
        <ele>264.6</ele>
      </trkpt>
      <trkpt lat="36.12381" lon="-97.01559">
        <ele>264.7</ele>
      </trkpt>
      <trkpt lat="36.12344" lon="-97.01565">
        <ele>263.5</ele>
      </trkpt>
      <trkpt lat="36.12319" lon="-97.01574">
        <ele>263.7</ele>
      </trkpt>
      <trkpt lat="36.12291" lon="-97.01584">
        <ele>264.1</ele>
      </trkpt>
      <trkpt lat="36.12258" lon="-97.01597">
        <ele>264.0</ele>
      </trkpt>
      <trkpt lat="36.12253" lon="-97.01599">
        <ele>264.1</ele>
      </trkpt>
      <trkpt lat="36.12237" lon="-97.01606">
        <ele>264.1</ele>
      </trkpt>
      <trkpt lat="36.12208" lon="-97.01615">
        <ele>262.3</ele>
      </trkpt>
      <trkpt lat="36.12183" lon="-97.01618">
        <ele>260.3</ele>
      </trkpt>
      <trkpt lat="36.12174" lon="-97.01619">
        <ele>260.1</ele>
      </trkpt>
      <trkpt lat="36.12149" lon="-97.0162">
        <ele>259.8</ele>
      </trkpt>
      <trkpt lat="36.12147" lon="-97.0162">
        <ele>259.8</ele>
      </trkpt>
      <trkpt lat="36.12135" lon="-97.01621">
        <ele>259.8</ele>
      </trkpt>
      <trkpt lat="36.12111" lon="-97.01617">
        <ele>259.5</ele>
      </trkpt>
      <trkpt lat="36.12104" lon="-97.01616">
        <ele>259.6</ele>
      </trkpt>
      <trkpt lat="36.12094" lon="-97.01613">
        <ele>259.5</ele>
      </trkpt>
      <trkpt lat="36.12076" lon="-97.01607">
        <ele>259.5</ele>
      </trkpt>
      <trkpt lat="36.12074" lon="-97.01607">
        <ele>259.5</ele>
      </trkpt>
      <trkpt lat="36.12061" lon="-97.01601">
        <ele>259.3</ele>
      </trkpt>
      <trkpt lat="36.12059" lon="-97.016">
        <ele>259.3</ele>
      </trkpt>
      <trkpt lat="36.12049" lon="-97.01595">
        <ele>259.3</ele>
      </trkpt>
      <trkpt lat="36.12012" lon="-97.01568">
        <ele>260.1</ele>
      </trkpt>
      <trkpt lat="36.12005" lon="-97.01563">
        <ele>260.6</ele>
      </trkpt>
      <trkpt lat="36.1199" lon="-97.01556">
        <ele>261.6</ele>
      </trkpt>
      <trkpt lat="36.11956" lon="-97.01552">
        <ele>260.2</ele>
      </trkpt>
      <trkpt lat="36.11926" lon="-97.01551">
        <ele>263.0</ele>
      </trkpt>
      <trkpt lat="36.11889" lon="-97.01553">
        <ele>263.3</ele>
      </trkpt>
      <trkpt lat="36.1186" lon="-97.01556">
        <ele>263.6</ele>
      </trkpt>
      <trkpt lat="36.11806" lon="-97.01554">
        <ele>263.7</ele>
      </trkpt>
      <trkpt lat="36.11788" lon="-97.01554">
        <ele>263.7</ele>
      </trkpt>
      <trkpt lat="36.11776" lon="-97.01554">
        <ele>263.6</ele>
      </trkpt>
      <trkpt lat="36.11761" lon="-97.01554">
        <ele>263.5</ele>
      </trkpt>
      <trkpt lat="36.11743" lon="-97.01554">
        <ele>263.2</ele>
      </trkpt>
      <trkpt lat="36.11725" lon="-97.01554">
        <ele>262.9</ele>
      </trkpt>
      <trkpt lat="36.11707" lon="-97.01554">
        <ele>262.5</ele>
      </trkpt>
      <trkpt lat="36.11689" lon="-97.01553">
        <ele>262.2</ele>
      </trkpt>
      <trkpt lat="36.11671" lon="-97.01553">
        <ele>262.9</ele>
      </trkpt>
      <trkpt lat="36.11653" lon="-97.01553">
        <ele>264.2</ele>
      </trkpt>
      <trkpt lat="36.11635" lon="-97.01553">
        <ele>265.0</ele>
      </trkpt>
      <trkpt lat="36.11617" lon="-97.01553">
        <ele>265.8</ele>
      </trkpt>
      <trkpt lat="36.11595" lon="-97.01553">
        <ele>266.5</ele>
      </trkpt>
      <trkpt lat="36.11548" lon="-97.01553">
        <ele>269.0</ele>
      </trkpt>
      <trkpt lat="36.11544" lon="-97.01553">
        <ele>269.2</ele>
      </trkpt>
      <trkpt lat="36.11539" lon="-97.01553">
        <ele>269.3</ele>
      </trkpt>
      <trkpt lat="36.11487" lon="-97.01552">
        <ele>270.7</ele>
      </trkpt>
      <trkpt lat="36.11451" lon="-97.01552">
        <ele>271.9</ele>
      </trkpt>
      <trkpt lat="36.11433" lon="-97.01551">
        <ele>272.0</ele>
      </trkpt>
      <trkpt lat="36.11415" lon="-97.01551">
        <ele>272.1</ele>
      </trkpt>
      <trkpt lat="36.11379" lon="-97.01551">
        <ele>270.9</ele>
      </trkpt>
      <trkpt lat="36.11361" lon="-97.01551">
        <ele>270.3</ele>
      </trkpt>
      <trkpt lat="36.11343" lon="-97.01551">
        <ele>269.8</ele>
      </trkpt>
      <trkpt lat="36.11325" lon="-97.0155">
        <ele>269.8</ele>
      </trkpt>
      <trkpt lat="36.11307" lon="-97.0155">
        <ele>270.3</ele>
      </trkpt>
      <trkpt lat="36.11271" lon="-97.0155">
        <ele>271.8</ele>
      </trkpt>
      <trkpt lat="36.11217" lon="-97.01549">
        <ele>273.3</ele>
      </trkpt>
      <trkpt lat="36.11199" lon="-97.01549">
        <ele>273.6</ele>
      </trkpt>
      <trkpt lat="36.11181" lon="-97.01549">
        <ele>273.7</ele>
      </trkpt>
      <trkpt lat="36.11091" lon="-97.01549">
        <ele>272.3</ele>
      </trkpt>
      <trkpt lat="36.11008" lon="-97.01549">
        <ele>269.3</ele>
      </trkpt>
      <trkpt lat="36.10941" lon="-97.01551">
        <ele>265.9</ele>
      </trkpt>
      <trkpt lat="36.10874" lon="-97.01551">
        <ele>265.2</ele>
      </trkpt>
      <trkpt lat="36.10792" lon="-97.01551">
        <ele>269.2</ele>
      </trkpt>
      <trkpt lat="36.10711" lon="-97.01552">
        <ele>272.8</ele>
      </trkpt>
      <trkpt lat="36.10629" lon="-97.01553">
        <ele>275.4</ele>
      </trkpt>
      <trkpt lat="36.10547" lon="-97.01553">
        <ele>275.2</ele>
      </trkpt>
      <trkpt lat="36.10466" lon="-97.01554">
        <ele>273.4</ele>
      </trkpt>
      <trkpt lat="36.10401" lon="-97.01555">
        <ele>270.2</ele>
      </trkpt>
      <trkpt lat="36.10335" lon="-97.01556">
        <ele>267.7</ele>
      </trkpt>
      <trkpt lat="36.1027" lon="-97.01556">
        <ele>270.1</ele>
      </trkpt>
      <trkpt lat="36.10216" lon="-97.01557">
        <ele>270.8</ele>
      </trkpt>
      <trkpt lat="36.10161" lon="-97.01557">
        <ele>270.8</ele>
      </trkpt>
      <trkpt lat="36.10161" lon="-97.01634">
        <ele>273.7</ele>
      </trkpt>
      <trkpt lat="36.1016" lon="-97.01723">
        <ele>277.0</ele>
      </trkpt>
      <trkpt lat="36.10159" lon="-97.01812">
        <ele>277.8</ele>
      </trkpt>
      <trkpt lat="36.10158" lon="-97.01901">
        <ele>276.3</ele>
      </trkpt>
      <trkpt lat="36.10157" lon="-97.01991">
        <ele>274.6</ele>
      </trkpt>
      <trkpt lat="36.10157" lon="-97.01991">
        <ele>274.6</ele>
      </trkpt>
      <trkpt lat="36.10155" lon="-97.02082">
        <ele>276.1</ele>
      </trkpt>
      <trkpt lat="36.10154" lon="-97.02174">
        <ele>276.2</ele>
      </trkpt>
      <trkpt lat="36.10153" lon="-97.02265">
        <ele>275.3</ele>
      </trkpt>
      <trkpt lat="36.10152" lon="-97.02357">
        <ele>273.7</ele>
      </trkpt>
      <trkpt lat="36.10151" lon="-97.02448">
        <ele>271.9</ele>
      </trkpt>
      <trkpt lat="36.1015" lon="-97.02559">
        <ele>272.8</ele>
      </trkpt>
      <trkpt lat="36.10149" lon="-97.0267">
        <ele>272.6</ele>
      </trkpt>
      <trkpt lat="36.10148" lon="-97.02781">
        <ele>271.2</ele>
      </trkpt>
      <trkpt lat="36.10147" lon="-97.02891">
        <ele>268.6</ele>
      </trkpt>
      <trkpt lat="36.10146" lon="-97.03002">
        <ele>266.5</ele>
      </trkpt>
      <trkpt lat="36.10145" lon="-97.03113">
        <ele>264.5</ele>
      </trkpt>
      <trkpt lat="36.10144" lon="-97.03224">
        <ele>263.1</ele>
      </trkpt>
      <trkpt lat="36.10143" lon="-97.03288">
        <ele>262.3</ele>
      </trkpt>
      <trkpt lat="36.10142" lon="-97.03351">
        <ele>261.7</ele>
      </trkpt>
      <trkpt lat="36.10203" lon="-97.03351">
        <ele>263.3</ele>
      </trkpt>
      <trkpt lat="36.10263" lon="-97.03352">
        <ele>264.3</ele>
      </trkpt>
      <trkpt lat="36.10263" lon="-97.03352">
        <ele>264.3</ele>
      </trkpt>
      <trkpt lat="36.10311" lon="-97.03352">
        <ele>265.7</ele>
      </trkpt>
      <trkpt lat="36.10359" lon="-97.03352">
        <ele>266.0</ele>
      </trkpt>
      <trkpt lat="36.1036" lon="-97.03417">
        <ele>263.8</ele>
      </trkpt>
      <trkpt lat="36.10361" lon="-97.03483">
        <ele>262.7</ele>
      </trkpt>
      <trkpt lat="36.10362" lon="-97.03585">
        <ele>262.6</ele>
      </trkpt>
      <trkpt lat="36.10363" lon="-97.03687">
        <ele>262.6</ele>
      </trkpt>
      <trkpt lat="36.10363" lon="-97.03789">
        <ele>261.6</ele>
      </trkpt>
      <trkpt lat="36.10363" lon="-97.0388">
        <ele>260.3</ele>
      </trkpt>
      <trkpt lat="36.10363" lon="-97.0388">
        <ele>260.3</ele>
      </trkpt>
      <trkpt lat="36.10363" lon="-97.0394">
        <ele>259.9</ele>
      </trkpt>
      <trkpt lat="36.10363" lon="-97.04001">
        <ele>259.9</ele>
      </trkpt>
      <trkpt lat="36.10361" lon="-97.04042">
        <ele>259.7</ele>
      </trkpt>
      <trkpt lat="36.10361" lon="-97.04048">
        <ele>259.6</ele>
      </trkpt>
      <trkpt lat="36.10378" lon="-97.0407">
        <ele>259.6</ele>
      </trkpt>
      <trkpt lat="36.10412" lon="-97.04111">
        <ele>259.6</ele>
      </trkpt>
      <trkpt lat="36.10426" lon="-97.04121">
        <ele>259.6</ele>
      </trkpt>
      <trkpt lat="36.10439" lon="-97.04125">
        <ele>259.5</ele>
      </trkpt>
      <trkpt lat="36.10455" lon="-97.04122">
        <ele>259.5</ele>
      </trkpt>
      <trkpt lat="36.10475" lon="-97.04122">
        <ele>259.5</ele>
      </trkpt>
      <trkpt lat="36.10515" lon="-97.04122">
        <ele>259.9</ele>
      </trkpt>
      <trkpt lat="36.10528" lon="-97.04126">
        <ele>260.0</ele>
      </trkpt>
      <trkpt lat="36.10542" lon="-97.04135">
        <ele>260.4</ele>
      </trkpt>
      <trkpt lat="36.10554" lon="-97.04145">
        <ele>260.8</ele>
      </trkpt>
      <trkpt lat="36.10565" lon="-97.04158">
        <ele>261.3</ele>
      </trkpt>
      <trkpt lat="36.1058" lon="-97.04192">
        <ele>262.2</ele>
      </trkpt>
      <trkpt lat="36.10604" lon="-97.04219">
        <ele>262.1</ele>
      </trkpt>
      <trkpt lat="36.10617" lon="-97.04225">
        <ele>262.0</ele>
      </trkpt>
      <trkpt lat="36.10627" lon="-97.04227">
        <ele>262.2</ele>
      </trkpt>
      <trkpt lat="36.10703" lon="-97.04227">
        <ele>262.2</ele>
      </trkpt>
      <trkpt lat="36.10788" lon="-97.04226">
        <ele>262.1</ele>
      </trkpt>
      <trkpt lat="36.10874" lon="-97.04225">
        <ele>259.6</ele>
      </trkpt>
      <trkpt lat="36.10873" lon="-97.04301">
        <ele>260.8</ele>
      </trkpt>
      <trkpt lat="36.10873" lon="-97.04354">
        <ele>261.6</ele>
      </trkpt>
      <trkpt lat="36.10874" lon="-97.0444">
        <ele>263.1</ele>
      </trkpt>
      <trkpt lat="36.10874" lon="-97.04526">
        <ele>264.9</ele>
      </trkpt>
      <trkpt lat="36.10875" lon="-97.04612">
        <ele>266.1</ele>
      </trkpt>
      <trkpt lat="36.10875" lon="-97.04699">
        <ele>266.1</ele>
      </trkpt>
      <trkpt lat="36.10875" lon="-97.04699">
        <ele>266.1</ele>
      </trkpt>
      <trkpt lat="36.10876" lon="-97.04785">
        <ele>266.0</ele>
      </trkpt>
      <trkpt lat="36.10876" lon="-97.04871">
        <ele>265.9</ele>
      </trkpt>
      <trkpt lat="36.10877" lon="-97.04957">
        <ele>266.2</ele>
      </trkpt>
      <trkpt lat="36.10878" lon="-97.05047">
        <ele>266.8</ele>
      </trkpt>
      <trkpt lat="36.10877" lon="-97.05142">
        <ele>267.4</ele>
      </trkpt>
      <trkpt lat="36.10878" lon="-97.05153">
        <ele>267.4</ele>
      </trkpt>
      <trkpt lat="36.1088" lon="-97.05163">
        <ele>267.5</ele>
      </trkpt>
      <trkpt lat="36.10884" lon="-97.05171">
        <ele>267.5</ele>
      </trkpt>
      <trkpt lat="36.10893" lon="-97.05179">
        <ele>267.6</ele>
      </trkpt>
      <trkpt lat="36.10901" lon="-97.05183">
        <ele>267.6</ele>
      </trkpt>
      <trkpt lat="36.10907" lon="-97.05189">
        <ele>267.7</ele>
      </trkpt>
      <trkpt lat="36.10911" lon="-97.052">
        <ele>267.7</ele>
      </trkpt>
      <trkpt lat="36.10912" lon="-97.05212">
        <ele>267.8</ele>
      </trkpt>
      <trkpt lat="36.10911" lon="-97.05254">
        <ele>267.9</ele>
      </trkpt>
      <trkpt lat="36.1091" lon="-97.05359">
        <ele>268.1</ele>
      </trkpt>
      <trkpt lat="36.1091" lon="-97.05359">
        <ele>268.1</ele>
      </trkpt>
      <trkpt lat="36.10909" lon="-97.05457">
        <ele>268.1</ele>
      </trkpt>
      <trkpt lat="36.10908" lon="-97.05555">
        <ele>268.3</ele>
      </trkpt>
      <trkpt lat="36.10908" lon="-97.05653">
        <ele>268.8</ele>
      </trkpt>
      <trkpt lat="36.10908" lon="-97.05754">
        <ele>268.8</ele>
      </trkpt>
      <trkpt lat="36.10908" lon="-97.05754">
        <ele>268.8</ele>
      </trkpt>
      <trkpt lat="36.10906" lon="-97.05857">
        <ele>268.7</ele>
      </trkpt>
      <trkpt lat="36.10942" lon="-97.05857">
        <ele>269.1</ele>
      </trkpt>
      <trkpt lat="36.10942" lon="-97.05857">
        <ele>269.1</ele>
      </trkpt>
      <trkpt lat="36.11016" lon="-97.05859">
        <ele>270.7</ele>
      </trkpt>
      <trkpt lat="36.11065" lon="-97.05859">
        <ele>271.5</ele>
      </trkpt>
      <trkpt lat="36.11114" lon="-97.05859">
        <ele>271.8</ele>
      </trkpt>
      <trkpt lat="36.1112" lon="-97.05858">
        <ele>271.9</ele>
      </trkpt>
      <trkpt lat="36.11122" lon="-97.05853">
        <ele>271.9</ele>
      </trkpt>
      <trkpt lat="36.11127" lon="-97.05851">
        <ele>271.9</ele>
      </trkpt>
      <trkpt lat="36.11131" lon="-97.05853">
        <ele>272.0</ele>
      </trkpt>
      <trkpt lat="36.11134" lon="-97.05858">
        <ele>271.9</ele>
      </trkpt>
      <trkpt lat="36.11134" lon="-97.05861">
        <ele>271.9</ele>
      </trkpt>
      <trkpt lat="36.11131" lon="-97.05866">
        <ele>271.8</ele>
      </trkpt>
      <trkpt lat="36.11127" lon="-97.05869">
        <ele>271.8</ele>
      </trkpt>
      <trkpt lat="36.11127" lon="-97.05898">
        <ele>271.6</ele>
      </trkpt>
      <trkpt lat="36.11127" lon="-97.05898">
        <ele>271.6</ele>
      </trkpt>
      <trkpt lat="36.11126" lon="-97.05995">
        <ele>269.6</ele>
      </trkpt>
      <trkpt lat="36.11142" lon="-97.05995">
        <ele>269.7</ele>
      </trkpt>
      <trkpt lat="36.11142" lon="-97.05995">
        <ele>269.7</ele>
      </trkpt>
      <trkpt lat="36.11203" lon="-97.05995">
        <ele>270.2</ele>
      </trkpt>
      <trkpt lat="36.11264" lon="-97.05995">
        <ele>270.6</ele>
      </trkpt>
      <trkpt lat="36.11325" lon="-97.05995">
        <ele>270.9</ele>
      </trkpt>
      <trkpt lat="36.11389" lon="-97.05996">
        <ele>271.4</ele>
      </trkpt>
      <trkpt lat="36.11452" lon="-97.05997">
        <ele>273.9</ele>
      </trkpt>
    </trkseg>
  </trk>
</gpx>
